patient_id,zone,state,district,age,gender,waist_cm,height_cm,weight_kg,diabetes_self_declared,diabetes_father,diabetes_mother,moderate_activity,vigorous_activity,daily_physical,hba1c
0,W,Rajasthan,Ajmer,35,Female,70,157,47,Normal,0,0,0,0,3,4.9
1,E,Orissa,Balasore,38,Female,81,145,65,Normal,1,0,0,3,1,5.3
4,W,Rajasthan,Ajmer,42,Female,102,159,68,Normal,1,1,0,0,2,5
7,E,Orissa,Balasore,37,Female,76,142,44,Normal,1,0,2,3,2,5.4
8,E,Orissa,Balasore,47,Male,87,160,60,Normal,1,0,2,3,3,12.6
10,S,Karnataka,Bangalore,59,Female,83,158,57,Normal,0,0,0,0,4,6.3
13,E,Orissa,Balasore,30,Female,72,151,84,Normal,1,0,0,3,1,6.2
14,E,Orissa,Balasore,37,Female,81,151,60,Normal,1,0,0,3,3,4.9
15,E,Orissa,Balasore,32,Female,72,140,65,Normal,1,0,0,3,1,5.7
17,E,Orissa,Balasore,43,Male,81,140,65,Normal,0,1,2,3,3,8.9
19,E,Orissa,Balasore,46,Male,82,162,65,Normal,0,1,1,1,2,4.7
25,E,Orissa,Balasore,24,Male,92,158,58,Normal,1,0,2,1,1,4.6
26,E,Orissa,Balasore,25,Female,87,146,69,Normal,1,0,0,3,1,6.3
29,E,Orissa,Balasore,27,Female,76,148,63,Normal,1,0,2,3,3,4.9
30,E,Orissa,Balasore,35,Female,87,149,45,Normal,1,0,2,3,3,4.7
35,W,Maharashtra,Ahmednagar,46,Female,82,149,57,Normal,0,0,0,0,2,5.6
37,NW,Jammu And Kashmir,Anantnag,52,Female,86,148,52,Normal,0,0,1,0,4,6.7
38,S,Tamil Nadu,Madurai,68,Male,92,154,54,Normal,0,0,3,1,1,6.2
41,W,Maharashtra,Ahmednagar,82,Female,86,145,41,Normal,0,0,0,0,1,5.4
43,NW,Jammu And Kashmir,Anantnag,44,Female,90,165,54,Normal,0,0,0,0,1,5.3
44,W,Maharashtra,Ahmednagar,56,Female,103,157,60,Normal,0,0,0,0,3,10.3
47,E,Orissa,Balasore,40,Female,87,145,50,Normal,1,0,2,3,1,4.7
48,W,Maharashtra,Ahmednagar,45,Female,91,140,44,Normal,0,0,4,1,3,5.2
49,S,Karnataka,Bangalore,40,Male,100,179,83,Normal,0,0,6,0,4,4.2
51,E,Orissa,Balasore,37,Male,87,152,62,Normal,1,0,3,3,3,5.1
52,S,Karnataka,Bangalore,54,Female,111,152,84,Normal,0,1,6,0,4,5.9
55,E,Orissa,Balasore,37,Female,87,146,56,Normal,1,0,1,1,1,5.8
56,NW,Jammu And Kashmir,Anantnag,30,Male,90,167,66,Normal,0,0,0,0,3,5.3
58,E,Orissa,Balasore,45,Female,87,153,55,Normal,1,0,2,3,1,6.2
61,S,Tamil Nadu,Madurai,70,Female,81,146,49,Normal,0,0,0,0,4,5.8
62,S,Karnataka,Bangalore,40,Female,98,161,72,Normal,0,0,0,0,2,5.8
64,E,Orissa,Balasore,45,Male,87,162,63,Normal,1,0,3,3,3,6
65,S,Karnataka,Bangalore,44,Female,87,157,64,Normal,0,1,1,1,2,5.5
69,S,Tamil Nadu,Madurai,39,Female,97,151,74,Normal,0,0,0,0,1,5.5
73,E,Orissa,Balasore,55,Male,82,163,72,Normal,0,1,3,2,2,5
75,E,Orissa,Balasore,54,Male,91,161,61,Normal,1,0,2,3,3,5.5
79,E,Orissa,Balasore,42,Female,81,160,65,Normal,1,0,3,2,2,7.8
80,E,Orissa,Balasore,45,Female,87,146,50,Normal,1,0,1,2,3,6.4
81,E,Orissa,Balasore,53,Female,91,160,65,Normal,0,1,3,2,3,8
82,E,Orissa,Balasore,27,Female,83,155,62,Normal,1,0,0,3,1,4.7
83,S,Tamil Nadu,Madurai,66,Male,98,165,73,Normal,0,0,1,0,2,6.5
85,S,Tamil Nadu,Madurai,50,Male,88,169,63,Normal,1,0,1,1,1,5.7
86,E,Orissa,Balasore,43,Female,87,146,62,Normal,1,0,2,3,3,5.6
87,W,Rajasthan,Ajmer,58,Female,106,162,74,Normal,0,0,0,0,2,7.9
89,S,Andhra Pradesh,Anantapur,44,Male,70,156,70,Normal,0,0,2,1,1,5.1
90,W,Maharashtra,Ahmednagar,62,Male,85,168,69,Normal,0,0,1,1,1,6.8
92,S,Andhra Pradesh,Anantapur,33,Female,91,170,60,Normal,0,0,1,1,1,4.9
96,S,Andhra Pradesh,Anantapur,75,Male,81,158,69,Normal,0,0,0,0,1,6.6
101,S,Andhra Pradesh,Anantapur,26,Male,90,150,70,Normal,1,0,1,1,1,4.6
102,S,Andhra Pradesh,Anantapur,34,Female,85,160,75,Normal,0,1,2,2,2,4.7
104,S,Andhra Pradesh,Anantapur,44,Male,80,163,83,Normal,0,0,0,0,1,11.2
106,S,Andhra Pradesh,Anantapur,56,Female,85,157,75,Normal,0,1,2,2,2,5.2
107,S,Andhra Pradesh,Anantapur,30,Male,80,149,60,Normal,0,0,0,0,1,5.3
108,S,Karnataka,Bangalore,48,Female,109,140,66,Normal,0,0,6,0,2,6.8
110,S,Karnataka,Bangalore,45,Female,85,150,77,Normal,1,0,0,0,3,6.1
112,S,Andhra Pradesh,Anantapur,28,Male,85,164,63,Normal,0,0,0,0,1,4.9
118,S,Andhra Pradesh,Anantapur,40,Male,75,159,70,Normal,1,0,3,3,2,9.8
119,W,Rajasthan,Ajmer,55,Female,108,161,70,Normal,0,1,0,0,4,5.1
120,W,Maharashtra,Ahmednagar,65,Male,99,160,60,Normal,0,0,6,2,2,5.3
128,S,Andhra Pradesh,Anantapur,55,Female,80,159,65,Normal,0,0,3,3,1,14
129,S,Andhra Pradesh,Anantapur,65,Female,80,150,65,Normal,0,0,3,3,1,4.6
130,S,Andhra Pradesh,Anantapur,52,Male,85,165,75,Normal,0,1,2,2,2,5.6
131,S,Andhra Pradesh,Anantapur,70,Male,80,166,80,Normal,0,0,1,1,3,9.6
132,S,Karnataka,Bangalore,29,Female,80,168,80,Normal,1,1,1,1,2,5.5
133,S,Andhra Pradesh,Anantapur,35,Female,85,162,75,Normal,0,1,2,2,3,4.9
136,S,Andhra Pradesh,Anantapur,44,Male,85,158,69,Normal,0,0,0,0,1,6.4
137,S,Andhra Pradesh,Anantapur,48,Female,85,152,66,Normal,0,0,0,0,1,4.8
140,W,Rajasthan,Ajmer,55,Male,88,159,52,Normal,0,0,0,0,3,4.7
143,S,Andhra Pradesh,Anantapur,47,Female,85,158,75,Normal,0,1,2,2,2,13.4
144,S,Andhra Pradesh,Anantapur,27,Female,89,165,70,Normal,0,0,0,0,1,5
145,S,Andhra Pradesh,Anantapur,44,Male,80,171,80,Normal,1,1,1,1,3,5.7
146,S,Tamil Nadu,Madurai,38,Female,92,155,73,Normal,0,0,0,0,1,5.6
147,S,Andhra Pradesh,Anantapur,48,Male,89,168,70,Normal,0,0,0,0,1,6.6
148,S,Andhra Pradesh,Anantapur,30,Female,80,160,65,Normal,0,0,3,3,1,4.1
149,S,Andhra Pradesh,Anantapur,38,Female,70,165,70,Normal,1,0,1,1,1,6.3
150,S,Andhra Pradesh,Anantapur,55,Female,80,157,65,Normal,0,1,3,3,1,5.2
152,S,Andhra Pradesh,Anantapur,60,Male,88,147,62,Normal,0,0,2,2,2,5.2
153,S,Andhra Pradesh,Anantapur,42,Male,81,150,62,Normal,0,0,0,0,2,4.7
154,S,Andhra Pradesh,Anantapur,65,Female,95,147,52,Normal,0,0,2,2,1,4.8
157,S,Andhra Pradesh,Anantapur,60,Female,65,150,43,Normal,0,0,1,2,2,6.9
161,S,Andhra Pradesh,Anantapur,40,Male,83,157,76,Normal,0,0,0,0,1,6.3
162,S,Andhra Pradesh,Anantapur,48,Female,89,168,70,Normal,1,1,0,0,1,5.5
164,S,Andhra Pradesh,Anantapur,64,Female,89,165,70,Normal,1,1,0,0,1,6.7
166,S,Andhra Pradesh,Anantapur,52,Male,85,154,72,Normal,0,0,6,5,1,8.4
169,W,Maharashtra,Ahmednagar,68,Male,93,165,68,Normal,0,0,6,0,2,5.9
174,S,Tamil Nadu,Madurai,52,Female,94,146,57,Normal,0,0,1,0,2,5.7
175,W,Maharashtra,Ahmednagar,40,Female,86,158,55,Normal,1,0,0,4,3,6
176,S,Karnataka,Bangalore,44,Male,93,172,74,Normal,0,1,6,0,1,5.4
178,W,Maharashtra,Ahmednagar,64,Female,100,158,67,Normal,0,0,0,0,1,11.1
179,S,Karnataka,Bangalore,55,Female,81,182,52,Normal,0,0,6,0,4,9.8
182,W,Maharashtra,Ahmednagar,65,Male,94,148,51,Normal,0,0,3,0,3,5.4
183,S,Karnataka,Bangalore,46,Female,89,159,70,Normal,0,0,0,0,2,5.5
186,W,Rajasthan,Ajmer,47,Male,97,168,68,Normal,1,0,0,0,2,7
189,W,Rajasthan,Ajmer,60,Male,81,164,65,Normal,0,0,0,0,1,4.7
190,S,Tamil Nadu,Madurai,40,Male,92,166,70,Normal,0,0,3,5,2,6.2
191,S,Tamil Nadu,Madurai,65,Male,91,166,61,Normal,0,0,1,2,1,5.8
192,NW,Jammu And Kashmir,Anantnag,32,Female,93,155,67,Normal,0,0,0,0,1,5.2
198,W,Maharashtra,Ahmednagar,32,Male,112,155,79,Normal,0,0,3,6,3,5.2
202,W,Maharashtra,Ahmednagar,64,Female,92,168,68,Normal,0,0,1,1,2,6.1
204,W,Maharashtra,Ahmednagar,28,Female,94,166,79,Normal,0,0,1,0,1,5.9
208,W,Maharashtra,Ahmednagar,60,Female,102,176,70,Normal,0,0,6,6,2,8.5
210,S,Karnataka,Bangalore,38,Female,84,166,66,Normal,0,0,1,1,5,5.3
212,S,Andhra Pradesh,Anantapur,49,Male,89,160,70,Normal,0,0,1,1,1,10.6
213,S,Andhra Pradesh,Anantapur,40,Male,89,170,60,Normal,0,0,1,1,2,6.3
214,S,Andhra Pradesh,Anantapur,67,Male,82,150,60,Normal,0,0,0,0,1,10.2
215,S,Karnataka,Bangalore,48,Male,83,159,58,Normal,0,0,6,6,4,7.9
216,S,Andhra Pradesh,Anantapur,45,Female,80,159,60,Normal,0,0,3,2,2,5.3
217,S,Andhra Pradesh,Anantapur,50,Male,85,161,75,Normal,0,1,2,2,2,5.3
218,S,Andhra Pradesh,Anantapur,42,Male,90,160,70,Normal,0,0,0,1,2,5.1
219,S,Andhra Pradesh,Anantapur,32,Male,80,150,60,Normal,0,0,0,0,1,5.9
220,S,Andhra Pradesh,Anantapur,50,Female,88,162,62,Normal,0,0,5,3,3,5.1
222,E,Orissa,Balasore,38,Female,82,160,55,Normal,1,0,2,1,1,6.4
225,E,Orissa,Balasore,50,Female,76,157,52,Normal,1,0,2,1,1,6
226,E,Orissa,Balasore,30,Female,89,158,55,Normal,1,0,2,1,1,5.2
227,E,Orissa,Balasore,35,Female,78,135,50,Normal,1,0,2,1,1,6
228,E,Orissa,Balasore,48,Male,83,150,56,Normal,1,0,2,1,1,5.1
232,E,Orissa,Balasore,30,Female,72,158,58,Normal,1,0,2,1,1,4.8
233,S,Karnataka,Bangalore,60,Male,96,165,72,Normal,0,0,0,0,4,6.2
236,E,Orissa,Balasore,44,Female,82,152,72,Normal,1,0,2,1,1,5.3
237,E,Orissa,Balasore,35,Female,91,154,56,Normal,1,0,2,1,1,5
238,E,Orissa,Balasore,62,Female,72,150,55,Normal,1,0,2,1,1,5.3
241,E,Orissa,Balasore,29,Male,81,150,55,Normal,1,0,2,1,1,5.2
242,E,Orissa,Balasore,55,Female,93,145,53,Normal,1,0,2,1,1,5.8
245,E,Orissa,Balasore,46,Male,86,150,55,Normal,1,0,2,1,1,5.7
246,E,Orissa,Balasore,40,Male,81,150,55,Normal,1,0,2,1,1,5.6
247,E,Orissa,Balasore,60,Male,82,164,45,Normal,1,0,2,1,1,9.3
248,E,Orissa,Balasore,60,Female,81,162,65,Normal,1,0,2,1,1,5.1
249,E,Orissa,Balasore,47,Male,68,166,50,Normal,1,0,2,1,1,7.7
250,E,Orissa,Balasore,59,Male,78,135,50,Normal,1,0,2,1,1,6.7
251,E,Orissa,Balasore,35,Female,87,145,60,Normal,1,0,2,1,1,5.3
252,E,Orissa,Balasore,33,Male,92,157,55,Normal,1,0,2,1,1,5.3
254,E,Orissa,Balasore,40,Female,87,153,50,Normal,1,0,2,1,1,5.1
255,E,Orissa,Balasore,31,Female,83,158,62,Normal,1,0,2,1,1,6.4
258,E,Orissa,Balasore,35,Male,77,135,52,Normal,1,0,2,1,1,5.7
260,E,Orissa,Balasore,53,Female,78,148,49,Normal,1,0,2,1,1,5.4
262,E,Orissa,Balasore,27,Female,78,155,53,Normal,0,0,2,1,1,4.8
263,E,Orissa,Balasore,42,Male,93,156,53,Normal,1,0,2,1,1,5.9
265,E,Orissa,Balasore,60,Male,92,164,55,Normal,1,0,2,1,1,5.6
274,E,Orissa,Balasore,53,Female,84,135,45,Normal,1,0,1,2,1,6
275,S,Karnataka,Bangalore,54,Male,73,165,53,Normal,0,0,6,6,3,6
286,S,Tamil Nadu,Madurai,36,Female,93,155,62,Normal,0,0,3,1,2,5.4
288,S,Tamil Nadu,Madurai,39,Female,89,145,62,Normal,0,0,2,3,2,6
289,S,Karnataka,Bangalore,65,Male,91,167,67,Normal,1,0,1,1,1,6.5
299,E,Orissa,Balasore,39,Male,91,160,80,Normal,0,0,1,1,1,4.7
300,S,Karnataka,Bangalore,52,Female,91,155,69,Normal,0,0,6,6,2,5.6
303,E,Orissa,Balasore,69,Female,81,154,44,Normal,1,0,2,1,1,5.1
304,E,Orissa,Balasore,30,Male,95,150,54,Normal,1,0,2,1,1,5
305,E,Orissa,Balasore,38,Female,82,160,60,Normal,1,0,2,1,1,5.2
306,E,Orissa,Balasore,21,Male,80,154,48,Normal,1,0,2,1,1,5.5
309,S,Karnataka,Bangalore,54,Male,101,174,77,Normal,0,0,6,0,4,9.6
310,E,Orissa,Balasore,25,Female,92,163,55,Normal,1,0,2,1,1,4.6
311,E,Orissa,Balasore,65,Male,81,160,66,Normal,1,0,2,1,1,6.7
312,E,Orissa,Balasore,33,Male,72,156,55,Normal,1,0,2,1,1,5.8
315,E,Orissa,Balasore,47,Male,92,155,55,Normal,1,0,2,1,1,6.2
317,W,Rajasthan,Ajmer,41,Male,94,168,74,Normal,0,0,0,0,1,5.5
319,E,Orissa,Balasore,38,Male,87,162,56,Normal,1,0,1,1,1,10.9
325,E,Orissa,Balasore,29,Male,83,135,50,Normal,1,0,2,1,1,4.9
326,E,Orissa,Balasore,22,Male,70,135,45,Normal,1,0,2,1,1,5.2
329,S,Karnataka,Bangalore,57,Female,102,153,77,Normal,0,1,6,1,1,7.1
330,E,Orissa,Balasore,55,Female,82,150,65,Normal,1,0,2,1,1,9.2
332,E,Orissa,Balasore,45,Female,87,148,56,Normal,1,1,0,1,1,5.6
333,E,Orissa,Balasore,36,Female,84,157,58,Normal,1,0,2,2,1,5.5
334,E,Orissa,Balasore,49,Male,84,159,62,Normal,1,0,2,1,1,7
335,E,Orissa,Balasore,61,Male,94,152,55,Normal,1,0,2,1,1,5
338,E,Orissa,Balasore,30,Female,78,157,58,Normal,1,0,2,1,1,5.3
341,S,Karnataka,Bangalore,40,Female,79,145,55,Normal,0,0,0,0,3,5.3
346,W,Rajasthan,Ajmer,39,Male,88,172,88,Normal,0,0,0,0,4,4.6
348,S,Karnataka,Bangalore,49,Female,99,149,58,Normal,0,0,1,1,3,5.7
349,S,Karnataka,Bangalore,60,Female,100,160,69,Normal,0,0,5,6,6,5.9
351,E,Orissa,Balasore,65,Female,86,156,67,Normal,1,0,2,1,1,9
353,E,Orissa,Balasore,62,Male,82,156,82,Normal,1,0,2,1,1,6
357,S,Tamil Nadu,Madurai,48,Female,79,153,52,Normal,1,0,5,5,2,5.5
358,E,Orissa,Balasore,49,Male,87,147,69,Normal,1,0,2,3,4,5.8
360,E,Orissa,Balasore,40,Male,82,160,58,Normal,1,0,2,1,1,5.7
362,E,Orissa,Balasore,35,Female,87,145,45,Normal,1,0,2,3,4,5.8
364,E,Orissa,Balasore,44,Male,82,152,62,Normal,1,1,2,1,2,7.7
365,E,Orissa,Balasore,47,Male,81,159,49,Normal,1,0,2,1,1,5
366,W,Rajasthan,Ajmer,56,Female,85,161,54,Normal,0,0,0,0,3,5.7
370,E,Orissa,Balasore,60,Male,82,160,60,Normal,0,1,3,3,3,5.4
375,S,Karnataka,Bangalore,58,Female,96,157,69,Normal,0,0,6,0,3,5.2
377,S,Karnataka,Bangalore,48,Female,89,149,60,Normal,0,0,0,0,3,5.6
378,E,Orissa,Balasore,26,Female,91,158,59,Normal,1,0,2,1,1,5
379,W,Rajasthan,Ajmer,58,Female,82,153,61,Normal,0,0,1,1,1,4.7
380,S,Karnataka,Bangalore,66,Male,93,163,64,Normal,0,0,1,1,2,5.3
381,E,Orissa,Balasore,51,Female,87,160,55,Normal,1,0,1,1,1,5.9
383,E,Orissa,Balasore,27,Female,78,158,52,Normal,1,0,2,1,1,4.9
384,S,Karnataka,Bangalore,32,Male,86,162,64,Normal,0,0,6,6,6,6.4
387,E,Orissa,Balasore,60,Male,72,152,50,Normal,1,0,2,1,1,6.2
390,E,Orissa,Balasore,57,Male,81,160,70,Normal,1,0,2,3,3,8.1
391,E,Orissa,Balasore,36,Male,80,155,50,Normal,1,0,2,1,1,4.8
392,E,Orissa,Balasore,30,Male,87,146,55,Normal,0,1,3,1,2,4.9
393,E,Orissa,Balasore,52,Male,82,162,79,Normal,1,0,1,3,2,6.2
394,S,Tamil Nadu,Madurai,38,Female,92,154,67,Normal,1,0,5,5,2,6.2
397,S,Karnataka,Bangalore,32,Male,71,170,53,Normal,0,0,5,5,5,9.7
398,S,Karnataka,Bangalore,50,Female,99,150,73,Normal,0,1,6,0,4,6.1
400,S,Karnataka,Bangalore,55,Female,99,161,63,Normal,1,1,0,0,2,5.3
401,W,Rajasthan,Ajmer,50,Female,61,159,61,Normal,0,0,0,0,4,5.1
403,S,Tamil Nadu,Madurai,43,Female,94,155,60,Normal,0,0,6,5,2,5.4
404,E,Orissa,Balasore,30,Female,81,141,65,Normal,1,0,0,3,2,4.7
406,S,Andhra Pradesh,Anantapur,61,Female,85,158,75,Normal,0,1,2,2,2,6.5
407,S,Andhra Pradesh,Anantapur,61,Female,85,168,75,Normal,0,1,2,2,2,5.5
409,S,Andhra Pradesh,Anantapur,55,Female,84,157,65,Normal,0,0,2,2,3,6.1
410,W,Rajasthan,Ajmer,50,Female,99,150,67,Normal,1,1,0,0,3,5.3
413,S,Andhra Pradesh,Anantapur,64,Male,84,157,65,Normal,0,0,2,2,3,7.2
414,S,Andhra Pradesh,Anantapur,45,Male,84,157,65,Normal,0,0,2,2,3,4.9
422,S,Andhra Pradesh,Anantapur,65,Male,84,157,65,Normal,0,0,2,2,3,4.9
426,S,Andhra Pradesh,Anantapur,45,Male,80,155,50,Normal,0,0,0,0,1,12
427,S,Andhra Pradesh,Anantapur,50,Male,91,165,70,Normal,0,0,4,4,1,6.5
431,S,Andhra Pradesh,Anantapur,62,Male,89,155,70,Normal,0,0,1,1,1,7.4
433,S,Andhra Pradesh,Anantapur,68,Male,89,155,70,Normal,0,0,2,3,1,8
434,S,Andhra Pradesh,Anantapur,46,Female,72,155,80,Normal,0,0,1,1,1,5.4
437,S,Andhra Pradesh,Anantapur,50,Female,84,157,65,Normal,0,0,2,2,3,7.4
438,S,Andhra Pradesh,Anantapur,66,Male,80,151,65,Normal,0,0,2,2,1,5.4
439,S,Andhra Pradesh,Anantapur,65,Female,88,150,56,Normal,0,1,1,1,3,9.4
442,S,Andhra Pradesh,Anantapur,55,Female,112,141,79,Normal,1,0,4,1,3,9.4
443,S,Andhra Pradesh,Anantapur,32,Female,85,160,75,Normal,0,0,2,2,2,4.4
445,S,Andhra Pradesh,Anantapur,38,Male,80,162,79,Normal,0,0,0,0,1,14.1
446,S,Andhra Pradesh,Anantapur,45,Male,81,163,79,Normal,0,0,0,0,1,5.9
447,S,Andhra Pradesh,Anantapur,65,Male,80,164,80,Normal,0,0,0,0,1,10.7
448,S,Andhra Pradesh,Anantapur,37,Male,81,166,81,Normal,0,0,0,0,1,4.9
450,S,Andhra Pradesh,Anantapur,65,Male,85,159,59,Normal,0,0,3,3,2,5.4
452,S,Andhra Pradesh,Anantapur,57,Male,85,159,59,Normal,0,0,3,3,2,6
453,S,Andhra Pradesh,Anantapur,44,Female,80,172,65,Normal,0,0,3,3,1,6.5
454,S,Andhra Pradesh,Anantapur,55,Female,80,160,65,Normal,0,1,3,3,1,9
455,W,Rajasthan,Ajmer,65,Female,86,160,50,Normal,0,0,6,0,4,5.8
457,W,Rajasthan,Ajmer,50,Male,98,154,63,Normal,0,0,6,4,1,5.1
459,S,Andhra Pradesh,Anantapur,34,Female,80,172,65,Normal,0,1,3,3,1,7.1
463,S,Andhra Pradesh,Anantapur,40,Male,80,166,80,Normal,0,0,0,0,1,5.2
466,S,Andhra Pradesh,Anantapur,50,Female,85,140,65,Normal,0,1,3,1,2,7.1
469,S,Andhra Pradesh,Anantapur,55,Female,89,152,60,Normal,0,0,1,1,1,10.5
471,NE,Assam,Jorhat,42,Female,79,146,55,Normal,0,0,3,6,1,6.1
475,S,Andhra Pradesh,Anantapur,41,Male,90,153,67,Normal,0,0,0,0,1,5.7
479,W,Rajasthan,Ajmer,53,Female,118,167,79,Normal,0,0,0,0,2,6.3
482,S,Andhra Pradesh,Anantapur,41,Female,85,160,65,Normal,0,0,3,2,2,4.9
483,S,Andhra Pradesh,Anantapur,70,Female,85,160,65,Normal,0,1,3,2,1,7.4
484,S,Andhra Pradesh,Anantapur,29,Female,89,155,70,Normal,0,0,2,3,1,4.7
491,S,Andhra Pradesh,Anantapur,60,Female,96,150,54,Normal,0,1,5,2,3,6.8
495,W,Rajasthan,Ajmer,42,Female,103,162,70,Normal,1,0,0,0,6,5.4
496,W,Rajasthan,Ajmer,44,Female,91,156,62,Normal,0,0,0,0,3,5.5
498,S,Andhra Pradesh,Anantapur,48,Female,80,160,70,Normal,0,0,3,3,1,5.8
515,S,Andhra Pradesh,Anantapur,62,Male,85,160,60,Normal,0,0,3,3,2,5.2
519,S,Andhra Pradesh,Anantapur,55,Female,85,160,70,Normal,0,0,1,1,2,4.9
520,W,Rajasthan,Ajmer,70,Male,110,169,79,Normal,0,0,0,0,3,4.9
525,N,Punjab,Ajitgarh,31,Male,93,168,67,Normal,0,0,0,0,1,7.4
526,S,Andhra Pradesh,Anantapur,60,Female,89,155,70,Normal,0,0,1,1,1,4.9
531,S,Karnataka,Bangalore,25,Male,77,173,61,Normal,0,0,4,3,1,5.1
532,S,Karnataka,Bangalore,41,Male,97,171,70,Normal,1,0,1,1,3,6.6
534,NE,Assam,Jorhat,48,Male,80,158,57,Normal,0,0,5,2,2,8.5
535,W,Rajasthan,Ajmer,32,Male,115,162,85,Normal,0,0,6,6,6,5
541,W,Rajasthan,Ajmer,42,Female,93,162,74,Normal,0,0,0,0,1,5.2
542,W,Rajasthan,Ajmer,56,Female,107,155,74,Normal,0,0,0,0,4,5.9
543,W,Rajasthan,Ajmer,40,Female,74,153,52,Normal,0,0,0,0,5,5.9
550,NE,Assam,Jorhat,38,Female,93,168,70,Normal,0,0,5,2,2,5.3
551,W,Rajasthan,Ajmer,32,Female,99,155,77,Normal,0,0,0,0,3,5.1
553,W,Rajasthan,Ajmer,38,Female,100,163,79,Normal,0,0,0,0,4,5.5
555,W,Rajasthan,Ajmer,59,Male,80,164,55,Normal,0,0,0,0,4,4.7
558,W,Rajasthan,Ajmer,51,Female,110,168,72,Normal,0,0,0,0,3,5.4
566,W,Rajasthan,Ajmer,41,Male,101,170,75,Normal,0,1,0,0,3,5.7
569,S,Andhra Pradesh,Anantapur,39,Female,82,149,71,Normal,1,0,0,0,1,5.1
570,S,Andhra Pradesh,Anantapur,40,Male,80,160,78,Normal,0,0,0,0,1,7.4
574,S,Andhra Pradesh,Anantapur,47,Female,84,153,65,Normal,0,0,2,3,2,5.4
575,S,Andhra Pradesh,Anantapur,53,Male,84,157,65,Normal,0,0,2,2,3,4.9
579,S,Andhra Pradesh,Anantapur,55,Female,80,160,65,Normal,0,0,3,2,2,7.8
580,S,Andhra Pradesh,Anantapur,52,Male,87,156,70,Normal,0,0,0,0,1,6.7
584,S,Andhra Pradesh,Anantapur,60,Male,90,157,70,Normal,1,0,1,0,1,7.6
588,S,Andhra Pradesh,Anantapur,40,Female,85,157,75,Normal,0,0,2,2,2,5.7
589,S,Andhra Pradesh,Anantapur,60,Male,83,155,60,Normal,0,0,2,3,2,5.4
593,W,Rajasthan,Ajmer,62,Male,89,173,78,Normal,0,0,0,0,1,7.3
600,S,Andhra Pradesh,Anantapur,65,Male,85,159,60,Normal,0,0,2,1,1,5.5
602,S,Andhra Pradesh,Anantapur,45,Male,88,165,62,Normal,0,0,1,1,1,9.9
604,S,Andhra Pradesh,Anantapur,42,Female,88,165,62,Normal,0,0,1,1,1,9.1
606,W,Rajasthan,Ajmer,67,Female,114,157,79,Normal,0,0,1,0,1,5
609,W,Rajasthan,Ajmer,70,Male,87,162,46,Normal,0,0,0,0,1,5.1
616,S,Andhra Pradesh,Anantapur,55,Female,83,148,62,Normal,0,0,2,2,2,6.7
621,S,Andhra Pradesh,Anantapur,41,Male,82,155,67,Normal,0,0,0,0,2,6.4
624,W,Maharashtra,Ahmednagar,47,Male,87,161,64,Normal,0,0,2,1,4,5.7
626,W,Maharashtra,Ahmednagar,43,Male,93,159,62,Normal,0,0,2,2,4,6
627,S,Karnataka,Bangalore,46,Female,102,146,86,Normal,0,0,2,3,1,5.9
628,W,Maharashtra,Ahmednagar,38,Male,102,174,87,Normal,0,0,4,3,4,5.8
630,S,Andhra Pradesh,Anantapur,60,Male,82,152,52,Normal,0,0,1,3,3,4.5
631,S,Andhra Pradesh,Anantapur,68,Female,83,159,65,Normal,0,0,1,3,2,5.2
633,S,Andhra Pradesh,Anantapur,73,Male,89,180,70,Normal,0,0,1,0,1,7.3
634,S,Karnataka,Bangalore,58,Male,87,165,60,Normal,0,0,6,0,3,11.2
636,W,Maharashtra,Ahmednagar,42,Male,89,161,60,Normal,0,0,2,1,4,5.1
638,S,Andhra Pradesh,Anantapur,49,Female,90,156,75,Normal,0,0,0,0,1,5.4
639,S,Andhra Pradesh,Anantapur,20,Female,83,155,75,Normal,0,0,2,3,4,8
640,W,Maharashtra,Ahmednagar,43,Male,89,165,70,Normal,0,0,2,1,4,5.4
642,W,Rajasthan,Ajmer,47,Female,110,161,90,Normal,0,0,2,1,6,5.7
643,S,Andhra Pradesh,Anantapur,29,Female,85,165,80,Normal,0,0,0,2,2,5
645,W,Maharashtra,Ahmednagar,36,Female,89,160,58,Normal,1,0,1,0,4,5.4
649,S,Andhra Pradesh,Anantapur,45,Male,86,160,65,Normal,0,0,5,1,3,4.4
650,S,Andhra Pradesh,Anantapur,50,Female,85,156,75,Normal,1,1,2,2,2,11.7
651,S,Andhra Pradesh,Anantapur,34,Female,85,156,75,Normal,0,1,2,2,2,5.6
652,S,Andhra Pradesh,Anantapur,40,Male,95,157,77,Normal,0,0,0,5,3,4.8
654,S,Andhra Pradesh,Anantapur,42,Female,88,152,61,Normal,0,0,1,1,1,4.9
655,S,Karnataka,Bangalore,34,Female,85,152,65,Normal,0,0,6,0,1,6.1
656,S,Andhra Pradesh,Anantapur,46,Male,83,155,75,Normal,1,1,0,1,1,7.3
659,S,Andhra Pradesh,Anantapur,45,Male,85,160,70,Normal,0,0,0,1,2,10.9
661,S,Andhra Pradesh,Anantapur,48,Male,80,157,50,Normal,0,0,0,0,1,5
663,S,Andhra Pradesh,Anantapur,70,Female,82,155,65,Normal,0,0,1,3,2,5.7
666,S,Andhra Pradesh,Anantapur,36,Female,86,156,66,Normal,0,0,0,0,1,4.9
667,S,Andhra Pradesh,Anantapur,45,Male,85,160,75,Normal,0,1,2,2,2,5.4
670,S,Andhra Pradesh,Anantapur,45,Female,85,160,75,Normal,0,0,2,2,2,5.1
675,S,Andhra Pradesh,Anantapur,55,Female,87,142,68,Normal,0,0,2,2,2,7.8
677,S,Andhra Pradesh,Anantapur,63,Female,85,171,85,Normal,0,0,0,2,2,5.9
678,S,Andhra Pradesh,Anantapur,50,Female,83,150,60,Normal,0,0,2,2,2,5.2
679,S,Andhra Pradesh,Anantapur,52,Female,89,156,50,Normal,0,0,1,1,1,7.6
681,S,Karnataka,Bangalore,37,Female,94,143,60,Normal,0,0,0,0,3,5.7
682,S,Karnataka,Bangalore,48,Female,89,163,68,Normal,0,1,6,1,1,5.3
683,S,Andhra Pradesh,Anantapur,55,Male,80,160,70,Normal,0,0,2,2,2,5.5
686,S,Andhra Pradesh,Anantapur,70,Male,85,171,75,Normal,0,0,0,2,2,6.7
688,S,Andhra Pradesh,Anantapur,68,Male,89,157,82,Normal,0,0,0,0,3,5
689,S,Karnataka,Bangalore,38,Male,97,167,78,Normal,0,0,6,0,3,5.6
694,S,Andhra Pradesh,Anantapur,54,Female,90,157,70,Normal,0,1,1,0,1,5.4
698,S,Karnataka,Bangalore,57,Female,100,160,76,Normal,0,0,1,1,1,6.6
701,S,Andhra Pradesh,Anantapur,58,Male,85,163,75,Normal,0,1,2,2,2,5.8
703,S,Andhra Pradesh,Anantapur,60,Female,85,165,75,Normal,0,1,2,2,2,9.8
705,S,Andhra Pradesh,Anantapur,53,Male,88,163,75,Normal,0,1,2,2,2,5.7
706,S,Andhra Pradesh,Anantapur,60,Male,85,158,73,Normal,0,1,2,2,2,5.5
710,W,Maharashtra,Ahmednagar,66,Male,94,165,58,Normal,0,0,2,2,1,6.6
712,S,Andhra Pradesh,Anantapur,60,Male,82,155,55,Normal,1,1,1,3,1,5.8
721,W,Maharashtra,Ahmednagar,58,Male,92,164,70,Normal,0,0,2,1,4,12.6
722,W,Maharashtra,Ahmednagar,29,Male,87,159,58,Normal,0,0,2,1,4,5.8
723,W,Maharashtra,Ahmednagar,30,Male,110,163,81,Normal,0,0,6,6,3,4.8
725,W,Maharashtra,Ahmednagar,53,Male,107,160,68,Normal,0,0,6,6,3,6
729,S,Andhra Pradesh,Anantapur,48,Male,89,162,60,Normal,0,0,1,1,1,5.1
736,W,Maharashtra,Ahmednagar,43,Male,95,162,67,Normal,0,0,2,2,4,5.5
741,S,Andhra Pradesh,Anantapur,38,Female,80,158,63,Normal,1,0,2,1,1,5.1
744,S,Karnataka,Bangalore,50,Female,109,159,72,Normal,0,0,6,0,3,5.9
745,S,Karnataka,Bangalore,30,Female,112,157,80,Normal,0,1,4,6,1,5.5
749,W,Maharashtra,Ahmednagar,65,Female,76,143,44,Normal,0,0,0,0,1,5.3
755,S,Tamil Nadu,Madurai,42,Female,92,153,67,Normal,0,0,1,0,1,5.8
757,S,Andhra Pradesh,Anantapur,39,Female,70,154,49,Normal,0,0,1,1,1,5.1
758,S,Andhra Pradesh,Anantapur,31,Male,82,154,58,Normal,0,0,0,0,2,5.1
759,W,Rajasthan,Ajmer,34,Male,77,173,58,Normal,0,0,0,0,2,4.6
783,S,Andhra Pradesh,Anantapur,49,Male,88,165,65,Normal,0,0,6,0,4,5.1
793,S,Karnataka,Bangalore,43,Female,96,150,70,Normal,1,0,6,0,3,5.6
797,S,Andhra Pradesh,Anantapur,40,Female,82,155,66,Normal,0,0,3,3,1,6.8
798,W,Maharashtra,Ahmednagar,60,Female,107,160,70,Normal,0,0,5,5,2,5.5
800,S,Karnataka,Bangalore,51,Female,100,150,62,Normal,0,0,6,0,4,5.7
802,S,Andhra Pradesh,Anantapur,36,Female,70,151,66,Normal,0,0,2,1,1,5
803,W,Maharashtra,Ahmednagar,76,Male,93,169,67,Normal,0,0,4,0,1,5.2
806,S,Andhra Pradesh,Anantapur,69,Male,85,160,75,Normal,0,1,2,2,2,6.3
809,S,Andhra Pradesh,Anantapur,46,Male,85,157,75,Normal,0,0,2,2,2,5.3
810,S,Andhra Pradesh,Anantapur,27,Female,85,155,75,Normal,0,1,2,2,2,10.9
812,S,Andhra Pradesh,Anantapur,33,Male,99,157,81,Normal,1,0,0,0,3,5.3
814,W,Maharashtra,Ahmednagar,35,Female,89,147,58,Normal,0,0,6,4,1,5.2
818,W,Rajasthan,Ajmer,55,Male,102,166,78,Normal,1,0,0,0,1,6.6
819,S,Andhra Pradesh,Anantapur,50,Male,90,157,77,Normal,0,0,1,1,2,5.4
820,W,Maharashtra,Ahmednagar,47,Male,113,171,86,Normal,0,0,0,0,1,9.5
821,S,Andhra Pradesh,Anantapur,39,Female,70,150,69,Normal,0,0,1,2,1,5.9
822,W,Maharashtra,Ahmednagar,60,Female,96,157,65,Normal,0,0,2,0,1,7
824,W,Maharashtra,Ahmednagar,54,Female,90,159,63,Normal,0,0,1,0,2,6.6
825,S,Andhra Pradesh,Anantapur,24,Male,70,159,69,Normal,1,1,1,5,1,5
827,S,Andhra Pradesh,Anantapur,31,Female,84,149,74,Normal,1,1,0,0,1,4.7
830,S,Tamil Nadu,Madurai,53,Female,97,154,97,Normal,0,1,6,6,1,6.3
833,S,Karnataka,Bangalore,38,Male,102,164,76,Normal,0,0,6,0,4,8
835,E,Orissa,Balasore,30,Female,72,148,50,Normal,0,0,1,1,2,4.6
843,S,Karnataka,Bangalore,35,Male,91,179,70,Normal,0,0,6,6,2,4.6
850,W,Rajasthan,Ajmer,28,Female,93,165,65,Normal,0,0,4,4,2,5.3
874,S,Karnataka,Bangalore,46,Male,107,167,85,Normal,0,0,6,6,2,7
879,S,Karnataka,Bangalore,59,Male,90,173,60,Normal,0,0,0,0,1,5.2
882,W,Rajasthan,Ajmer,54,Female,90,154,50,Normal,0,0,0,0,1,5.3
884,W,Rajasthan,Ajmer,41,Male,100,161,65,Normal,1,0,0,0,2,4.6
910,S,Karnataka,Bangalore,24,Female,63,163,49,Normal,0,0,4,6,1,5.4
912,W,Rajasthan,Ajmer,60,Female,87,155,46,Normal,0,0,0,0,2,5.4
913,S,Karnataka,Bangalore,24,Female,65,152,43,Normal,0,0,6,1,4,5
921,S,Karnataka,Bangalore,38,Female,85,152,52,Normal,1,0,0,0,3,5.7
923,S,Karnataka,Bangalore,33,Male,100,172,83,Normal,0,0,1,6,5,4.9
927,W,Rajasthan,Ajmer,45,Female,101,151,60,Normal,0,0,3,3,4,5.3
930,S,Karnataka,Bangalore,25,Male,84,179,68,Normal,0,0,4,5,4,5.2
934,S,Andhra Pradesh,Visakhapatnam,54,Male,80,157,60,Normal,1,0,2,2,1,6.2
937,W,Rajasthan,Ajmer,51,Male,108,168,87,Normal,0,0,0,0,4,5.6
944,W,Rajasthan,Ajmer,67,Male,92,188,61,Normal,0,0,0,3,4,8.5
967,S,Karnataka,Bangalore,41,Male,88,158,59,Normal,0,0,6,6,2,5.2
970,S,Karnataka,Bangalore,62,Male,109,168,85,Normal,0,0,0,0,1,6
971,S,Karnataka,Bangalore,70,Male,102,160,72,Normal,0,0,0,0,1,8.8
972,S,Karnataka,Bangalore,50,Male,76,162,46,Normal,0,0,4,3,2,5.7
974,S,Karnataka,Bangalore,53,Male,90,162,89,Normal,0,0,4,3,4,5.6
985,S,Karnataka,Bangalore,52,Female,97,152,71,Normal,0,0,0,0,1,8.5
986,S,Karnataka,Bangalore,47,Female,87,153,55,Normal,0,1,0,0,3,5.6
987,S,Karnataka,Bangalore,43,Female,92,163,71,Normal,0,0,6,0,3,5.6
990,S,Karnataka,Bangalore,64,Male,96,172,77,Normal,0,0,6,0,3,6
994,S,Karnataka,Bangalore,53,Male,90,164,70,Normal,0,0,0,4,2,9.1
996,S,Karnataka,Bangalore,24,Female,67,159,44,Normal,0,0,2,1,4,4.8
997,S,Karnataka,Bangalore,46,Female,106,150,84,Normal,0,0,5,0,1,5.7
1011,S,Tamil Nadu,Madurai,45,Female,85,147,59,Normal,0,0,6,4,2,6.4
1012,S,Tamil Nadu,Madurai,39,Female,92,144,61,Normal,1,0,6,5,2,6.2
1030,S,Karnataka,Bangalore,47,Female,85,163,68,Normal,0,0,0,0,4,5.6
1039,S,Karnataka,Bangalore,25,Male,94,165,63,Normal,0,0,0,0,2,5.1
1040,S,Karnataka,Bangalore,52,Male,102,164,70,Normal,0,1,2,0,1,10.6
1051,S,Karnataka,Bangalore,67,Female,94,152,67,Normal,0,0,0,0,1,6.8
1055,W,Rajasthan,Ajmer,35,Female,98,164,72,Normal,1,0,2,2,6,4.6
1063,S,Karnataka,Bangalore,57,Female,92,161,56,Normal,0,1,6,0,1,7.9
1068,S,Karnataka,Bangalore,61,Male,96,159,69,Normal,0,0,6,3,1,6
1069,S,Karnataka,Bangalore,28,Male,82,168,61,Normal,0,0,1,0,2,5.1
1070,S,Karnataka,Bangalore,38,Female,95,165,65,Normal,0,0,0,0,1,6
1074,W,Rajasthan,Ajmer,45,Female,93,151,52,Normal,1,0,0,0,2,6.2
1075,S,Karnataka,Bangalore,59,Female,107,158,80,Normal,0,0,0,0,4,5.6
1077,S,Karnataka,Bangalore,45,Female,102,155,82,Normal,0,0,0,0,4,6.1
1080,S,Karnataka,Bangalore,24,Female,89,150,64,Normal,0,1,0,0,1,4
1082,S,Karnataka,Bangalore,56,Male,116,164,88,Normal,0,0,2,6,2,5.4
1083,S,Karnataka,Bangalore,44,Female,77,151,59,Normal,0,0,0,0,3,5.7
1084,S,Karnataka,Bangalore,49,Male,92,163,60,Normal,0,0,0,0,1,12.3
1089,S,Karnataka,Bangalore,57,Female,102,167,90,Normal,0,0,6,6,3,5.3
1091,S,Karnataka,Bangalore,53,Male,90,159,53,Normal,0,0,1,1,1,6.4
1094,S,Karnataka,Bangalore,44,Male,100,167,70,Normal,0,1,0,0,2,8.1
1095,S,Karnataka,Bangalore,56,Female,90,159,65,Normal,0,0,6,0,1,5.7
1097,S,Karnataka,Bangalore,47,Female,81,150,59,Normal,0,0,6,3,2,5.5
1098,S,Andhra Pradesh,Visakhapatnam,70,Male,90,159,58,Normal,0,1,0,0,1,6.8
1099,S,Andhra Pradesh,Visakhapatnam,42,Female,87,133,72,Normal,0,0,1,1,1,6.7
1104,W,Rajasthan,Ajmer,45,Female,88,140,54,Normal,0,0,0,0,1,4.7
1107,S,Karnataka,Bangalore,32,Female,62,161,69,Normal,0,1,0,0,4,4.8
1113,S,Andhra Pradesh,Visakhapatnam,45,Male,90,155,66,Normal,0,1,0,0,1,6.9
1118,S,Andhra Pradesh,Visakhapatnam,70,Female,89,140,59,Normal,0,1,1,1,1,6.9
1119,S,Andhra Pradesh,Visakhapatnam,35,Male,85,154,73,Normal,0,0,1,1,2,8.6
1129,S,Karnataka,Bangalore,40,Female,93,154,56,Normal,0,0,6,0,5,10.7
1130,W,Rajasthan,Ajmer,65,Female,102,154,73,Normal,0,0,0,0,3,5.4
1131,W,Rajasthan,Ajmer,50,Female,112,154,83,Normal,1,1,2,1,2,9.5
1136,W,Rajasthan,Ajmer,70,Male,87,167,64,Normal,0,0,0,1,2,5
1139,S,Karnataka,Bangalore,48,Female,92,153,60,Normal,0,0,6,0,1,5.2
1140,S,Karnataka,Bangalore,74,Female,85,155,60,Normal,0,0,0,0,1,7
1141,S,Karnataka,Bangalore,78,Female,85,152,80,Normal,0,0,6,0,1,5.8
1142,S,Karnataka,Bangalore,58,Female,69,158,55,Normal,0,0,0,0,1,5.9
1143,S,Karnataka,Bangalore,68,Male,98,162,74,Normal,0,0,6,0,3,5.8
1144,S,Karnataka,Bangalore,63,Female,88,148,63,Normal,1,1,6,0,1,6
1146,W,Rajasthan,Ajmer,39,Male,100,179,84,Normal,0,0,0,0,4,5.2
1147,W,Rajasthan,Ajmer,45,Female,74,152,48,Normal,0,0,0,0,2,5.2
1149,W,Rajasthan,Ajmer,40,Female,101,172,84,Normal,0,0,0,0,3,4.8
1151,W,Rajasthan,Ajmer,60,Male,83,159,49,Normal,0,0,6,1,4,5.6
1157,W,Rajasthan,Ajmer,43,Male,124,171,99,Normal,0,0,0,0,4,5.3
1158,S,Karnataka,Bangalore,63,Female,89,158,65,Normal,1,0,6,5,5,4.9
1203,S,Karnataka,Bangalore,53,Female,113,125,78,Normal,0,0,0,0,1,6.3
1205,W,Rajasthan,Ajmer,34,Male,95,168,73,Normal,0,0,0,0,1,4.8
1207,W,Rajasthan,Ajmer,36,Male,109,165,92,Normal,0,0,0,1,1,5
1208,W,Rajasthan,Ajmer,56,Female,100,147,56,Normal,0,0,2,2,3,5.4
1216,S,Andhra Pradesh,Visakhapatnam,57,Female,86,139,51,Normal,0,0,1,1,2,6.7
1229,W,Rajasthan,Ajmer,64,Male,79,168,54,Normal,1,0,3,2,5,4.7
1230,S,Andhra Pradesh,Visakhapatnam,39,Female,87,165,80,Normal,1,0,4,5,1,8.8
1234,S,Karnataka,Bangalore,37,Female,83,170,55,Normal,0,0,0,0,1,5.2
1236,S,Karnataka,Bangalore,37,Female,83,153,55,Normal,0,0,0,0,1,5.9
1237,W,Rajasthan,Ajmer,68,Male,116,172,91,Normal,0,0,0,0,2,4.9
1240,W,Rajasthan,Ajmer,35,Male,95,170,79,Normal,0,0,2,4,2,7.5
1247,N,Uttar Pradesh,Ballia,31,Female,98,145,52,Normal,0,0,2,1,3,5.4
1254,S,Karnataka,Bangalore,57,Female,85,158,55,Normal,0,1,6,6,3,5.9
1256,S,Karnataka,Bangalore,68,Male,80,160,55,Normal,0,0,0,0,2,5.3
1262,S,Tamil Nadu,Madurai,52,Male,70,165,51,Normal,1,0,1,0,2,5.7
1263,S,Tamil Nadu,Madurai,32,Female,84,152,58,Normal,0,0,2,3,3,5.3
1281,S,Tamil Nadu,Madurai,47,Female,87,145,53,Normal,0,1,6,3,2,6.1
1282,S,Tamil Nadu,Madurai,40,Male,90,161,72,Normal,0,1,6,6,1,5.8
1285,E,Orissa,Balasore,60,Male,80,160,65,Normal,0,0,1,1,3,8.5
1297,W,Rajasthan,Ajmer,43,Female,120,160,95,Normal,1,0,0,0,4,6.7
1300,S,Karnataka,Bangalore,36,Female,98,164,85,Normal,0,0,6,6,3,6
1301,W,Rajasthan,Ajmer,41,Female,96,158,75,Normal,0,1,0,0,1,5
1306,S,Tamil Nadu,Madurai,70,Male,103,160,71,Normal,0,0,3,0,1,7.7
1307,W,Rajasthan,Ajmer,31,Female,92,153,62,Normal,0,0,0,0,1,5.7
1309,S,Karnataka,Bangalore,36,Male,107,166,82,Normal,0,0,1,1,2,7.3
1318,S,Tamil Nadu,Madurai,40,Male,89,156,63,Normal,1,1,6,6,1,8.9
1319,W,Rajasthan,Ajmer,43,Female,108,160,85,Normal,0,0,0,0,1,5
1331,S,Karnataka,Bangalore,33,Female,88,161,62,Normal,0,0,1,1,1,5.3
1335,S,Tamil Nadu,Madurai,53,Male,83,168,59,Normal,0,0,1,0,2,6.1
1336,E,Orissa,Balasore,32,Male,88,163,60,Normal,0,0,2,2,2,5.2
1338,E,Orissa,Balasore,45,Male,86,162,70,Normal,0,0,1,1,1,6
1339,E,Orissa,Balasore,62,Male,90,162,68,Normal,0,0,1,1,1,5.6
1340,E,Orissa,Balasore,51,Male,90,162,70,Normal,0,0,1,1,1,5.2
1344,E,Orissa,Balasore,62,Male,80,158,65,Normal,0,0,1,1,1,6.6
1345,E,Orissa,Balasore,31,Male,85,165,60,Normal,1,0,2,2,2,6
1347,S,Karnataka,Bangalore,36,Female,73,152,47,Normal,0,0,6,6,5,5.2
1353,E,Orissa,Balasore,70,Female,81,155,60,Normal,0,0,1,1,1,6
1362,E,Orissa,Balasore,27,Female,76,150,55,Normal,0,0,3,0,1,4.8
1366,E,Orissa,Balasore,38,Male,96,165,70,Normal,0,0,1,1,1,5
1370,E,Orissa,Balasore,49,Male,81,150,60,Normal,0,0,2,2,2,6.3
1380,W,Rajasthan,Ajmer,36,Male,96,171,81,Normal,0,0,0,0,6,4.9
1384,E,Orissa,Balasore,44,Male,80,153,56,Normal,0,0,2,2,2,6
1385,E,Orissa,Balasore,25,Male,87,156,56,Normal,0,0,2,2,2,5.1
1386,E,Orissa,Balasore,46,Female,87,156,56,Normal,1,0,2,2,2,5.6
1389,E,Orissa,Balasore,41,Female,85,145,65,Normal,1,0,2,2,1,5.9
1391,E,Orissa,Balasore,44,Male,80,157,69,Normal,0,0,2,2,2,5.7
1396,E,Orissa,Balasore,27,Male,87,156,56,Normal,0,0,2,2,2,5.5
1399,E,Orissa,Balasore,49,Female,81,150,60,Normal,0,0,2,2,2,5.6
1401,E,Orissa,Balasore,33,Female,72,158,60,Normal,0,0,1,1,1,4.8
1403,E,Orissa,Balasore,50,Female,78,158,65,Normal,0,0,1,1,1,4.9
1404,W,Rajasthan,Ajmer,55,Male,113,174,97,Normal,0,0,1,0,1,6
1405,S,Karnataka,Bangalore,38,Male,87,165,64,Normal,0,0,0,6,6,5.1
1406,E,Orissa,Balasore,30,Female,72,150,60,Normal,0,0,1,1,1,4.6
1407,E,Orissa,Balasore,46,Female,76,158,60,Normal,0,0,1,1,1,6.5
1411,W,Rajasthan,Ajmer,32,Male,92,163,70,Normal,0,0,6,6,6,4.7
1412,E,Orissa,Balasore,53,Male,87,139,60,Normal,1,0,0,3,2,5.7
1417,E,Orissa,Balasore,65,Female,85,132,46,Normal,0,0,0,0,1,5.1
1424,S,Tamil Nadu,Madurai,72,Female,96,145,50,Normal,0,0,0,3,2,6.6
1436,S,Tamil Nadu,Madurai,45,Female,78,157,56,Normal,0,0,3,0,3,6.4
1450,W,Rajasthan,Ajmer,60,Male,104,165,74,Normal,0,0,6,0,3,4.8
1453,S,Tamil Nadu,Madurai,55,Female,97,156,69,Normal,0,0,6,3,2,5.9
1457,W,Rajasthan,Ajmer,50,Male,104,157,70,Normal,0,0,0,0,2,8.6
1462,S,Tamil Nadu,Madurai,78,Female,95,143,61,Normal,0,0,1,1,1,6.4
1464,S,Tamil Nadu,Madurai,26,Female,84,142,58,Normal,0,0,0,0,1,5.6
1466,S,Karnataka,Bangalore,53,Male,95,168,60,Normal,0,0,5,3,1,5.8
1484,W,Rajasthan,Ajmer,50,Male,108,171,81,Normal,0,0,2,2,1,5.7
1492,S,Karnataka,Bangalore,35,Female,107,165,66,Normal,0,0,0,0,1,5.9
1499,S,Tamil Nadu,Madurai,47,Female,101,155,64,Normal,0,0,1,5,2,5.9
1505,W,Rajasthan,Ajmer,27,Male,96,182,88,Normal,0,0,0,0,5,5.5
1506,S,Tamil Nadu,Madurai,33,Female,90,158,70,Normal,0,1,3,0,2,6.2
1515,W,Rajasthan,Ajmer,53,Male,97,171,76,Normal,0,0,0,0,6,4.5
1522,S,Tamil Nadu,Madurai,41,Female,89,155,62,Normal,0,0,3,2,1,6
1523,S,Tamil Nadu,Madurai,65,Male,89,162,66,Normal,0,0,5,5,1,8.1
1548,S,Tamil Nadu,Madurai,41,Female,79,149,49,Normal,0,0,3,3,2,5.1
1549,S,Tamil Nadu,Madurai,36,Male,89,170,75,Normal,0,0,0,0,1,5.6
1552,W,Rajasthan,Ajmer,28,Male,81,161,52,Normal,0,0,3,6,6,4.3
1556,W,Rajasthan,Ajmer,60,Female,112,154,92,Normal,0,0,1,0,1,6.1
1559,S,Karnataka,Bangalore,26,Male,96,180,79,Normal,0,0,6,4,1,5
1560,S,Tamil Nadu,Madurai,65,Female,76,152,50,Normal,0,0,6,1,2,7.5
1562,W,Rajasthan,Ajmer,47,Male,97,171,82,Normal,0,0,0,0,3,5.4
1571,N,Chandigarh,Chandigarh,64,Female,98,152,59,Normal,0,0,0,0,4,6.8
1572,NW,Jammu And Kashmir,Jammu,30,Female,95,161,58,Normal,0,0,0,0,1,4.7
1573,N,Chandigarh,Chandigarh,28,Male,96,182,85,Normal,0,0,6,6,1,5.6
1574,N,Chandigarh,Chandigarh,36,Male,102,178,96,Normal,1,1,0,0,5,5.3
1575,N,Chandigarh,Chandigarh,26,Male,86,174,85,Normal,0,0,6,6,3,5.2
1576,N,Chandigarh,Chandigarh,60,Male,86,172,63,Normal,0,0,2,1,2,5.8
1579,E,West Bengal,Bankura,47,Female,69,150,42,Normal,0,0,1,1,1,6.5
1580,E,West Bengal,Bankura,46,Male,103,170,64,Normal,0,0,6,6,5,6.4
1584,E,West Bengal,Bankura,59,Male,71,169,43,Normal,0,0,6,5,4,5.6
1588,NW,Jammu And Kashmir,Jammu,26,Female,97,162,56,Normal,0,0,3,6,3,4.7
1590,E,West Bengal,Bankura,30,Female,78,125,50,Normal,1,0,2,2,2,5.7
1594,E,West Bengal,Bankura,58,Male,94,155,64,Normal,0,0,0,0,2,5.7
1595,E,West Bengal,Bankura,47,Female,68,151,51,Normal,0,0,5,5,4,4.7
1596,E,West Bengal,Bankura,46,Female,84,152,57,Normal,0,0,2,2,1,5.2
1597,E,West Bengal,Bankura,50,Female,101,153,45,Normal,0,0,0,0,2,6.9
1600,NW,Jammu And Kashmir,Jammu,55,Male,103,168,65,Normal,0,0,2,1,1,4.5
1603,E,West Bengal,Bankura,47,Male,103,171,83,Normal,0,0,6,6,4,6.2
1605,E,West Bengal,Bankura,50,Male,91,167,72,Normal,0,0,6,6,3,5.7
1607,E,West Bengal,Bankura,57,Female,100,132,61,Normal,0,0,6,6,2,6
1609,N,Chandigarh,Chandigarh,45,Female,86,149,50,Normal,0,0,0,0,4,4.5
1610,NW,Jammu And Kashmir,Jammu,30,Female,92,147,65,Normal,0,0,0,0,1,7
1611,E,West Bengal,Bankura,70,Male,115,160,94,Normal,0,0,6,5,4,6.7
1612,E,West Bengal,Bankura,60,Male,85,169,57,Normal,0,0,1,1,1,5.2
1613,E,West Bengal,Bankura,42,Female,77,151,47,Normal,0,0,2,5,1,5.7
1614,NW,Jammu And Kashmir,Jammu,51,Female,105,161,61,Normal,0,0,0,0,1,5.7
1616,E,West Bengal,Bankura,23,Male,86,170,67,Normal,0,0,4,1,3,4.4
1617,E,Jharkhand,Hazaribag,35,Male,95,155,65,Normal,0,0,2,1,3,6.3
1618,E,West Bengal,Bankura,47,Male,97,180,70,Normal,0,0,0,0,1,9.5
1619,E,West Bengal,Bankura,34,Male,92,165,73,Normal,0,0,2,5,2,5.8
1621,N,Chandigarh,Chandigarh,45,Male,76,164,50,Normal,0,0,0,0,3,5.5
1622,E,West Bengal,Bankura,48,Male,84,168,66,Normal,0,0,6,6,1,4.9
1623,N,Chandigarh,Chandigarh,24,Female,90,156,60,Normal,0,0,0,0,4,5.6
1624,E,West Bengal,Bankura,40,Male,77,155,48,Normal,0,0,2,2,2,5.6
1626,NW,Jammu And Kashmir,Jammu,50,Female,102,167,61,Normal,0,0,1,2,1,6.5
1629,N,Chandigarh,Chandigarh,39,Female,70,162,55,Normal,0,0,0,0,3,5.4
1631,N,Chandigarh,Chandigarh,25,Female,90,151,59,Normal,0,0,3,1,1,5.8
1632,N,Chandigarh,Chandigarh,39,Female,90,154,69,Normal,0,0,0,0,3,5.4
1633,N,Chandigarh,Chandigarh,45,Female,109,155,71,Normal,0,0,6,3,4,4.9
1635,E,West Bengal,Bankura,70,Female,91,146,53,Normal,0,0,3,0,1,7.3
1636,E,West Bengal,Bankura,31,Male,70,156,57,Normal,0,0,0,1,2,5.6
1637,E,West Bengal,Bankura,42,Female,100,155,71,Normal,0,0,0,0,2,5.2
1638,E,West Bengal,Bankura,58,Female,86,150,50,Normal,0,0,0,0,2,7.6
1639,E,Jharkhand,Hazaribag,49,Male,98,175,72,Normal,0,0,0,2,1,9.7
1640,NW,Jammu And Kashmir,Jammu,50,Male,95,168,68,Normal,0,0,1,0,1,6.8
1643,NW,Jammu And Kashmir,Jammu,30,Female,103,162,75,Normal,0,0,0,0,1,5.8
1644,E,West Bengal,Bankura,52,Male,86,154,53,Normal,0,0,6,4,3,6.3
1645,N,Chandigarh,Chandigarh,52,Male,91,168,63,Normal,0,1,0,0,3,5.2
1649,E,West Bengal,Bankura,65,Female,72,138,44,Normal,0,0,2,1,1,5.9
1650,E,West Bengal,Bankura,48,Male,85,156,55,Normal,0,0,6,6,4,8.3
1654,E,Jharkhand,Hazaribag,38,Female,97,163,62,Normal,1,1,6,6,6,7.2
1657,E,West Bengal,Bankura,36,Female,87,147,56,Normal,0,0,6,5,4,4.7
1658,NW,Jammu And Kashmir,Jammu,70,Male,99,155,53,Normal,0,0,4,0,4,5.2
1659,NW,Jammu And Kashmir,Jammu,65,Male,110,165,71,Normal,0,0,2,1,1,7.4
1660,NW,Jammu And Kashmir,Jammu,48,Female,102,165,75,Normal,0,0,0,0,1,5.5
1661,NW,Jammu And Kashmir,Jammu,45,Female,96,162,62,Normal,0,0,1,1,2,5.8
1662,NW,Jammu And Kashmir,Jammu,45,Female,96,152,57,Normal,0,0,0,0,1,4.8
1663,NW,Jammu And Kashmir,Jammu,50,Male,105,140,65,Normal,0,0,2,1,1,5.6
1664,NW,Jammu And Kashmir,Jammu,55,Female,93,162,66,Normal,0,0,1,1,1,5.7
1665,NW,Jammu And Kashmir,Jammu,42,Male,112,144,70,Normal,0,0,5,2,4,8.1
1667,N,Chandigarh,Chandigarh,70,Male,102,162,71,Normal,0,0,0,0,4,5.3
1668,E,Jharkhand,Hazaribag,45,Female,90,155,45,Normal,0,0,3,3,3,5
1669,S,Karnataka,Bangalore,42,Female,98,152,75,Normal,1,1,4,0,5,11.9
1670,E,Jharkhand,Hazaribag,69,Female,100,160,61,Normal,0,0,1,1,6,5.7
1671,NW,Jammu And Kashmir,Jammu,48,Female,102,153,63,Normal,0,0,0,0,1,5.4
1672,S,Karnataka,Bangalore,50,Female,110,157,78,Normal,0,0,6,4,1,5.5
1673,NW,Jammu And Kashmir,Jammu,45,Female,104,166,58,Normal,0,0,0,0,1,5.7
1674,NW,Jammu And Kashmir,Jammu,70,Male,101,166,58,Normal,0,0,2,1,1,5.7
1675,NW,Jammu And Kashmir,Jammu,58,Female,98,150,52,Normal,0,1,1,1,1,14.6
1678,NW,Jammu And Kashmir,Jammu,65,Male,103,168,65,Normal,0,0,2,1,1,5.4
1681,N,Chandigarh,Chandigarh,56,Female,83,152,47,Normal,1,0,3,0,3,6.9
1682,S,Karnataka,Bangalore,65,Female,89,159,63,Normal,0,0,0,0,1,5.7
1685,NW,Jammu And Kashmir,Jammu,40,Female,95,148,60,Normal,0,1,2,1,1,5
1686,N,Chandigarh,Chandigarh,60,Female,98,150,72,Normal,0,0,0,0,5,6.2
1689,NW,Jammu And Kashmir,Jammu,62,Male,98,168,69,Normal,0,0,4,0,4,6.1
1692,NW,Jammu And Kashmir,Jammu,75,Male,98,169,70,Normal,0,0,2,1,1,8.1
1693,NW,Jammu And Kashmir,Jammu,38,Female,105,160,58,Normal,0,0,4,0,4,5.3
1697,E,West Bengal,Bankura,48,Female,94,135,53,Normal,1,0,3,1,1,5.1
1698,E,West Bengal,Bankura,45,Male,90,162,60,Normal,0,0,3,1,2,13.9
1701,E,West Bengal,Bankura,36,Female,92,157,70,Normal,0,1,6,0,1,5.9
1702,NW,Jammu And Kashmir,Jammu,72,Male,103,169,65,Normal,0,0,2,1,1,4.9
1704,E,West Bengal,Bankura,60,Male,86,153,57,Normal,0,0,6,6,2,5.6
1706,NW,Jammu And Kashmir,Jammu,60,Male,101,148,65,Normal,0,0,2,1,1,5.4
1707,E,West Bengal,Bankura,58,Male,83,154,56,Normal,0,0,1,1,1,6.1
1708,NW,Jammu And Kashmir,Jammu,40,Female,100,150,55,Normal,0,0,0,0,1,5.4
1709,E,West Bengal,Bankura,30,Female,83,155,56,Normal,0,0,1,1,2,5.3
1713,N,Chandigarh,Chandigarh,43,Female,100,156,76,Normal,0,0,0,0,4,5.1
1714,NW,Jammu And Kashmir,Jammu,55,Female,109,161,74,Normal,0,0,0,0,2,11.4
1715,NW,Jammu And Kashmir,Jammu,47,Male,102,159,69,Normal,0,0,2,1,1,5.1
1716,S,Karnataka,Bangalore,35,Female,92,158,59,Normal,0,0,0,0,3,5.3
1717,E,Jharkhand,Hazaribag,55,Female,110,160,65,Normal,0,0,2,2,2,6
1719,N,Chandigarh,Chandigarh,50,Female,120,154,58,Normal,0,0,0,0,2,4.9
1720,E,Jharkhand,Hazaribag,49,Female,90,170,59,Normal,0,0,3,2,2,5.4
1723,NW,Jammu And Kashmir,Jammu,60,Female,103,169,63,Normal,0,0,0,0,1,6.6
1725,E,West Bengal,Bankura,29,Female,73,160,50,Normal,0,0,5,0,1,5.4
1728,E,West Bengal,Bankura,42,Male,88,156,60,Normal,0,0,2,2,1,5.4
1729,N,Chandigarh,Chandigarh,35,Female,101,145,55,Normal,0,0,0,0,3,5.3
1730,E,West Bengal,Bankura,45,Female,86,148,55,Normal,0,0,1,1,2,5.4
1733,NW,Jammu And Kashmir,Jammu,35,Female,95,157,68,Normal,0,0,2,1,1,5.5
1735,NW,Jammu And Kashmir,Jammu,50,Female,104,160,80,Normal,0,0,4,0,4,5.9
1736,NW,Jammu And Kashmir,Jammu,57,Female,97,155,50,Normal,0,0,5,1,4,6
1737,NW,Jammu And Kashmir,Jammu,38,Female,100,168,70,Normal,0,0,0,0,1,4.7
1738,NW,Jammu And Kashmir,Jammu,56,Male,93,180,70,Normal,0,0,5,2,4,10.6
1739,E,West Bengal,Bankura,59,Male,94,156,75,Normal,1,1,2,2,1,7
1740,N,Chandigarh,Chandigarh,50,Female,107,157,110,Normal,0,0,0,0,3,5.4
1741,E,West Bengal,Bankura,60,Female,74,148,47,Normal,0,0,1,0,2,6
1742,E,West Bengal,Bankura,56,Male,88,153,61,Normal,0,0,2,2,3,5.6
1746,NW,Jammu And Kashmir,Jammu,70,Male,90,180,74,Normal,0,0,2,0,1,5.3
1748,NW,Jammu And Kashmir,Jammu,50,Male,120,170,85,Normal,0,0,4,0,2,6.2
1749,E,Jharkhand,Hazaribag,36,Female,94,152,79,Normal,0,0,5,6,6,5.2
1751,E,West Bengal,Bankura,47,Female,96,155,57,Normal,0,0,0,0,1,5.6
1753,N,Chandigarh,Chandigarh,33,Female,77,153,59,Normal,1,0,0,0,5,6.6
1754,E,West Bengal,Bankura,56,Male,96,155,77,Normal,0,0,0,2,2,6
1756,E,West Bengal,Bankura,50,Female,86,148,52,Normal,1,0,2,1,1,6
1757,E,West Bengal,Bankura,39,Female,83,145,57,Normal,0,0,0,0,2,5.4
1759,E,West Bengal,Bankura,45,Female,93,124,44,Normal,0,0,0,0,1,5.7
1760,E,West Bengal,Bankura,52,Male,90,162,60,Normal,0,0,1,3,2,5.6
1764,NW,Jammu And Kashmir,Jammu,40,Female,94,156,64,Normal,0,0,4,0,4,4.8
1765,C,Madhya Pradesh,Bhopal,28,Female,82,162,55,Normal,0,0,0,0,4,5.7
1766,E,Jharkhand,Hazaribag,46,Female,94,152,52,Normal,0,0,1,1,1,4.7
1769,C,Madhya Pradesh,Bhopal,48,Female,95,154,70,Normal,0,0,0,0,1,5.6
1771,E,West Bengal,Bardhaman,60,Female,98,150,59,Normal,0,0,0,6,2,5.3
1772,NW,Jammu And Kashmir,Jammu,70,Male,96,170,65,Normal,0,0,0,0,1,6.5
1773,E,Jharkhand,Hazaribag,40,Female,108,150,62,Normal,0,0,0,5,1,5.3
1774,C,Madhya Pradesh,Bhopal,65,Female,102,151,73,Normal,0,0,0,0,1,11
1776,C,Madhya Pradesh,Bhopal,40,Female,97,152,62,Normal,0,0,0,6,4,5.6
1779,C,Madhya Pradesh,Bhopal,45,Male,90,160,61,Normal,0,0,0,0,5,5.2
1780,NW,Jammu And Kashmir,Jammu,60,Female,90,168,44,Normal,0,0,0,0,1,4.6
1781,E,West Bengal,Bardhaman,55,Female,81,152,58,Normal,0,0,6,6,3,5.3
1784,C,Madhya Pradesh,Bhopal,58,Male,99,167,75,Normal,0,0,0,0,1,5.1
1789,NW,Jammu And Kashmir,Jammu,42,Female,102,156,75,Normal,0,0,2,1,1,5.5
1790,E,West Bengal,Bardhaman,40,Female,108,148,75,Normal,0,0,0,0,2,4.9
1793,NW,Jammu And Kashmir,Jammu,50,Female,97,157,67,Normal,0,0,0,0,1,5.4
1794,N,Chandigarh,Chandigarh,30,Female,83,152,44,Normal,0,0,0,0,1,5
1796,N,Chandigarh,Chandigarh,60,Female,110,153,65,Normal,0,0,0,0,4,5.6
1797,E,West Bengal,Bardhaman,53,Female,106,159,95,Normal,1,1,6,6,3,5
1798,NW,Jammu And Kashmir,Jammu,55,Female,89,163,65,Normal,0,0,4,4,4,5.4
1799,NW,Jammu And Kashmir,Jammu,34,Female,100,153,62,Normal,1,1,4,0,4,5
1802,NW,Jammu And Kashmir,Jammu,65,Female,95,168,75,Normal,0,0,0,0,1,5.6
1806,NW,Jammu And Kashmir,Jammu,70,Male,101,166,73,Normal,0,1,1,1,1,5.2
1810,NW,Jammu And Kashmir,Jammu,60,Female,100,159,47,Normal,1,1,3,3,1,6.1
1814,E,West Bengal,Bankura,63,Male,78,165,45,Normal,0,0,2,1,2,5.4
1815,NW,Jammu And Kashmir,Jammu,50,Male,90,168,74,Normal,0,0,0,0,1,5.2
1817,E,West Bengal,Bankura,50,Female,86,152,60,Normal,0,0,6,4,3,5.5
1820,NW,Jammu And Kashmir,Jammu,50,Female,93,165,73,Normal,0,0,0,0,1,5.2
1825,N,Chandigarh,Chandigarh,32,Male,85,178,70,Normal,0,0,2,1,3,5.5
1826,E,West Bengal,Bankura,42,Female,98,165,57,Normal,0,0,3,4,3,5.8
1833,NW,Jammu And Kashmir,Jammu,60,Female,107,160,70,Normal,0,0,0,0,1,9
1835,N,Chandigarh,Chandigarh,50,Male,94,168,65,Normal,0,0,0,0,3,5.6
1838,E,West Bengal,Bankura,63,Male,93,163,60,Normal,0,0,6,4,3,5.8
1839,E,West Bengal,Bankura,41,Male,96,182,77,Normal,0,1,0,0,1,5.2
1841,E,West Bengal,Bankura,25,Female,82,124,50,Normal,0,0,1,2,2,5.7
1843,NW,Jammu And Kashmir,Jammu,48,Male,100,140,60,Normal,0,0,2,1,1,11.6
1849,E,West Bengal,Bankura,35,Male,81,163,59,Normal,0,0,2,2,2,5.6
1851,NW,Jammu And Kashmir,Jammu,35,Male,96,160,56,Normal,0,0,0,0,1,4.7
1852,NW,Jammu And Kashmir,Jammu,55,Male,112,165,90,Normal,0,0,0,0,1,8
1853,N,Chandigarh,Chandigarh,22,Male,76,163,53,Normal,0,0,6,0,3,5.4
1854,E,Jharkhand,Hazaribag,45,Male,108,152,64,Normal,0,0,1,2,1,5
1858,N,Chandigarh,Chandigarh,39,Male,103,163,76,Normal,1,0,0,0,1,7.6
1861,N,Chandigarh,Chandigarh,39,Female,100,160,71,Normal,0,0,6,0,3,5.5
1863,NW,Jammu And Kashmir,Jammu,45,Female,92,152,153,Normal,0,0,2,2,1,6.6
1870,N,Chandigarh,Chandigarh,32,Male,88,168,65,Normal,0,0,6,0,3,5.4
1872,N,Chandigarh,Chandigarh,36,Female,101,147,70,Normal,1,0,2,0,3,5.8
1873,E,West Bengal,Bankura,45,Female,100,172,63,Normal,0,0,0,1,2,8.9
1874,NW,Jammu And Kashmir,Jammu,42,Female,110,162,87,Normal,0,0,2,0,4,9.5
1878,NW,Jammu And Kashmir,Jammu,65,Male,62,149,62,Normal,0,0,2,1,1,5.1
1879,E,West Bengal,Bankura,35,Male,85,170,55,Normal,0,0,6,6,4,5.5
1880,NW,Jammu And Kashmir,Jammu,35,Female,107,155,71,Normal,0,0,0,0,1,5.6
1881,E,West Bengal,Bankura,65,Male,82,176,52,Normal,1,1,3,0,1,4.5
1882,E,West Bengal,Bankura,48,Male,71,176,53,Normal,0,0,0,1,1,5.6
1883,E,West Bengal,Bankura,65,Male,76,158,41,Normal,0,0,0,0,1,5.6
1886,E,West Bengal,Bankura,47,Female,94,153,64,Normal,0,1,1,5,2,5.6
1889,NW,Jammu And Kashmir,Jammu,60,Female,86,165,64,Normal,0,0,1,1,1,6.1
1890,N,Chandigarh,Chandigarh,30,Male,91,168,63,Normal,0,0,6,6,5,5.4
1891,E,West Bengal,Bankura,63,Female,94,155,65,Normal,0,0,1,0,1,5.4
1892,E,Jharkhand,Hazaribag,56,Female,110,160,70,Normal,0,0,2,1,1,6.4
1893,N,Chandigarh,Chandigarh,39,Male,95,178,73,Normal,0,0,1,0,3,5.6
1894,N,Chandigarh,Chandigarh,42,Male,89,177,64,Normal,0,0,0,0,3,5.2
1897,N,Chandigarh,Chandigarh,25,Male,84,166,60,Normal,0,1,0,0,5,5
1898,NW,Jammu And Kashmir,Jammu,48,Female,82,166,54,Normal,0,0,0,0,1,5.5
1899,E,West Bengal,Bankura,39,Male,99,165,77,Normal,0,0,6,2,3,5.2
1900,E,West Bengal,Bankura,24,Male,80,152,54,Normal,0,0,2,2,1,5.4
1902,NW,Jammu And Kashmir,Jammu,60,Female,92,166,75,Normal,0,0,1,1,1,4.9
1903,E,West Bengal,Bankura,37,Female,80,142,42,Normal,0,0,6,6,3,4.9
1904,E,Jharkhand,Hazaribag,55,Female,88,150,42,Normal,0,0,2,2,2,9.1
1912,NW,Jammu And Kashmir,Jammu,45,Female,110,162,62,Normal,0,0,0,0,1,5.4
1913,N,Uttarakhand,Dehradun,50,Male,72,162,74,Normal,1,0,2,3,4,9.9
1918,N,Uttarakhand,Dehradun,62,Female,97,152,68,Normal,0,0,2,0,3,5.2
1919,E,Jharkhand,Hazaribag,45,Male,78,160,55,Normal,0,0,0,0,6,12.6
1924,NW,Jammu And Kashmir,Jammu,45,Female,99,145,56,Normal,0,0,5,2,2,7.2
1927,NW,Jammu And Kashmir,Jammu,70,Female,110,162,80,Normal,0,0,1,0,1,6.4
1938,S,Karnataka,Bangalore,42,Female,90,150,54,Normal,0,0,6,0,4,5.1
1939,N,Uttarakhand,Dehradun,50,Female,89,150,59,Normal,0,0,1,4,2,5.7
1940,N,Uttarakhand,Dehradun,59,Male,114,173,90,Normal,0,0,4,2,2,6.4
1944,NW,Jammu And Kashmir,Jammu,50,Female,114,155,84,Normal,0,0,0,0,1,5.8
1947,S,Karnataka,Bangalore,34,Male,79,174,68,Normal,0,0,0,6,4,5.6
1950,NW,Jammu And Kashmir,Jammu,38,Male,99,163,68,Normal,0,0,4,1,4,5.9
1955,N,Uttarakhand,Dehradun,50,Male,88,166,60,Normal,0,0,0,2,2,7.2
1957,N,Uttarakhand,Dehradun,56,Female,95,159,65,Normal,0,0,6,3,2,11.8
1959,E,Jharkhand,Hazaribag,32,Male,72,162,56,Normal,0,0,2,2,6,5.3
1973,NW,Jammu And Kashmir,Jammu,68,Male,99,146,62,Normal,0,0,2,1,1,14
1974,NW,Jammu And Kashmir,Jammu,70,Female,93,158,65,Normal,0,0,4,0,4,6
1975,NW,Jammu And Kashmir,Jammu,70,Male,101,162,62,Normal,0,0,0,0,1,5.8
1976,NW,Jammu And Kashmir,Jammu,45,Female,96,158,69,Normal,0,0,1,1,1,10.2
1981,N,Uttarakhand,Dehradun,68,Male,106,162,79,Normal,0,0,2,0,3,9.4
1985,NW,Jammu And Kashmir,Jammu,62,Male,95,169,65,Normal,0,0,1,1,1,5.2
1988,NW,Jammu And Kashmir,Jammu,65,Female,96,165,77,Normal,0,0,0,0,1,6.7
1990,NW,Jammu And Kashmir,Jammu,55,Female,84,170,69,Normal,0,0,0,0,2,10
1991,S,Karnataka,Bangalore,59,Male,97,173,73,Normal,0,0,0,6,1,5.8
1992,N,Uttarakhand,Dehradun,50,Female,85,152,68,Normal,0,0,0,0,3,5.9
1993,S,Karnataka,Bangalore,44,Female,101,151,62,Normal,1,0,4,6,2,5.8
1994,N,Uttarakhand,Dehradun,47,Female,86,150,70,Normal,0,0,0,0,6,7.2
1995,N,Uttarakhand,Dehradun,65,Male,90,153,75,Normal,0,0,2,0,3,5.4
2000,N,Uttarakhand,Dehradun,25,Male,101,156,72,Normal,0,0,1,0,1,5
2001,S,Karnataka,Bangalore,47,Male,89,165,68,Normal,0,0,1,0,3,5.6
2002,E,Jharkhand,Hazaribag,68,Male,85,170,55,Normal,0,0,0,0,2,5.2
2005,E,Jharkhand,Hazaribag,47,Female,84,152,59,Normal,0,0,0,0,1,8.6
2006,NW,Jammu And Kashmir,Jammu,60,Female,92,168,62,Normal,0,0,0,0,2,12.6
2010,S,Karnataka,Bangalore,44,Female,91,165,59,Normal,0,0,6,0,1,6.6
2011,S,Karnataka,Bangalore,64,Male,90,168,69,Normal,0,0,5,0,1,5.4
2012,E,Jharkhand,Hazaribag,46,Male,83,165,56,Normal,0,0,0,0,2,8
2014,S,Karnataka,Bangalore,55,Male,91,165,63,Normal,0,1,0,0,1,9.7
2015,NW,Jammu And Kashmir,Jammu,55,Female,92,166,76,Normal,0,0,0,0,1,5.1
2016,NW,Jammu And Kashmir,Jammu,43,Female,103,148,57,Normal,0,0,0,0,1,5.8
2018,N,Uttarakhand,Dehradun,70,Male,90,162,62,Normal,0,0,2,3,2,6.6
2021,NW,Jammu And Kashmir,Jammu,48,Male,95,148,60,Normal,0,0,2,1,1,10.1
2024,NW,Jammu And Kashmir,Jammu,42,Female,95,165,63,Normal,0,0,0,0,1,6.3
2025,N,Uttarakhand,Dehradun,54,Male,100,174,84,Normal,0,0,2,3,4,8.7
2027,N,Uttarakhand,Dehradun,70,Female,98,158,65,Normal,0,0,2,0,3,6.3
2029,NW,Jammu And Kashmir,Jammu,40,Female,96,158,46,Normal,0,0,0,0,1,11.3
2033,E,Jharkhand,Hazaribag,48,Female,106,148,59,Normal,0,0,2,2,6,5.1
2034,N,Chandigarh,Chandigarh,50,Female,115,162,85,Normal,0,0,6,5,2,5.9
2035,NW,Jammu And Kashmir,Jammu,40,Male,101,165,63,Normal,0,0,0,0,1,5.6
2039,NW,Jammu And Kashmir,Jammu,38,Female,101,169,78,Normal,0,0,3,6,3,5.1
2040,NW,Jammu And Kashmir,Jammu,52,Female,109,168,77,Normal,0,0,0,0,1,6.1
2046,NW,Jammu And Kashmir,Jammu,51,Female,97,140,64,Normal,0,0,0,0,4,6.3
2049,E,Jharkhand,Hazaribag,60,Female,88,148,42,Normal,0,0,1,0,1,8.7
2050,E,Jharkhand,Hazaribag,38,Male,85,165,64,Normal,0,0,2,2,2,5.4
2052,E,Jharkhand,Hazaribag,45,Female,72,145,45,Normal,0,0,1,3,6,5.8
2060,NW,Jammu And Kashmir,Jammu,63,Male,98,162,66,Normal,0,0,1,1,1,5.4
2062,NW,Jammu And Kashmir,Jammu,55,Male,103,169,53,Normal,0,0,2,1,1,5.7
2064,NW,Jammu And Kashmir,Jammu,58,Male,103,159,71,Normal,0,0,2,1,1,5.7
2066,NW,Jammu And Kashmir,Jammu,36,Female,103,168,62,Normal,0,0,2,1,1,5.5
2068,N,Chandigarh,Chandigarh,49,Female,101,164,77,Normal,0,0,3,0,1,4.9
2071,NW,Jammu And Kashmir,Jammu,70,Female,115,155,73,Normal,0,0,5,2,2,12
2074,N,Chandigarh,Chandigarh,38,Female,111,152,76,Normal,0,0,0,0,4,5
2076,NW,Jammu And Kashmir,Jammu,55,Male,92,157,52,Normal,0,0,2,1,1,8
2081,NW,Jammu And Kashmir,Jammu,50,Female,107,149,74,Normal,0,0,4,0,4,5.7
2086,NW,Jammu And Kashmir,Jammu,53,Male,98,168,79,Normal,0,0,3,2,4,5.1
2089,E,Jharkhand,Hazaribag,40,Male,76,155,47,Normal,0,0,3,0,6,5.8
2092,E,Jharkhand,Hazaribag,32,Female,89,146,46,Normal,0,0,2,2,1,5.4
2093,NW,Jammu And Kashmir,Jammu,44,Female,91,161,41,Normal,0,0,0,0,1,5.6
2094,E,Jharkhand,Hazaribag,32,Male,84,165,62,Normal,0,0,2,2,5,5.1
2096,S,Karnataka,Bangalore,58,Female,95,155,63,Normal,0,0,0,0,1,9.5
2097,N,Uttarakhand,Dehradun,38,Female,80,155,54,Normal,0,0,2,0,3,5.6
2099,NW,Jammu And Kashmir,Jammu,68,Male,102,169,65,Normal,0,0,1,1,1,4.3
2100,NW,Jammu And Kashmir,Jammu,39,Male,103,146,59,Normal,0,0,2,1,1,5.2
2105,N,Uttarakhand,Dehradun,47,Male,100,167,73,Normal,0,0,0,0,3,9.6
2106,S,Karnataka,Bangalore,54,Female,114,160,85,Normal,0,0,0,0,1,6.8
2109,NW,Jammu And Kashmir,Jammu,70,Male,115,170,82,Normal,0,0,2,1,1,5.4
2110,E,Jharkhand,Hazaribag,45,Male,91,150,62,Normal,0,0,2,2,6,4.8
2111,NW,Jammu And Kashmir,Jammu,35,Female,108,157,68,Normal,0,0,4,0,4,4.7
2113,E,Jharkhand,Hazaribag,60,Male,78,162,51,Normal,0,0,1,2,1,5.1
2117,E,Jharkhand,Hazaribag,30,Female,78,150,51,Normal,0,0,1,2,2,5.5
2118,E,Jharkhand,Hazaribag,45,Male,71,145,45,Normal,0,0,0,0,2,5.1
2119,NW,Jammu And Kashmir,Jammu,40,Female,94,151,73,Normal,0,0,0,0,1,5.8
2122,NW,Jammu And Kashmir,Jammu,55,Female,98,161,63,Normal,1,0,1,1,1,5.6
2123,N,Chandigarh,Chandigarh,38,Male,92,161,61,Normal,0,0,0,0,2,5.5
2124,NW,Jammu And Kashmir,Jammu,70,Female,98,161,61,Normal,0,0,0,0,1,9.7
2127,NW,Jammu And Kashmir,Jammu,42,Female,103,148,66,Normal,0,0,5,2,4,5.9
2131,C,Madhya Pradesh,Bhopal,50,Female,84,158,51,Normal,0,0,0,0,4,5.1
2132,NW,Jammu And Kashmir,Jammu,37,Male,98,168,68,Normal,0,0,2,1,1,4.7
2133,NW,Jammu And Kashmir,Jammu,42,Male,102,160,60,Normal,0,1,0,0,4,8.3
2137,NW,Jammu And Kashmir,Jammu,50,Female,95,160,75,Normal,0,0,0,0,1,8
2139,NW,Jammu And Kashmir,Jammu,35,Male,98,140,60,Normal,0,0,2,1,1,5.7
2140,NW,Jammu And Kashmir,Jammu,64,Male,102,149,67,Normal,0,0,2,1,1,6.4
2141,NW,Jammu And Kashmir,Jammu,35,Female,88,163,70,Normal,0,0,0,0,1,5.1
2142,NW,Jammu And Kashmir,Jammu,47,Female,91,169,78,Normal,0,0,0,0,1,5.4
2143,NW,Jammu And Kashmir,Jammu,29,Female,92,152,62,Normal,0,0,5,2,4,5.2
2144,NW,Jammu And Kashmir,Jammu,70,Male,86,162,64,Normal,0,0,2,1,1,5.6
2145,NW,Jammu And Kashmir,Jammu,37,Female,98,155,80,Normal,0,0,0,0,2,6.8
2146,NW,Jammu And Kashmir,Jammu,33,Male,105,168,90,Normal,0,0,5,3,1,6
2148,NW,Jammu And Kashmir,Jammu,50,Male,92,171,59,Normal,0,0,3,1,3,5.5
2149,C,Madhya Pradesh,Bhopal,53,Female,110,150,79,Normal,0,0,6,6,2,5.3
2150,NW,Jammu And Kashmir,Jammu,50,Female,93,166,61,Normal,0,0,4,2,1,9.5
2153,NW,Jammu And Kashmir,Jammu,35,Female,98,149,62,Normal,0,0,1,1,1,4.5
2158,NW,Jammu And Kashmir,Jammu,40,Female,103,148,65,Normal,0,0,0,0,1,6.1
2160,C,Madhya Pradesh,Bhopal,31,Male,67,168,64,Normal,1,0,0,0,1,5.3
2162,NW,Jammu And Kashmir,Jammu,42,Female,121,168,75,Normal,0,0,0,0,1,6.2
2163,C,Madhya Pradesh,Bhopal,23,Female,93,168,71,Normal,1,0,0,0,1,5.7
2164,NW,Jammu And Kashmir,Jammu,46,Female,101,148,52,Normal,0,0,0,0,1,6.7
2165,C,Madhya Pradesh,Bhopal,63,Female,87,144,51,Normal,0,0,0,0,1,6
2170,NW,Jammu And Kashmir,Jammu,28,Female,80,150,57,Normal,0,0,5,1,4,4.8
2171,NW,Jammu And Kashmir,Jammu,50,Female,109,160,76,Normal,0,0,0,0,1,5
2173,NW,Jammu And Kashmir,Jammu,30,Female,92,159,68,Normal,0,0,5,1,2,5.1
2176,NW,Jammu And Kashmir,Jammu,50,Female,90,160,70,Normal,0,0,5,1,2,6
2177,NW,Jammu And Kashmir,Jammu,70,Male,99,175,82,Normal,0,0,2,2,1,5.1
2178,NW,Jammu And Kashmir,Jammu,55,Male,90,160,65,Normal,0,0,4,0,4,5.9
2180,C,Madhya Pradesh,Bhopal,62,Male,84,155,50,Normal,0,0,6,4,4,5.8
2181,NW,Jammu And Kashmir,Jammu,42,Female,88,150,51,Normal,0,0,1,1,1,4.8
2183,NW,Jammu And Kashmir,Jammu,70,Female,90,162,63,Normal,1,0,1,1,1,5.9
2184,NW,Jammu And Kashmir,Jammu,74,Male,103,147,62,Normal,0,0,2,1,1,5.6
2185,NW,Jammu And Kashmir,Jammu,28,Male,106,165,57,Normal,0,0,1,1,1,5.3
2187,NW,Jammu And Kashmir,Jammu,70,Male,92,158,45,Normal,0,0,0,0,1,5.3
2189,C,Madhya Pradesh,Bhopal,43,Male,97,164,70,Normal,0,0,0,0,1,5.6
2190,NW,Jammu And Kashmir,Jammu,46,Female,102,169,62,Normal,0,0,1,2,1,8.9
2191,NW,Jammu And Kashmir,Jammu,45,Female,106,173,53,Normal,0,0,0,0,1,5.4
2192,C,Madhya Pradesh,Bhopal,38,Female,78,153,78,Normal,1,1,6,6,1,6
2194,NW,Jammu And Kashmir,Jammu,43,Female,98,169,80,Normal,0,0,0,0,1,5.3
2195,NW,Jammu And Kashmir,Jammu,66,Male,102,167,84,Normal,0,0,1,2,1,5.7
2201,NW,Jammu And Kashmir,Jammu,42,Female,109,160,75,Normal,0,0,0,0,1,4.9
2202,C,Madhya Pradesh,Bhopal,42,Male,100,165,99,Normal,0,0,1,0,2,5.2
2205,C,Madhya Pradesh,Bhopal,40,Male,97,166,65,Normal,0,0,6,0,2,5.4
2206,C,Madhya Pradesh,Bhopal,50,Male,94,173,70,Normal,0,0,5,6,1,5.8
2209,C,Madhya Pradesh,Bhopal,38,Male,108,165,81,Normal,1,0,0,0,1,4.9
2210,NW,Jammu And Kashmir,Jammu,30,Male,93,166,71,Normal,0,0,0,0,1,4.6
2212,C,Madhya Pradesh,Bhopal,52,Male,96,181,54,Normal,0,0,1,1,1,5.2
2215,E,Orissa,Bargarh,43,Female,89,148,63,Normal,0,0,1,1,1,6.8
2217,C,Madhya Pradesh,Bhopal,63,Male,128,170,110,Normal,0,0,5,6,1,5.4
2218,NW,Jammu And Kashmir,Jammu,30,Female,80,167,75,Normal,0,0,0,0,1,5.3
2219,C,Madhya Pradesh,Bhopal,38,Female,103,155,70,Normal,0,0,3,0,1,5.3
2221,NW,Jammu And Kashmir,Jammu,36,Female,95,135,65,Normal,0,0,5,1,1,4.9
2224,NW,Jammu And Kashmir,Jammu,27,Female,109,157,45,Normal,0,0,1,0,1,4.9
2227,C,Madhya Pradesh,Bhopal,62,Female,98,142,50,Normal,0,0,1,1,1,5.7
2229,C,Madhya Pradesh,Bhopal,63,Male,98,161,75,Normal,0,0,0,0,4,6.1
2242,NE,Manipur,Imphal West,48,Male,80,165,58,Normal,0,0,3,3,3,6.2
2244,E,Orissa,Bargarh,38,Male,102,156,69,Normal,1,0,0,0,3,5.4
2247,NE,Manipur,Imphal West,45,Female,86,147,54,Normal,0,0,6,3,6,5.3
2248,NW,Jammu And Kashmir,Jammu,25,Female,90,162,62,Normal,0,0,0,0,1,5.2
2251,NE,Manipur,Imphal West,50,Female,93,157,53,Normal,0,0,4,1,6,5.2
2253,NW,Jammu And Kashmir,Jammu,42,Male,100,165,60,Normal,0,0,5,2,4,5.6
2255,NE,Manipur,Imphal West,52,Male,95,163,70,Normal,0,0,6,3,3,5.8
2256,NE,Manipur,Imphal West,35,Female,88,152,60,Normal,0,0,2,2,2,6.5
2259,C,Madhya Pradesh,Bhopal,52,Male,95,164,68,Normal,0,0,0,1,1,5.4
2261,E,Orissa,Bargarh,48,Female,83,143,50,Normal,0,0,6,4,2,6.5
2266,E,Orissa,Bargarh,36,Female,70,161,70,Normal,0,0,0,2,1,5.7
2267,E,Orissa,Bargarh,50,Female,104,149,66,Normal,0,0,1,1,4,5.8
2268,NE,Manipur,Imphal West,63,Female,89,150,51,Normal,0,0,4,4,4,5.3
2270,NE,Manipur,Imphal West,38,Female,93,155,93,Normal,0,0,0,1,1,6
2271,NE,Manipur,Imphal West,45,Female,108,155,77,Normal,0,0,5,4,4,5.6
2272,NE,Manipur,Imphal West,56,Female,93,151,58,Normal,0,0,6,2,3,5.4
2277,E,Orissa,Bargarh,45,Female,105,147,70,Normal,0,0,0,2,4,6.4
2286,NW,Jammu And Kashmir,Jammu,32,Male,99,148,60,Normal,0,0,2,1,1,5
2288,NE,Manipur,Imphal West,42,Female,98,160,67,Normal,0,0,6,6,6,4.9
2297,C,Madhya Pradesh,Bhopal,25,Female,123,152,110,Normal,0,0,0,0,2,4.6
2299,NE,Manipur,Imphal West,60,Female,85,154,57,Normal,0,0,6,6,3,5.7
2301,C,Madhya Pradesh,Bhopal,40,Female,90,150,65,Normal,0,0,4,0,3,5.2
2304,NE,Manipur,Imphal West,60,Male,75,166,55,Normal,0,0,4,1,3,5.5
2306,NW,Jammu And Kashmir,Jammu,46,Male,104,146,63,Normal,0,0,2,1,1,6.1
2307,NE,Manipur,Imphal West,42,Female,99,157,71,Normal,0,0,5,6,1,6.4
2308,E,Orissa,Bargarh,67,Male,63,170,63,Normal,0,0,0,2,2,5.8
2311,NE,Manipur,Imphal West,42,Female,103,143,66,Normal,0,0,4,3,4,6
2312,NW,Jammu And Kashmir,Jammu,51,Male,108,174,100,Normal,0,0,2,1,1,6.5
2318,E,Orissa,Bargarh,42,Female,84,134,49,Normal,0,0,0,0,1,5.1
2319,C,Madhya Pradesh,Bhopal,38,Male,93,173,75,Normal,0,0,3,0,3,4.9
2325,NW,Jammu And Kashmir,Jammu,52,Female,103,153,56,Normal,0,0,0,0,1,5.6
2327,C,Madhya Pradesh,Bhopal,45,Female,80,151,50,Normal,0,0,6,3,5,5.5
2329,E,Orissa,Bargarh,60,Male,100,155,88,Normal,0,0,0,2,2,7.9
2330,NE,Manipur,Imphal West,29,Female,106,160,86,Normal,0,0,5,2,4,5.6
2331,NW,Jammu And Kashmir,Jammu,36,Female,106,182,49,Normal,0,0,2,2,1,6.2
2334,NE,Manipur,Imphal West,46,Female,102,159,73,Normal,0,0,6,5,3,6.3
2335,NE,Manipur,Imphal West,51,Female,92,154,61,Normal,0,0,6,3,2,6.9
2339,NW,Jammu And Kashmir,Jammu,50,Female,89,152,59,Normal,0,0,0,0,1,5.5
2340,NW,Jammu And Kashmir,Jammu,45,Female,120,144,89,Normal,0,0,0,0,1,5.5
2341,E,Orissa,Bargarh,62,Female,81,152,70,Normal,0,0,2,3,3,7.2
2344,NW,Jammu And Kashmir,Jammu,45,Male,90,158,55,Normal,0,0,4,0,4,5.6
2345,NE,Manipur,Imphal West,59,Female,111,150,73,Normal,0,0,6,4,4,6
2346,NW,Jammu And Kashmir,Jammu,39,Female,97,148,55,Normal,0,0,0,1,4,4.7
2347,NW,Jammu And Kashmir,Jammu,40,Female,96,161,72,Normal,0,0,1,1,1,6.5
2348,NE,Manipur,Imphal West,40,Female,103,164,71,Normal,0,0,3,3,3,6
2352,C,Madhya Pradesh,Bhopal,38,Female,95,157,73,Normal,0,0,0,0,3,5
2353,NE,Manipur,Imphal West,48,Female,77,156,53,Normal,0,0,6,1,2,5.7
2356,NE,Manipur,Imphal West,53,Female,90,162,66,Normal,0,0,2,6,1,5.5
2357,E,Orissa,Bargarh,53,Female,100,168,76,Normal,1,0,2,2,2,6.7
2359,E,Orissa,Bargarh,40,Female,100,156,63,Normal,0,0,1,1,2,6
2360,C,Madhya Pradesh,Bhopal,67,Male,100,160,69,Normal,0,0,1,0,4,5.6
2363,C,Madhya Pradesh,Bhopal,45,Male,93,179,77,Normal,0,0,0,3,2,6.1
2365,NE,Manipur,Imphal West,38,Female,85,156,56,Normal,1,1,3,2,4,5.3
2366,NE,Manipur,Imphal West,52,Female,85,155,58,Normal,0,0,5,6,2,5.5
2367,NE,Manipur,Imphal West,59,Female,82,148,56,Normal,0,0,6,1,3,5.2
2369,NE,Manipur,Imphal West,55,Male,113,162,88,Normal,0,0,2,1,3,6.4
2370,NW,Jammu And Kashmir,Jammu,27,Male,101,148,49,Normal,0,0,2,1,1,5.6
2371,NE,Manipur,Imphal West,51,Female,96,159,63,Normal,0,0,6,6,3,5.7
2373,NE,Manipur,Imphal West,46,Female,94,145,60,Normal,0,0,2,2,1,5.3
2374,NE,Manipur,Imphal West,58,Female,95,161,61,Normal,0,1,1,4,2,5.6
2376,NW,Jammu And Kashmir,Jammu,45,Female,106,161,78,Normal,0,0,0,0,1,4.9
2378,NE,Manipur,Imphal West,49,Female,94,153,64,Normal,0,0,4,1,1,5
2382,NE,Manipur,Imphal West,45,Female,90,154,60,Normal,0,0,2,2,1,4.9
2384,NE,Manipur,Imphal West,54,Female,92,153,57,Normal,0,0,5,4,1,5.3
2385,NE,Manipur,Imphal West,50,Female,86,152,54,Normal,0,1,5,4,3,5.7
2389,C,Madhya Pradesh,Bhopal,33,Male,91,165,65,Normal,1,0,6,0,1,5.2
2391,C,Madhya Pradesh,Bhopal,55,Female,98,142,60,Normal,0,0,6,0,1,5.9
2394,NW,Jammu And Kashmir,Jammu,64,Male,99,180,90,Normal,0,0,0,0,1,5.1
2396,NW,Jammu And Kashmir,Jammu,28,Female,114,160,81,Normal,0,0,1,2,1,5.9
2398,C,Madhya Pradesh,Bhopal,37,Female,85,154,50,Normal,0,0,0,0,4,5.3
2399,C,Madhya Pradesh,Bhopal,62,Male,78,147,52,Normal,0,0,0,0,6,5.7
2402,NW,Jammu And Kashmir,Jammu,59,Male,90,170,68,Normal,0,0,1,0,1,11.4
2405,NW,Jammu And Kashmir,Jammu,35,Male,101,165,73,Normal,0,0,1,1,1,7.5
2406,NW,Jammu And Kashmir,Jammu,65,Female,101,162,80,Normal,0,0,0,0,1,6.8
2407,NW,Jammu And Kashmir,Jammu,42,Female,102,145,76,Normal,0,0,1,0,2,5.2
2408,NW,Jammu And Kashmir,Jammu,62,Male,97,166,70,Normal,0,0,1,0,1,6.1
2416,NW,Jammu And Kashmir,Jammu,50,Female,102,148,61,Normal,0,0,0,0,1,6.6
2417,NW,Jammu And Kashmir,Jammu,55,Male,98,165,75,Normal,0,0,4,0,2,7.2
2420,NW,Jammu And Kashmir,Jammu,52,Male,100,174,71,Normal,0,0,1,1,2,9.1
2423,C,Madhya Pradesh,Bhopal,47,Male,89,152,56,Normal,0,0,1,0,1,8.5
2425,NW,Jammu And Kashmir,Jammu,39,Female,100,158,60,Normal,0,0,0,0,1,4.9
2429,NW,Jammu And Kashmir,Jammu,27,Female,91,165,66,Normal,0,0,5,2,4,5
2436,NW,Jammu And Kashmir,Jammu,65,Male,101,160,71,Normal,0,0,1,0,1,9.7
2438,E,Orissa,Bargarh,47,Female,108,154,65,Normal,0,0,1,0,2,5.6
2440,E,Orissa,Bargarh,43,Female,110,154,65,Normal,0,0,0,1,2,5.7
2441,E,Orissa,Bargarh,50,Female,71,142,51,Normal,0,0,2,2,3,10.1
2443,NW,Jammu And Kashmir,Jammu,64,Male,104,175,82,Normal,0,0,4,1,4,7.6
2445,NW,Jammu And Kashmir,Jammu,45,Female,110,149,63,Normal,0,0,1,0,1,6.3
2446,NW,Jammu And Kashmir,Jammu,57,Male,100,193,90,Normal,0,1,0,0,2,5.6
2447,NW,Jammu And Kashmir,Jammu,54,Female,110,169,75,Normal,0,0,0,1,1,6.5
2448,NW,Jammu And Kashmir,Jammu,61,Male,87,155,65,Normal,0,0,2,0,1,5.2
2449,NW,Jammu And Kashmir,Jammu,22,Male,101,150,50,Normal,0,0,5,1,4,5.8
2450,NW,Jammu And Kashmir,Jammu,38,Female,125,163,98,Normal,0,0,0,0,2,10.5
2452,NW,Jammu And Kashmir,Jammu,70,Male,106,156,65,Normal,0,0,0,0,2,5.4
2455,NW,Jammu And Kashmir,Jammu,29,Female,106,150,69,Normal,0,0,2,2,1,5.2
2459,NW,Jammu And Kashmir,Jammu,35,Male,100,160,50,Normal,0,0,3,2,4,5.7
2461,NW,Jammu And Kashmir,Jammu,42,Female,100,165,54,Normal,0,0,3,0,1,5.1
2466,NW,Jammu And Kashmir,Jammu,24,Male,103,147,60,Normal,0,0,1,1,1,4.9
2467,NW,Jammu And Kashmir,Jammu,70,Female,85,165,53,Normal,0,1,0,0,1,5.2
2469,C,Madhya Pradesh,Bhopal,50,Male,80,159,50,Normal,0,0,6,6,4,5.6
2470,C,Madhya Pradesh,Bhopal,23,Female,93,160,59,Normal,0,0,0,0,6,5.5
2477,NW,Jammu And Kashmir,Jammu,40,Male,103,156,90,Normal,1,1,1,2,1,4.8
2478,NW,Jammu And Kashmir,Jammu,53,Male,99,165,68,Normal,0,0,3,2,2,5.2
2480,NW,Jammu And Kashmir,Jammu,53,Female,99,155,68,Normal,0,0,3,0,1,5.6
2481,C,Madhya Pradesh,Bhopal,30,Male,91,175,61,Normal,0,0,1,1,1,5.3
2483,NW,Jammu And Kashmir,Jammu,50,Female,111,150,82,Normal,0,0,0,0,1,5.5
2484,NW,Jammu And Kashmir,Jammu,50,Female,85,165,66,Normal,0,0,2,0,1,7.5
2485,NW,Jammu And Kashmir,Jammu,57,Male,102,167,66,Normal,0,0,2,1,1,7.9
2487,C,Madhya Pradesh,Bhopal,56,Male,94,165,77,Normal,0,1,0,0,2,5.9
2488,C,Madhya Pradesh,Bhopal,36,Female,91,152,55,Normal,0,0,0,0,1,5.6
2489,C,Madhya Pradesh,Bhopal,65,Male,91,160,65,Normal,0,0,0,0,3,5.6
2490,NW,Jammu And Kashmir,Jammu,38,Female,103,153,58,Normal,0,0,1,1,1,5.2
2494,NW,Jammu And Kashmir,Jammu,67,Male,101,160,60,Normal,0,0,3,3,1,6.1
2495,E,Orissa,Bargarh,31,Female,99,159,72,Normal,0,0,1,1,2,4.7
2497,NW,Jammu And Kashmir,Jammu,52,Male,103,147,69,Normal,0,0,2,1,1,5.7
2498,NW,Jammu And Kashmir,Jammu,70,Male,103,157,65,Normal,0,0,2,1,1,5.5
2500,NW,Jammu And Kashmir,Jammu,70,Male,101,161,69,Normal,0,0,2,1,1,5.7
2501,NW,Jammu And Kashmir,Jammu,60,Male,102,165,71,Normal,1,1,1,1,1,13.8
2507,C,Madhya Pradesh,Bhopal,38,Male,92,170,56,Normal,0,0,0,0,3,5.7
2508,NW,Jammu And Kashmir,Jammu,49,Male,98,168,65,Normal,0,0,0,0,2,4.5
2509,NW,Jammu And Kashmir,Jammu,43,Female,90,160,56,Normal,0,0,0,2,1,5
2515,C,Madhya Pradesh,Bhopal,23,Female,93,161,75,Normal,0,0,6,6,2,5.5
2516,NW,Jammu And Kashmir,Jammu,32,Female,102,177,65,Normal,0,0,1,0,2,11.1
2521,NW,Jammu And Kashmir,Jammu,36,Male,99,165,77,Normal,0,1,6,0,1,5.1
2522,NW,Jammu And Kashmir,Jammu,38,Female,110,165,73,Normal,0,0,0,0,2,5.2
2524,NW,Jammu And Kashmir,Jammu,70,Male,103,148,60,Normal,0,0,3,1,1,5.5
2526,NW,Jammu And Kashmir,Jammu,45,Female,99,145,45,Normal,0,0,0,1,1,5.7
2527,C,Madhya Pradesh,Bhopal,50,Female,101,150,61,Normal,0,0,0,0,3,8.1
2528,NW,Jammu And Kashmir,Jammu,40,Female,87,152,55,Normal,0,0,0,2,1,5.1
2530,NW,Jammu And Kashmir,Jammu,35,Female,92,166,54,Normal,0,0,0,0,1,5.3
2532,NW,Jammu And Kashmir,Jammu,50,Female,96,152,63,Normal,0,1,3,0,1,7.1
2533,NW,Jammu And Kashmir,Jammu,60,Female,102,167,72,Normal,0,0,0,1,1,13.7
2539,E,Orissa,Bargarh,47,Female,96,155,60,Normal,0,0,2,2,3,5.1
2540,NW,Jammu And Kashmir,Jammu,47,Male,105,170,80,Normal,0,0,1,1,1,5.4
2542,NW,Jammu And Kashmir,Jammu,60,Female,86,153,55,Normal,0,0,5,2,4,5.2
2543,NW,Jammu And Kashmir,Jammu,65,Female,105,163,66,Normal,0,0,0,0,2,5.2
2545,NW,Jammu And Kashmir,Jammu,70,Male,102,167,72,Normal,0,0,1,1,1,5.5
2547,C,Madhya Pradesh,Bhopal,40,Female,104,151,61,Normal,1,1,0,0,1,7.3
2550,NW,Jammu And Kashmir,Jammu,33,Male,84,167,64,Normal,0,0,0,0,1,11.5
2553,NE,Manipur,Imphal West,47,Female,96,152,64,Normal,0,0,6,4,2,5.7
2557,NW,Jammu And Kashmir,Jammu,30,Female,101,149,56,Normal,0,0,0,0,1,5.3
2561,C,Madhya Pradesh,Bhopal,44,Male,100,163,70,Normal,0,0,0,1,2,5.1
2562,E,West Bengal,Bardhaman,35,Male,86,167,64,Normal,0,0,0,0,1,5.2
2565,E,West Bengal,Bardhaman,42,Female,87,146,50,Normal,0,0,2,2,2,13
2567,C,Madhya Pradesh,Bhopal,56,Male,77,145,45,Normal,0,0,6,6,2,5.5
2571,C,Madhya Pradesh,Bhopal,50,Female,94,157,70,Normal,0,0,6,6,1,6.5
2572,E,West Bengal,Bardhaman,36,Female,83,152,53,Normal,0,0,1,1,1,5.8
2573,E,West Bengal,Bardhaman,38,Female,78,125,52,Normal,0,0,1,1,1,5.7
2575,NW,Jammu And Kashmir,Jammu,55,Male,102,170,79,Normal,0,0,5,1,2,5.2
2577,E,Jharkhand,Hazaribag,50,Female,98,153,55,Normal,0,0,1,2,2,6.2
2582,C,Madhya Pradesh,Bhopal,60,Female,88,150,88,Normal,0,0,2,0,4,5.9
2585,NW,Jammu And Kashmir,Jammu,60,Male,91,164,68,Normal,0,0,5,1,4,4.9
2586,C,Madhya Pradesh,Bhopal,60,Female,99,141,63,Normal,0,0,0,0,1,6.2
2587,E,West Bengal,Bardhaman,62,Male,90,167,52,Normal,0,0,2,3,5,6.1
2596,NW,Jammu And Kashmir,Jammu,45,Female,103,158,65,Normal,0,0,0,0,1,4.6
2597,C,Madhya Pradesh,Bhopal,50,Female,92,152,68,Normal,0,0,6,5,1,5.2
2607,NW,Jammu And Kashmir,Jammu,36,Male,85,170,90,Normal,0,0,3,1,4,5.3
2608,C,Madhya Pradesh,Bhopal,42,Male,92,168,50,Normal,0,0,1,1,2,5.8
2620,C,Madhya Pradesh,Bhopal,28,Female,93,152,69,Normal,0,0,6,6,1,5.7
2623,NW,Jammu And Kashmir,Jammu,39,Female,93,144,59,Normal,0,0,2,0,1,4.5
2625,C,Madhya Pradesh,Bhopal,65,Female,92,145,62,Normal,0,0,0,0,1,5.7
2626,C,Madhya Pradesh,Bhopal,67,Male,85,157,45,Normal,0,1,6,6,1,8.5
2631,NW,Jammu And Kashmir,Jammu,58,Male,98,165,75,Normal,0,0,2,1,1,5.5
2635,C,Madhya Pradesh,Bhopal,43,Female,86,143,57,Normal,0,0,4,6,2,5.5
2636,NW,Jammu And Kashmir,Jammu,42,Male,100,168,72,Normal,0,0,2,1,1,4.9
2640,C,Madhya Pradesh,Bhopal,59,Male,88,163,67,Normal,0,0,1,0,2,5
2643,C,Madhya Pradesh,Bhopal,54,Female,110,158,91,Normal,0,0,0,3,1,5.2
2645,NW,Jammu And Kashmir,Jammu,52,Male,102,153,68,Normal,0,0,2,1,1,5.2
2646,NW,Jammu And Kashmir,Jammu,70,Female,96,158,43,Normal,0,0,2,0,2,5.5
2653,C,Madhya Pradesh,Bhopal,37,Female,80,156,60,Normal,0,0,6,0,3,5.1
2654,C,Madhya Pradesh,Bhopal,50,Female,92,156,55,Normal,0,0,6,6,1,6.8
2655,C,Madhya Pradesh,Bhopal,40,Male,92,177,72,Normal,0,0,0,0,2,5.6
2656,E,West Bengal,Bardhaman,35,Female,67,158,48,Normal,0,0,6,5,1,7.2
2657,C,Madhya Pradesh,Bhopal,30,Male,86,163,68,Normal,0,0,0,0,4,5.6
2658,C,Madhya Pradesh,Bhopal,58,Male,100,154,65,Normal,0,0,6,6,4,11.1
2659,C,Madhya Pradesh,Bhopal,50,Female,98,154,65,Normal,0,0,5,6,2,6.6
2662,C,Madhya Pradesh,Bhopal,70,Male,102,173,76,Normal,0,0,1,1,1,8.4
2664,NW,Jammu And Kashmir,Jammu,35,Male,99,160,62,Normal,0,0,2,1,1,5
2666,NW,Jammu And Kashmir,Jammu,35,Female,80,140,48,Normal,0,0,0,0,1,4.7
2667,NW,Jammu And Kashmir,Jammu,55,Male,102,171,72,Normal,0,0,1,1,1,5.4
2668,C,Madhya Pradesh,Bhopal,48,Male,90,170,77,Normal,0,0,6,3,4,5.6
2671,NW,Jammu And Kashmir,Jammu,59,Male,98,170,81,Normal,0,0,2,1,1,12.7
2672,NW,Jammu And Kashmir,Jammu,70,Male,84,167,41,Normal,0,0,0,0,1,5.2
2679,E,West Bengal,Bardhaman,38,Male,105,158,78,Normal,0,0,1,1,2,5.9
2680,C,Madhya Pradesh,Bhopal,45,Female,75,159,55,Normal,0,1,0,0,5,4.9
2683,NW,Jammu And Kashmir,Jammu,42,Male,100,167,100,Normal,0,0,2,1,1,5
2685,NW,Jammu And Kashmir,Jammu,70,Female,101,162,70,Normal,0,0,0,0,1,6.1
2690,C,Madhya Pradesh,Bhopal,56,Male,83,154,49,Normal,0,0,0,0,4,5.7
2691,E,Jharkhand,Hazaribag,39,Female,110,150,67,Normal,0,0,2,5,3,5.3
2694,C,Madhya Pradesh,Bhopal,60,Male,84,150,50,Normal,0,0,0,0,3,4.9
2695,C,Madhya Pradesh,Bhopal,48,Female,100,148,67,Normal,0,0,0,0,1,5.9
2696,C,Madhya Pradesh,Bhopal,48,Male,103,167,62,Normal,0,0,0,0,6,5.3
2698,NW,Jammu And Kashmir,Jammu,55,Male,98,146,68,Normal,0,0,2,1,6,6.3
2700,NW,Jammu And Kashmir,Jammu,50,Female,91,166,55,Normal,0,0,0,0,1,5.7
2704,E,Jharkhand,Hazaribag,50,Male,86,150,51,Normal,0,0,2,6,2,5
2709,NW,Jammu And Kashmir,Jammu,65,Female,93,166,55,Normal,0,0,2,3,2,5.5
2711,C,Madhya Pradesh,Bhopal,70,Female,82,152,55,Normal,0,0,0,0,1,6.5
2712,C,Madhya Pradesh,Bhopal,64,Male,92,175,64,Normal,0,0,6,0,1,11.1
2714,C,Madhya Pradesh,Bhopal,77,Male,90,160,74,Normal,0,0,0,0,1,5.7
2715,C,Madhya Pradesh,Bhopal,34,Male,84,152,48,Normal,0,0,1,1,1,5
2716,C,Madhya Pradesh,Bhopal,55,Male,99,162,66,Normal,0,0,1,1,3,6.2
2717,E,West Bengal,Bardhaman,50,Female,70,149,43,Normal,0,0,6,5,4,5.6
2718,E,West Bengal,Bardhaman,40,Female,91,149,61,Normal,0,0,2,2,2,7.3
2727,C,Madhya Pradesh,Bhopal,59,Female,98,153,98,Normal,0,0,0,0,3,5.9
2728,E,Jharkhand,Hazaribag,55,Female,84,149,45,Normal,0,1,6,1,5,8
2732,E,West Bengal,Bardhaman,40,Female,96,158,57,Normal,0,0,0,0,1,5.3
2737,E,West Bengal,Bardhaman,50,Female,75,146,48,Normal,0,0,1,0,2,5.1
2738,C,Madhya Pradesh,Bhopal,55,Female,89,142,55,Normal,0,0,6,1,2,7.2
2740,C,Madhya Pradesh,Bhopal,31,Female,82,156,51,Normal,0,0,0,0,4,5.1
2743,E,Jharkhand,Hazaribag,42,Male,93,155,65,Normal,0,0,0,6,2,5.3
2746,NW,Jammu And Kashmir,Jammu,58,Male,96,169,68,Normal,0,0,5,1,4,6.5
2747,E,West Bengal,Bardhaman,50,Female,83,149,45,Normal,0,0,1,0,2,5.7
2749,NW,Jammu And Kashmir,Jammu,65,Female,101,160,70,Normal,0,0,4,0,4,5.5
2751,NW,Jammu And Kashmir,Jammu,70,Female,82,166,56,Normal,0,0,0,0,1,6.1
2755,C,Madhya Pradesh,Bhopal,32,Male,90,177,69,Normal,0,0,0,0,2,4.4
2756,NE,Manipur,Imphal West,30,Female,83,149,58,Normal,0,0,3,1,3,5.2
2757,NW,Jammu And Kashmir,Jammu,32,Male,103,166,58,Normal,0,0,2,1,1,5.4
2761,E,Orissa,Bargarh,48,Female,78,146,78,Normal,0,0,0,0,3,4.9
2763,E,Orissa,Bargarh,56,Male,102,169,89,Normal,1,0,0,0,3,5.2
2764,NE,Manipur,Imphal West,53,Male,97,171,84,Normal,0,0,6,5,2,6.2
2765,NW,Jammu And Kashmir,Jammu,50,Male,100,165,96,Normal,0,0,0,0,1,4.9
2766,NE,Manipur,Imphal West,53,Male,101,163,76,Normal,0,0,6,0,2,5.1
2768,NW,Jammu And Kashmir,Jammu,35,Male,114,182,105,Normal,0,0,1,2,1,11
2769,NW,Jammu And Kashmir,Jammu,37,Female,100,169,68,Normal,0,0,0,0,4,5.2
2770,E,Orissa,Bargarh,54,Female,87,154,55,Normal,0,0,0,0,2,5.6
2771,E,Orissa,Bargarh,33,Female,80,154,55,Normal,0,0,0,0,2,4.6
2772,E,Orissa,Bargarh,34,Female,103,153,80,Normal,0,0,0,0,2,5.4
2774,E,Orissa,Bargarh,39,Female,73,159,94,Normal,1,0,6,0,2,4.9
2775,E,Orissa,Bargarh,57,Male,79,167,79,Normal,0,0,0,0,1,5
2776,NW,Jammu And Kashmir,Jammu,48,Male,102,155,65,Normal,0,0,0,0,2,5.6
2779,E,Orissa,Bargarh,60,Female,89,154,52,Normal,0,0,5,2,1,5.2
2780,E,Orissa,Bargarh,48,Female,89,133,64,Normal,0,0,1,1,1,5.3
2781,C,Madhya Pradesh,Bhopal,41,Male,102,168,84,Normal,0,0,5,0,3,5.7
2786,NW,Jammu And Kashmir,Jammu,70,Male,98,156,65,Normal,0,0,1,1,1,7
2787,C,Madhya Pradesh,Bhopal,50,Female,80,165,57,Normal,0,0,3,0,2,4.6
2789,E,Orissa,Bargarh,45,Female,88,152,56,Normal,0,0,0,0,3,5.1
2791,E,Orissa,Bargarh,45,Female,87,158,61,Normal,0,0,6,6,1,4.9
2798,C,Madhya Pradesh,Bhopal,70,Female,116,165,67,Normal,0,0,0,0,1,6
2806,C,Madhya Pradesh,Bhopal,45,Female,84,155,62,Normal,0,0,2,6,2,5.1
2816,NE,Manipur,Imphal West,51,Female,107,144,70,Normal,0,0,1,3,2,8.4
2817,C,Madhya Pradesh,Bhopal,66,Male,70,160,52,Normal,0,0,0,0,1,6
2821,E,Orissa,Bargarh,51,Male,93,162,68,Normal,0,0,0,0,2,6.7
2822,NE,Manipur,Imphal West,44,Female,106,147,72,Normal,0,1,5,4,3,5.3
2823,NE,Manipur,Imphal West,62,Female,102,150,64,Normal,0,0,2,2,1,5.9
2824,NW,Jammu And Kashmir,Jammu,62,Male,99,140,60,Normal,0,0,2,1,1,7.6
2826,E,Orissa,Bargarh,60,Female,102,147,65,Normal,0,0,2,2,2,5.2
2829,NW,Jammu And Kashmir,Jammu,70,Male,103,168,75,Normal,0,0,2,1,1,5.1
2830,E,Orissa,Bargarh,64,Male,79,160,41,Normal,0,0,0,0,3,5.6
2832,E,Orissa,Bargarh,53,Female,93,143,64,Normal,0,0,1,1,3,5
2833,C,Madhya Pradesh,Bhopal,20,Male,70,148,42,Normal,0,0,1,0,3,5.2
2835,NE,Manipur,Imphal West,52,Male,96,165,79,Normal,0,0,1,1,1,5.5
2837,NW,Jammu And Kashmir,Jammu,35,Female,102,155,62,Normal,0,0,2,2,1,5.8
2838,NE,Manipur,Imphal West,47,Female,101,146,65,Normal,0,0,0,0,2,5.8
2839,NE,Manipur,Imphal West,55,Female,104,155,72,Normal,0,1,6,3,2,5.6
2840,C,Madhya Pradesh,Bhopal,27,Male,98,161,76,Normal,0,0,6,6,5,5
2841,C,Madhya Pradesh,Bhopal,60,Female,95,156,67,Normal,0,0,6,0,4,5.5
2842,NE,Manipur,Imphal West,65,Female,89,147,56,Normal,0,0,5,4,3,5.3
2844,NE,Manipur,Imphal West,69,Female,94,140,49,Normal,0,0,1,1,1,5.7
2846,NE,Manipur,Imphal West,52,Female,87,154,53,Normal,0,0,1,0,1,5.8
2848,E,West Bengal,Bardhaman,60,Female,87,153,49,Normal,0,0,3,0,1,5.5
2849,NW,Jammu And Kashmir,Jammu,60,Male,103,148,53,Normal,0,0,2,1,1,5.4
2851,E,West Bengal,Bardhaman,36,Male,87,155,57,Normal,0,0,0,0,1,5.7
2852,C,Madhya Pradesh,Bhopal,52,Male,86,171,75,Normal,0,0,1,1,2,5
2853,C,Madhya Pradesh,Bhopal,41,Male,80,176,67,Normal,0,0,0,0,2,4.7
2854,C,Madhya Pradesh,Bhopal,36,Female,90,165,75,Normal,0,0,6,1,1,5.1
2858,NW,Jammu And Kashmir,Jammu,45,Male,102,162,51,Normal,0,0,0,0,1,5.2
2859,E,West Bengal,Bardhaman,21,Female,85,158,60,Normal,0,0,0,6,3,4.9
2860,NW,Jammu And Kashmir,Jammu,47,Male,100,169,76,Normal,0,0,2,0,1,9.7
2861,C,Madhya Pradesh,Bhopal,62,Male,80,163,63,Normal,0,0,4,0,4,5.1
2862,NW,Jammu And Kashmir,Jammu,54,Male,101,175,94,Normal,0,0,0,0,1,6
2864,NW,Jammu And Kashmir,Jammu,54,Female,101,160,52,Normal,0,0,1,1,1,5.5
2869,E,West Bengal,Bardhaman,67,Male,84,140,43,Normal,1,0,2,3,3,5.9
2874,C,Madhya Pradesh,Bhopal,67,Male,84,169,84,Normal,0,0,0,0,2,6
2882,E,West Bengal,Bardhaman,68,Female,94,143,50,Normal,0,0,1,1,1,5.5
2883,E,West Bengal,Bardhaman,22,Male,94,158,60,Normal,0,0,6,6,2,5.4
2884,E,Jharkhand,Hazaribag,45,Female,80,180,57,Normal,0,0,2,1,2,5.9
2890,C,Madhya Pradesh,Bhopal,50,Male,98,174,75,Normal,0,0,1,0,2,5.2
2892,E,West Bengal,Bardhaman,53,Female,83,154,47,Normal,0,0,6,6,1,5.7
2900,E,Jharkhand,Hazaribag,44,Female,116,150,70,Normal,0,0,2,6,3,5.1
2901,C,Madhya Pradesh,Bhopal,54,Male,92,170,72,Normal,1,0,5,2,1,5.8
2902,NW,Jammu And Kashmir,Jammu,40,Female,82,155,75,Normal,0,0,2,1,1,9.6
2904,E,Jharkhand,Hazaribag,48,Male,90,170,59,Normal,0,0,1,1,4,4.9
2905,C,Madhya Pradesh,Bhopal,45,Male,105,170,83,Normal,0,0,0,0,2,5.9
2907,C,Madhya Pradesh,Bhopal,65,Male,78,154,52,Normal,0,0,6,0,4,6
2910,NW,Jammu And Kashmir,Jammu,40,Male,103,163,52,Normal,0,0,4,4,1,5.8
2911,C,Madhya Pradesh,Bhopal,55,Female,103,156,64,Normal,0,0,6,0,1,5.5
2912,NW,Jammu And Kashmir,Jammu,50,Female,92,165,60,Normal,0,0,0,0,1,5.4
2914,C,Madhya Pradesh,Bhopal,38,Female,70,156,52,Normal,1,0,4,0,4,4.9
2917,C,Madhya Pradesh,Gwalior,45,Male,107,173,87,Normal,0,0,0,0,4,5.8
2919,C,Madhya Pradesh,Gwalior,55,Female,87,154,49,Normal,0,0,0,0,2,6.3
2921,S,Karnataka,Bangalore,60,Female,92,155,55,Normal,0,0,1,1,4,10.9
2925,C,Madhya Pradesh,Gwalior,56,Male,85,164,85,Normal,0,0,0,3,5,5.7
2927,C,Madhya Pradesh,Gwalior,54,Female,85,152,49,Normal,0,0,6,6,6,5.5
2928,C,Madhya Pradesh,Gwalior,55,Male,74,162,41,Normal,0,0,2,2,2,5.4
2929,NW,Jammu And Kashmir,Jammu,50,Female,90,155,62,Normal,0,0,5,2,2,5.1
2931,NW,Jammu And Kashmir,Jammu,50,Male,90,162,63,Normal,0,0,4,0,4,5.1
2932,NW,Jammu And Kashmir,Jammu,25,Female,95,164,63,Normal,0,0,4,0,4,5.3
2935,S,Karnataka,Bangalore,74,Male,82,169,59,Normal,0,0,4,2,2,5.5
2937,NE,Meghalaya,East Khasi Hills,42,Male,88,162,70,Normal,0,0,6,0,1,5.9
2938,NW,Jammu And Kashmir,Jammu,58,Male,99,168,65,Normal,0,0,2,1,1,5.6
2939,S,Karnataka,Bangalore,50,Female,88,155,72,Normal,0,0,1,3,3,5.6
2940,S,Karnataka,Bangalore,42,Female,73,158,59,Normal,0,0,0,0,3,6
2943,NE,Meghalaya,East Khasi Hills,50,Male,92,166,67,Normal,0,0,6,0,1,6.4
2944,NE,Meghalaya,East Khasi Hills,35,Male,84,158,67,Normal,0,0,6,0,1,5.3
2945,C,Madhya Pradesh,Gwalior,52,Male,89,172,60,Normal,0,0,0,0,1,5.8
2948,C,Madhya Pradesh,Gwalior,34,Female,105,166,94,Normal,1,0,0,0,1,6.3
2951,NE,Meghalaya,East Khasi Hills,23,Female,95,163,65,Normal,0,0,6,0,1,4.9
2953,NW,Jammu And Kashmir,Jammu,36,Female,98,157,63,Normal,0,0,2,0,4,5.8
2954,NE,Meghalaya,East Khasi Hills,35,Female,86,139,45,Normal,0,0,6,0,1,5.6
2955,NE,Meghalaya,East Khasi Hills,50,Female,86,142,55,Normal,0,0,6,0,1,5.9
2957,E,Jharkhand,Hazaribag,50,Female,91,150,60,Normal,0,0,1,6,6,8.3
2958,NE,Meghalaya,East Khasi Hills,45,Female,100,150,63,Normal,0,0,6,0,1,5.6
2959,NW,Jammu And Kashmir,Jammu,60,Male,92,163,62,Normal,0,0,5,1,4,5.6
2962,S,Karnataka,Bangalore,53,Female,78,155,60,Normal,0,0,0,0,4,5.4
2966,NE,Meghalaya,East Khasi Hills,70,Female,115,145,80,Normal,0,0,6,0,1,9.8
2967,NE,Meghalaya,East Khasi Hills,45,Female,99,136,57,Normal,0,0,6,0,1,7.4
2968,NE,Meghalaya,East Khasi Hills,47,Male,93,158,75,Normal,0,0,6,0,1,6.4
2969,NE,Meghalaya,East Khasi Hills,46,Female,88,140,51,Normal,0,0,6,0,1,5.3
2971,NE,Meghalaya,East Khasi Hills,55,Female,110,137,65,Normal,0,0,6,0,1,6.6
2974,S,Karnataka,Bangalore,40,Female,93,150,61,Normal,0,0,0,0,3,5.8
2985,NW,Jammu And Kashmir,Jammu,28,Female,85,150,50,Normal,0,0,5,1,4,5.9
2986,C,Madhya Pradesh,Gwalior,45,Male,96,166,63,Normal,0,0,0,0,1,5.6
2990,C,Madhya Pradesh,Gwalior,60,Female,65,154,65,Normal,0,0,0,0,4,6.9
2991,N,Uttarakhand,Dehradun,63,Male,88,166,60,Normal,0,0,2,1,5,8.2
2992,S,Karnataka,Hassan,21,Female,71,152,42,Normal,1,0,6,6,1,4.8
3003,NW,Jammu And Kashmir,Jammu,50,Female,90,150,53,Normal,0,0,2,0,4,6.8
3004,NW,Jammu And Kashmir,Jammu,55,Male,92,156,70,Normal,0,0,3,2,4,5.3
3008,S,Karnataka,Hassan,40,Male,96,171,70,Normal,0,0,0,0,3,4.5
3014,E,Jharkhand,Hazaribag,63,Female,84,160,55,Normal,1,0,0,0,1,6.8
3019,S,Karnataka,Bangalore,39,Male,92,167,69,Normal,1,0,0,0,2,5.3
3021,C,Madhya Pradesh,Gwalior,42,Male,70,180,98,Normal,0,0,0,6,2,6.8
3024,C,Madhya Pradesh,Gwalior,40,Male,60,166,59,Normal,1,0,0,0,5,5.9
3028,C,Madhya Pradesh,Gwalior,57,Male,80,170,94,Normal,1,0,0,0,1,5.8
3030,C,Madhya Pradesh,Gwalior,50,Female,70,161,70,Normal,0,0,0,0,1,6.1
3032,NW,Jammu And Kashmir,Jammu,59,Male,102,166,81,Normal,0,0,2,0,4,5.8
3034,NW,Jammu And Kashmir,Jammu,26,Female,91,162,51,Normal,0,0,0,0,1,5.7
3035,NW,Jammu And Kashmir,Jammu,54,Male,100,161,70,Normal,0,0,1,0,1,5.3
3037,C,Madhya Pradesh,Gwalior,45,Male,109,173,88,Normal,0,0,0,0,1,5.5
3041,S,Karnataka,Bangalore,66,Male,84,159,58,Normal,0,0,4,3,1,6.4
3042,NW,Jammu And Kashmir,Jammu,35,Female,102,155,60,Normal,0,0,4,0,4,5.6
3049,NW,Jammu And Kashmir,Jammu,36,Male,101,168,68,Normal,0,0,1,0,1,4.5
3054,NE,Meghalaya,East Khasi Hills,40,Female,80,142,55,Normal,0,1,0,0,3,5.5
3059,C,Madhya Pradesh,Gwalior,60,Male,60,174,75,Normal,0,0,2,3,1,5.6
3061,NW,Jammu And Kashmir,Jammu,62,Male,99,165,68,Normal,0,0,1,0,1,5.6
3062,NW,Jammu And Kashmir,Jammu,45,Female,114,148,75,Normal,0,0,4,0,4,6.3
3063,S,Karnataka,Bangalore,42,Female,90,162,72,Normal,0,1,0,0,1,5.9
3065,C,Madhya Pradesh,Gwalior,55,Female,104,152,70,Normal,0,0,0,0,1,9.7
3067,C,Madhya Pradesh,Gwalior,36,Male,84,180,63,Normal,0,0,0,6,2,6.1
3069,NW,Jammu And Kashmir,Jammu,60,Female,102,148,52,Normal,0,0,5,1,4,13.9
3072,NW,Jammu And Kashmir,Jammu,70,Male,92,140,70,Normal,0,0,5,1,2,5.5
3073,C,Madhya Pradesh,Gwalior,55,Female,90,150,59,Normal,0,0,0,0,3,6.8
3074,NW,Jammu And Kashmir,Jammu,30,Female,80,150,55,Normal,0,0,5,2,2,5.7
3079,S,Karnataka,Bangalore,54,Female,105,158,70,Normal,0,0,1,3,3,6.3
3088,C,Madhya Pradesh,Gwalior,60,Male,92,172,68,Normal,0,0,0,0,6,5.2
3091,S,Karnataka,Bangalore,43,Female,83,161,70,Normal,0,0,0,0,4,5.4
3093,C,Madhya Pradesh,Gwalior,56,Male,106,169,87,Normal,0,0,0,0,1,5.7
3097,S,Karnataka,Bangalore,36,Female,85,152,69,Normal,0,0,0,0,4,6.1
3102,NW,Jammu And Kashmir,Jammu,36,Female,120,155,89,Normal,0,0,0,0,1,5.2
3105,NW,Jammu And Kashmir,Jammu,26,Female,109,158,80,Normal,0,0,1,1,1,5.4
3107,C,Madhya Pradesh,Gwalior,53,Female,90,160,70,Normal,0,1,3,6,3,5.7
3108,NW,Jammu And Kashmir,Jammu,60,Female,98,151,66,Normal,0,0,4,0,4,5.9
3112,NW,Jammu And Kashmir,Jammu,46,Male,104,161,73,Normal,0,0,4,0,4,5.7
3119,NE,Meghalaya,East Khasi Hills,40,Female,86,147,50,Normal,0,1,1,4,3,5.1
3123,C,Madhya Pradesh,Gwalior,35,Male,109,161,86,Normal,0,0,2,6,4,6.2
3124,NE,Meghalaya,East Khasi Hills,55,Female,88,145,47,Normal,0,0,2,1,1,4.9
3127,S,Karnataka,Hassan,26,Male,72,163,49,Normal,0,0,0,0,6,5.2
3129,S,Karnataka,Bangalore,40,Female,96,164,80,Normal,0,0,2,0,3,5.4
3130,NW,Jammu And Kashmir,Jammu,60,Male,103,173,73,Normal,0,0,1,1,2,11.5
3132,S,Karnataka,Bangalore,49,Female,84,155,60,Normal,0,1,3,0,4,5.8
3133,C,Madhya Pradesh,Gwalior,45,Male,98,175,82,Normal,0,0,0,0,6,5.7
3135,S,Karnataka,Bangalore,60,Male,101,172,71,Normal,0,0,6,0,1,6.1
3136,NW,Jammu And Kashmir,Jammu,40,Female,93,167,72,Normal,0,0,1,0,1,5.5
3138,NW,Jammu And Kashmir,Jammu,53,Female,98,160,53,Normal,0,0,5,1,4,5.3
3139,C,Madhya Pradesh,Gwalior,37,Male,104,180,85,Normal,0,0,5,0,4,6
3142,C,Madhya Pradesh,Gwalior,41,Female,103,151,103,Normal,0,0,0,0,2,5.5
3143,NW,Jammu And Kashmir,Jammu,48,Female,90,168,80,Normal,0,0,2,1,1,5.1
3145,C,Madhya Pradesh,Gwalior,46,Male,96,176,80,Normal,0,0,6,1,1,6.1
3146,S,Karnataka,Hassan,24,Female,89,157,66,Normal,0,0,0,0,4,5.1
3149,NW,Jammu And Kashmir,Jammu,62,Female,93,160,51,Normal,1,1,0,0,1,10.3
3150,C,Madhya Pradesh,Gwalior,62,Female,97,149,66,Normal,0,0,1,0,1,5.8
3155,C,Madhya Pradesh,Gwalior,44,Female,115,149,67,Normal,0,0,6,0,1,6.5
3160,S,Karnataka,Bangalore,40,Female,66,161,66,Normal,0,0,6,6,3,5.2
3166,S,Karnataka,Hassan,50,Female,94,143,65,Normal,0,0,0,0,4,5.3
3172,C,Madhya Pradesh,Gwalior,63,Female,103,151,69,Normal,0,0,0,0,1,6.6
3174,C,Madhya Pradesh,Gwalior,60,Female,97,157,79,Normal,0,0,0,0,2,6.8
3175,C,Madhya Pradesh,Gwalior,55,Male,109,167,80,Normal,0,1,1,0,4,6.3
3176,S,Karnataka,Bangalore,48,Female,94,152,60,Normal,1,0,6,0,3,5.5
3177,NW,Jammu And Kashmir,Jammu,25,Female,90,148,62,Normal,0,0,5,2,2,5.6
3179,S,Karnataka,Bangalore,46,Male,93,160,62,Normal,0,0,0,0,5,6
3180,C,Madhya Pradesh,Gwalior,32,Female,99,163,79,Normal,0,1,0,0,2,5.8
3185,S,Karnataka,Bangalore,44,Male,103,155,81,Normal,0,0,3,1,2,5.5
3186,S,Karnataka,Bangalore,46,Male,101,167,71,Normal,0,0,6,3,2,5.3
3188,C,Madhya Pradesh,Gwalior,50,Male,105,184,88,Normal,0,0,6,6,5,5.7
3189,NW,Jammu And Kashmir,Jammu,65,Female,95,150,55,Normal,0,0,4,0,4,5.4
3192,C,Madhya Pradesh,Gwalior,59,Male,117,167,93,Normal,0,0,6,6,3,8.5
3194,S,Karnataka,Bangalore,61,Male,96,173,76,Normal,0,0,4,0,1,5.8
3195,S,Karnataka,Bangalore,41,Female,91,155,58,Normal,1,0,6,0,4,6.5
3196,S,Karnataka,Bangalore,42,Female,76,158,68,Normal,0,0,0,0,3,5.4
3200,C,Madhya Pradesh,Gwalior,45,Female,100,152,75,Normal,0,0,0,2,2,6.1
3201,C,Madhya Pradesh,Gwalior,48,Male,95,170,70,Normal,0,0,3,3,1,5.1
3203,C,Madhya Pradesh,Gwalior,45,Male,130,182,119,Normal,1,0,0,0,1,5
3206,C,Madhya Pradesh,Gwalior,42,Female,111,149,69,Normal,0,0,6,2,3,5.8
3207,C,Madhya Pradesh,Gwalior,45,Male,93,171,69,Normal,0,1,0,0,1,5.7
3208,S,Karnataka,Hassan,58,Female,88,148,49,Normal,0,0,0,0,4,5.5
3213,NE,Assam,Dibrugarh,33,Female,91,152,60,Normal,0,1,0,0,1,5
3227,NE,Assam,Dibrugarh,54,Female,91,152,61,Normal,0,0,0,0,1,4.9
3228,NE,Assam,Dibrugarh,20,Male,88,170,65,Normal,0,0,0,0,1,5
3229,S,Karnataka,Hassan,25,Female,76,150,47,Normal,0,0,0,0,1,5.3
3230,C,Madhya Pradesh,Gwalior,35,Female,98,160,84,Normal,0,0,6,0,3,5.7
3232,NW,Jammu And Kashmir,Jammu,40,Female,96,160,59,Normal,0,0,5,1,4,5.2
3233,S,Karnataka,Hassan,65,Female,83,153,50,Normal,0,0,0,0,1,5.6
3237,NE,Assam,Dibrugarh,62,Female,76,153,62,Normal,0,1,0,0,2,5.2
3239,C,Madhya Pradesh,Gwalior,53,Male,112,165,95,Normal,0,0,6,6,1,5.5
3247,S,Karnataka,Hassan,55,Male,102,168,77,Normal,0,0,0,0,5,7.3
3263,S,Karnataka,Bangalore,45,Male,95,163,70,Normal,1,1,4,2,2,5.9
3264,S,Karnataka,Hassan,24,Female,80,158,46,Normal,0,0,0,0,1,5.3
3265,S,Karnataka,Bangalore,35,Female,84,159,56,Normal,0,0,6,0,1,6
3266,S,Karnataka,Hassan,55,Male,88,166,63,Normal,0,0,0,0,2,5.6
3267,NW,Jammu And Kashmir,Jammu,35,Female,99,155,58,Normal,0,0,5,1,4,5.3
3269,C,Madhya Pradesh,Gwalior,38,Male,111,179,110,Normal,0,0,0,0,2,6.3
3270,S,Karnataka,Hassan,35,Female,107,154,69,Normal,0,0,2,0,1,6.6
3271,C,Madhya Pradesh,Gwalior,56,Female,115,154,71,Normal,0,0,0,0,1,6.1
3274,S,Karnataka,Bangalore,53,Male,99,170,72,Normal,0,0,0,0,1,9.7
3277,C,Madhya Pradesh,Gwalior,38,Male,87,166,67,Normal,1,0,3,1,1,5.4
3278,S,Karnataka,Hassan,60,Female,94,162,60,Normal,0,0,0,0,4,5.3
3282,S,Karnataka,Hassan,40,Female,93,148,60,Normal,0,0,0,0,5,7.3
3284,C,Madhya Pradesh,Gwalior,60,Female,98,153,70,Normal,0,0,0,0,1,5.9
3287,NW,Jammu And Kashmir,Jammu,65,Male,92,162,65,Normal,0,0,1,0,1,5.7
3288,NW,Jammu And Kashmir,Jammu,30,Female,80,156,65,Normal,0,0,5,1,4,5.5
3295,S,Karnataka,Hassan,39,Female,86,154,62,Normal,1,0,0,0,4,5.2
3298,C,Madhya Pradesh,Gwalior,65,Female,91,143,55,Normal,0,0,6,0,3,6.2
3304,C,Madhya Pradesh,Gwalior,40,Female,101,147,67,Normal,0,0,0,0,3,5.2
3312,S,Karnataka,Bangalore,41,Male,86,174,70,Normal,0,0,1,3,4,5.4
3319,NE,Meghalaya,East Khasi Hills,44,Female,89,149,65,Normal,0,0,6,0,1,5.4
3320,NE,Meghalaya,East Khasi Hills,35,Female,93,153,50,Normal,0,0,6,0,1,5.6
3321,NE,Meghalaya,East Khasi Hills,66,Male,92,151,51,Normal,0,0,6,0,1,5.6
3333,NE,Meghalaya,East Khasi Hills,50,Male,100,163,65,Normal,0,0,6,0,1,7.6
3335,NE,Meghalaya,East Khasi Hills,40,Male,97,164,72,Normal,0,0,6,0,1,6.3
3337,S,Karnataka,Bangalore,48,Male,104,170,81,Normal,0,0,6,6,3,6
3340,NE,Meghalaya,East Khasi Hills,74,Male,92,156,55,Normal,0,0,6,0,1,4.9
3341,NE,Meghalaya,East Khasi Hills,70,Female,90,145,50,Normal,0,0,6,0,1,9.3
3342,NE,Meghalaya,East Khasi Hills,60,Male,80,155,59,Normal,0,0,1,1,3,5.9
3345,NE,Meghalaya,East Khasi Hills,21,Female,78,157,44,Normal,0,0,0,0,3,5.1
3346,NE,Meghalaya,East Khasi Hills,46,Female,80,183,52,Normal,0,0,0,0,3,4.6
3347,NE,Meghalaya,East Khasi Hills,43,Female,78,143,48,Normal,0,0,0,0,3,5
3348,NE,Meghalaya,East Khasi Hills,47,Male,78,160,59,Normal,1,0,0,0,5,8.7
3351,NW,Jammu And Kashmir,Jammu,60,Female,92,155,62,Normal,0,0,5,1,4,5.8
3352,NE,Meghalaya,East Khasi Hills,28,Female,75,150,45,Normal,0,0,6,0,1,4.8
3353,NE,Meghalaya,East Khasi Hills,39,Female,69,140,42,Normal,0,0,6,0,1,5.1
3355,NW,Jammu And Kashmir,Jammu,53,Female,99,162,65,Normal,0,0,0,0,1,5.6
3359,NE,Meghalaya,East Khasi Hills,48,Female,101,153,60,Normal,0,0,6,0,1,6.4
3364,NE,Meghalaya,East Khasi Hills,55,Female,111,150,60,Normal,0,0,1,2,1,5.1
3366,NE,Meghalaya,East Khasi Hills,42,Female,81,148,47,Normal,1,0,0,0,3,5.1
3368,NW,Jammu And Kashmir,Jammu,70,Male,90,165,78,Normal,0,0,4,1,1,13.7
3371,S,Karnataka,Bangalore,37,Female,73,157,51,Normal,0,0,5,1,3,5.4
3381,S,Karnataka,Bangalore,59,Female,87,160,60,Normal,0,0,3,2,4,5.6
3383,NW,Jammu And Kashmir,Jammu,48,Male,105,165,61,Normal,0,0,0,0,1,5
3385,S,Karnataka,Bangalore,61,Female,89,151,55,Normal,1,0,2,2,3,5.3
3401,NE,Meghalaya,East Khasi Hills,55,Female,117,157,80,Normal,0,0,6,0,1,5.6
3402,S,Karnataka,Bangalore,35,Female,100,158,82,Normal,0,0,0,0,4,6.9
3403,NE,Meghalaya,East Khasi Hills,50,Female,102,147,59,Normal,0,0,6,0,1,5.6
3404,NE,Meghalaya,East Khasi Hills,40,Male,86,165,60,Normal,0,0,6,0,1,6.2
3405,NE,Meghalaya,East Khasi Hills,46,Male,99,162,70,Normal,0,0,6,0,1,4.2
3406,E,Jharkhand,Hazaribag,55,Female,100,152,69,Normal,1,0,0,0,1,6.3
3407,NE,Meghalaya,East Khasi Hills,38,Male,102,172,75,Normal,0,0,6,0,1,5.6
3410,NE,Meghalaya,East Khasi Hills,27,Female,101,161,65,Normal,0,0,6,0,1,5.4
3412,E,Jharkhand,Hazaribag,62,Female,90,150,59,Normal,0,0,0,0,1,6.7
3430,NE,Meghalaya,East Khasi Hills,37,Female,106,160,67,Normal,0,0,6,0,1,4.6
3432,NE,Assam,Jorhat,54,Female,87,152,66,Normal,0,0,0,1,2,6
3437,E,Jharkhand,Hazaribag,45,Female,94,160,55,Normal,1,0,6,2,2,5.7
3438,S,Karnataka,Bangalore,50,Female,91,168,68,Normal,0,0,0,0,2,6
3441,NE,Meghalaya,East Khasi Hills,46,Female,96,152,60,Normal,0,0,6,0,1,5.4
3442,NE,Meghalaya,East Khasi Hills,51,Male,89,171,80,Normal,0,0,6,0,1,5.9
3445,C,Madhya Pradesh,Gwalior,28,Male,112,182,105,Normal,1,0,0,0,3,5.8
3447,S,Karnataka,Bangalore,52,Male,99,170,77,Normal,0,0,6,3,2,5.8
3449,NE,Meghalaya,East Khasi Hills,43,Male,95,168,68,Normal,0,0,6,0,1,7.9
3450,S,Karnataka,Bangalore,46,Female,85,167,71,Normal,0,0,6,3,3,4.9
3451,NE,Meghalaya,East Khasi Hills,53,Female,75,142,42,Normal,0,0,6,0,1,5.8
3455,NE,Meghalaya,East Khasi Hills,33,Male,96,168,78,Normal,0,0,6,0,1,5.8
3462,NE,Meghalaya,East Khasi Hills,36,Female,73,140,45,Normal,0,0,6,0,1,13.5
3463,E,Jharkhand,Hazaribag,52,Male,112,170,90,Normal,0,0,1,1,6,4.7
3466,NE,Meghalaya,East Khasi Hills,55,Female,91,150,65,Normal,0,0,6,0,1,5.8
3468,C,Madhya Pradesh,Gwalior,56,Male,90,164,85,Normal,0,0,0,0,4,5.4
3472,NW,Jammu And Kashmir,Jammu,68,Female,93,159,79,Normal,0,0,0,0,1,6
3474,NE,Meghalaya,East Khasi Hills,71,Male,82,165,70,Normal,0,0,4,2,3,5.9
3476,NE,Meghalaya,East Khasi Hills,57,Male,76,155,65,Normal,0,0,0,0,2,5.8
3477,NW,Jammu And Kashmir,Jammu,40,Female,92,161,48,Normal,0,1,0,0,2,10.2
3479,NE,Meghalaya,East Khasi Hills,78,Female,92,152,47,Normal,0,0,6,0,1,6.2
3484,S,Karnataka,Bangalore,56,Female,102,126,83,Normal,0,0,1,2,1,6.7
3485,NE,Meghalaya,East Khasi Hills,60,Female,81,148,63,Normal,0,0,0,0,3,5.5
3492,NE,Meghalaya,East Khasi Hills,41,Male,115,164,54,Normal,0,0,6,0,1,5.1
3496,NE,Meghalaya,East Khasi Hills,42,Male,82,176,89,Normal,1,0,5,0,3,4.8
3502,NE,Meghalaya,East Khasi Hills,47,Male,82,164,56,Normal,0,0,6,0,1,4.4
3504,NE,Meghalaya,East Khasi Hills,46,Female,85,140,42,Normal,1,0,1,1,3,7.2
3507,NE,Meghalaya,East Khasi Hills,78,Female,86,152,77,Normal,0,0,5,0,1,6.7
3511,NW,Jammu And Kashmir,Kathua,46,Female,85,149,55,Normal,0,0,0,0,4,5.5
3513,NW,Jammu And Kashmir,Kathua,55,Male,102,150,62,Normal,0,0,1,1,2,5.5
3516,S,Tamil Nadu,Madurai,56,Female,65,154,72,Normal,0,0,4,0,3,5.5
3519,NW,Jammu And Kashmir,Kathua,56,Male,90,161,63,Normal,0,0,0,6,2,6
3520,NW,Jammu And Kashmir,Kulgam,36,Female,98,156,82,Normal,0,0,2,0,3,5.2
3522,NW,Jammu And Kashmir,Kulgam,60,Male,107,173,83,Normal,0,0,0,0,1,5.8
3525,NW,Jammu And Kashmir,Kathua,46,Male,90,151,60,Normal,0,0,6,6,1,5.4
3526,S,Tamil Nadu,Kanchipuram,23,Male,88,165,66,Normal,0,0,0,0,1,4.9
3527,S,Tamil Nadu,Madurai,75,Male,110,171,84,Normal,0,0,0,0,5,6.2
3528,S,Tamil Nadu,Kanchipuram,25,Male,85,157,61,Normal,0,0,6,6,6,5.2
3529,S,Tamil Nadu,Kanchipuram,20,Female,86,169,65,Normal,0,0,0,0,1,5.6
3530,S,Tamil Nadu,Kanchipuram,50,Male,84,155,55,Normal,0,0,0,0,2,5.8
3531,S,Tamil Nadu,Kanchipuram,21,Male,78,175,55,Normal,0,0,6,6,6,5.1
3532,S,Tamil Nadu,Kanchipuram,20,Male,68,167,54,Normal,0,0,0,0,1,5
3533,NW,Jammu And Kashmir,Kathua,58,Female,92,162,68,Normal,0,0,1,2,2,5.6
3534,NW,Jammu And Kashmir,Kathua,60,Male,98,165,48,Normal,0,0,6,0,6,6.2
3535,S,Tamil Nadu,Kanchipuram,36,Female,73,155,47,Normal,1,0,0,0,1,5.5
3537,S,Tamil Nadu,Kanchipuram,40,Female,90,154,65,Normal,0,0,0,0,1,6.3
3539,S,Tamil Nadu,Kanchipuram,37,Female,77,148,49,Normal,0,0,0,0,1,5.3
3541,NW,Jammu And Kashmir,Kathua,60,Female,94,145,49,Normal,0,0,2,1,1,5.5
3543,S,Tamil Nadu,Madurai,35,Male,75,160,51,Normal,0,0,6,6,4,5.4
3544,S,Tamil Nadu,Kanchipuram,38,Female,72,151,43,Normal,0,0,0,0,1,5.2
3547,NW,Jammu And Kashmir,Kathua,59,Female,90,168,65,Normal,0,0,2,2,3,6.6
3549,NW,Jammu And Kashmir,Kulgam,37,Female,96,163,72,Normal,0,0,0,0,2,5.7
3551,W,Rajasthan,Nagaur,55,Male,85,170,61,Normal,0,0,0,0,4,5.6
3552,W,Maharashtra,Nagpur,42,Male,95,167,80,Normal,1,0,0,0,4,5.9
3554,S,Tamil Nadu,Kanchipuram,41,Female,96,161,58,Normal,0,0,3,3,1,5.3
3556,W,Rajasthan,Nagaur,65,Male,99,168,68,Normal,0,0,1,0,1,5.7
3558,NW,Jammu And Kashmir,Kathua,42,Female,88,155,65,Normal,0,0,1,1,2,5.4
3566,NW,Jammu And Kashmir,Kulgam,60,Female,80,160,60,Normal,0,0,0,0,1,10
3567,NW,Jammu And Kashmir,Kulgam,50,Female,90,160,65,Normal,0,0,0,0,1,5.5
3570,S,Tamil Nadu,Kanchipuram,31,Female,68,147,48,Normal,0,0,0,0,1,4.9
3571,S,Tamil Nadu,Madurai,64,Male,100,161,70,Normal,0,0,1,4,1,7.3
3572,S,Tamil Nadu,Madurai,31,Female,98,152,64,Normal,0,0,0,0,1,5.6
3574,S,Tamil Nadu,Madurai,41,Male,81,159,50,Normal,0,0,3,4,2,6.1
3575,S,Tamil Nadu,Kanchipuram,32,Female,97,156,66,Normal,1,1,0,0,1,4.9
3576,S,Tamil Nadu,Kanchipuram,46,Female,81,155,57,Normal,0,0,1,1,1,6
3577,S,Tamil Nadu,Kanchipuram,21,Male,88,172,74,Normal,0,0,6,6,1,5.5
3578,NW,Jammu And Kashmir,Kulgam,54,Female,90,160,65,Normal,0,0,0,0,1,4.9
3579,S,Tamil Nadu,Madurai,26,Female,75,149,45,Normal,0,0,0,0,1,5.1
3582,S,Tamil Nadu,Kanchipuram,47,Female,82,155,60,Normal,0,0,0,0,1,5.4
3583,W,Maharashtra,Nagpur,49,Female,95,167,51,Normal,0,0,0,0,2,5.8
3585,S,Tamil Nadu,Kanchipuram,41,Male,84,162,65,Normal,0,0,0,0,1,5.4
3586,NW,Jammu And Kashmir,Kathua,45,Female,104,144,60,Normal,0,0,0,2,4,5.5
3588,NW,Jammu And Kashmir,Kulgam,38,Female,105,162,73,Normal,0,0,0,0,2,7.5
3590,S,Tamil Nadu,Madurai,31,Female,76,153,58,Normal,0,0,1,6,4,5.7
3591,NW,Jammu And Kashmir,Kathua,40,Female,103,147,64,Normal,0,0,0,1,4,5.4
3593,S,Tamil Nadu,Madurai,54,Male,95,164,80,Normal,0,0,1,0,3,5.5
3594,NW,Jammu And Kashmir,Kathua,55,Female,88,157,65,Normal,0,0,2,1,2,5.7
3595,S,Tamil Nadu,Kanchipuram,32,Female,69,151,42,Normal,0,0,2,0,1,5.1
3599,NW,Jammu And Kashmir,Kathua,30,Male,102,165,69,Normal,0,0,2,2,2,4.7
3602,S,Tamil Nadu,Kanchipuram,33,Female,90,152,71,Normal,0,0,2,3,2,6.1
3604,NW,Jammu And Kashmir,Kathua,39,Male,94,167,70,Normal,0,0,0,6,3,4.9
3605,NW,Jammu And Kashmir,Kulgam,58,Male,90,162,62,Normal,0,0,0,0,2,5.2
3606,NW,Jammu And Kashmir,Kathua,28,Male,92,170,80,Normal,0,0,0,6,1,4.8
3608,S,Tamil Nadu,Madurai,43,Male,66,164,70,Normal,0,0,1,1,2,5.8
3610,NW,Jammu And Kashmir,Kathua,35,Male,92,167,69,Normal,0,0,6,6,2,4.7
3612,NW,Jammu And Kashmir,Kathua,40,Female,88,168,75,Normal,0,0,1,2,2,5.2
3613,S,Tamil Nadu,Madurai,59,Male,115,172,93,Normal,0,0,0,6,4,6.5
3615,S,Tamil Nadu,Kanchipuram,65,Female,90,152,65,Normal,0,0,0,0,1,6.2
3616,S,Tamil Nadu,Kanchipuram,37,Male,92,173,76,Normal,0,0,0,0,1,7.7
3618,S,Tamil Nadu,Kanchipuram,70,Female,88,143,60,Normal,0,0,0,0,1,5.8
3622,S,Tamil Nadu,Kanchipuram,49,Female,78,156,54,Normal,0,0,0,0,1,5.7
3624,NW,Jammu And Kashmir,Kulgam,55,Female,65,150,45,Normal,0,0,1,0,1,5.7
3627,S,Tamil Nadu,Kanchipuram,56,Female,90,167,75,Normal,0,0,1,1,1,8.8
3628,W,Rajasthan,Nagaur,50,Female,85,157,53,Normal,0,0,0,0,1,4.8
3631,NW,Jammu And Kashmir,Kathua,50,Female,120,165,85,Normal,0,0,0,0,1,5.2
3632,NW,Jammu And Kashmir,Kulgam,38,Female,92,154,65,Normal,0,0,2,2,2,5.4
3636,NW,Jammu And Kashmir,Kathua,55,Female,99,160,66,Normal,0,0,0,0,4,5.6
3637,S,Tamil Nadu,Madurai,42,Female,90,149,64,Normal,0,0,3,1,4,6
3638,S,Tamil Nadu,Madurai,68,Male,97,167,72,Normal,0,0,3,3,1,6.6
3639,NW,Jammu And Kashmir,Kathua,38,Male,94,157,64,Normal,0,0,0,0,2,5.4
3640,NW,Jammu And Kashmir,Kathua,47,Male,106,168,59,Normal,0,0,6,6,6,5.7
3641,NW,Jammu And Kashmir,Kathua,37,Female,88,148,52,Normal,0,0,0,0,1,4.2
3643,W,Maharashtra,Nagpur,60,Male,89,170,75,Normal,1,0,0,0,1,6
3645,W,Maharashtra,Nagpur,36,Female,75,158,62,Normal,0,1,3,3,1,5.9
3647,S,Tamil Nadu,Kanchipuram,66,Female,95,157,59,Normal,0,0,0,0,1,6.3
3648,S,Tamil Nadu,Kanchipuram,68,Male,83,158,53,Normal,0,0,0,0,1,6
3649,NW,Jammu And Kashmir,Kulgam,74,Male,92,168,55,Normal,0,0,0,0,4,4.8
3650,S,Tamil Nadu,Madurai,67,Male,97,161,75,Normal,0,0,0,0,1,6.7
3653,S,Tamil Nadu,Madurai,54,Female,72,148,45,Normal,0,0,5,0,1,5.6
3654,NW,Jammu And Kashmir,Kathua,40,Female,88,170,67,Normal,0,0,1,2,1,5.4
3657,S,Tamil Nadu,Kanchipuram,42,Male,80,164,56,Normal,0,0,6,0,4,8.5
3658,NW,Jammu And Kashmir,Kathua,33,Male,101,170,73,Normal,0,0,6,6,2,5.2
3661,W,Maharashtra,Nagpur,44,Female,100,161,65,Normal,0,0,6,0,1,6.3
3662,S,Tamil Nadu,Kanchipuram,50,Female,77,147,49,Normal,0,1,0,0,1,8.5
3664,S,Tamil Nadu,Madurai,37,Female,90,130,65,Normal,0,0,2,5,4,5.6
3665,S,Tamil Nadu,Madurai,65,Female,88,152,50,Normal,0,0,0,0,1,6.2
3672,S,Tamil Nadu,Kanchipuram,29,Female,81,161,67,Normal,0,0,1,0,1,5.4
3673,S,Tamil Nadu,Madurai,30,Female,91,159,90,Normal,0,0,0,0,1,5.7
3674,S,Tamil Nadu,Kanchipuram,51,Male,118,170,93,Normal,0,0,2,3,1,6.1
3680,S,Tamil Nadu,Kanchipuram,32,Female,93,155,64,Normal,0,0,0,0,1,5.6
3682,S,Tamil Nadu,Madurai,56,Male,102,171,78,Normal,0,0,0,0,1,7.9
3683,S,Tamil Nadu,Kanchipuram,42,Male,98,156,67,Normal,0,0,1,1,5,10
3685,S,Tamil Nadu,Kanchipuram,31,Male,105,160,80,Normal,0,0,0,0,2,5.3
3686,S,Tamil Nadu,Kanchipuram,48,Male,79,157,49,Normal,1,1,0,0,2,6.3
3687,NW,Jammu And Kashmir,Kulgam,38,Female,92,152,66,Normal,0,0,0,0,1,5.6
3689,W,Maharashtra,Nagpur,42,Male,60,158,55,Normal,0,0,2,4,1,5.2
3690,NW,Jammu And Kashmir,Kathua,45,Female,87,154,55,Normal,0,0,0,0,2,5.4
3691,S,Tamil Nadu,Madurai,35,Female,78,150,55,Normal,0,0,3,2,1,5.8
3694,S,Tamil Nadu,Kanchipuram,50,Male,95,167,72,Normal,0,0,2,1,2,6.3
3697,S,Tamil Nadu,Kanchipuram,45,Female,100,145,72,Normal,0,0,0,0,1,5.6
3698,NW,Jammu And Kashmir,Kathua,40,Female,88,151,65,Normal,0,0,2,2,2,4.4
3701,NW,Jammu And Kashmir,Kathua,55,Male,88,165,60,Normal,0,0,2,2,3,10.9
3702,S,Tamil Nadu,Kanchipuram,50,Female,90,152,65,Normal,0,0,0,0,3,5.6
3703,NW,Jammu And Kashmir,Kathua,48,Female,95,160,79,Normal,0,0,0,0,2,13.1
3704,W,Maharashtra,Nagpur,57,Male,110,170,75,Normal,1,1,2,1,1,6
3705,NW,Jammu And Kashmir,Kathua,54,Female,86,152,58,Normal,0,0,0,0,2,5.9
3706,NW,Jammu And Kashmir,Kathua,40,Male,92,164,67,Normal,0,0,0,6,2,6.2
3709,S,Tamil Nadu,Madurai,53,Male,119,175,102,Normal,0,0,0,6,5,6.2
3710,S,Tamil Nadu,Kanchipuram,42,Female,99,160,69,Normal,0,0,2,2,2,6.6
3711,NW,Jammu And Kashmir,Kathua,37,Male,101,167,68,Normal,0,0,0,0,2,5.1
3712,S,Tamil Nadu,Kanchipuram,39,Female,92,167,73,Normal,0,0,6,0,1,5.8
3713,S,Tamil Nadu,Kanchipuram,57,Male,81,165,58,Normal,0,0,0,0,3,8
3717,S,Tamil Nadu,Kanchipuram,44,Male,86,165,63,Normal,0,1,0,0,6,5.6
3718,S,Tamil Nadu,Madurai,44,Male,93,153,65,Normal,0,1,1,1,1,6.1
3719,S,Tamil Nadu,Madurai,47,Male,98,167,78,Normal,0,0,2,1,1,6.5
3721,NW,Jammu And Kashmir,Kathua,35,Male,92,167,59,Normal,0,0,3,1,2,5.5
3722,W,Maharashtra,Nagpur,26,Female,65,161,55,Normal,0,0,2,4,1,5.7
3726,S,Tamil Nadu,Kanchipuram,50,Male,78,171,58,Normal,0,0,3,0,3,5.4
3727,S,Tamil Nadu,Kanchipuram,50,Female,89,153,56,Normal,0,0,0,0,6,5.8
3729,NW,Jammu And Kashmir,Kathua,29,Male,88,165,60,Normal,0,0,1,1,3,4.9
3730,NW,Jammu And Kashmir,Kulgam,47,Female,95,158,55,Normal,0,0,1,0,2,6.3
3732,NW,Jammu And Kashmir,Kathua,32,Male,105,167,72,Normal,1,0,0,6,2,6.6
3733,S,Tamil Nadu,Kanchipuram,45,Male,87,163,62,Normal,0,0,2,2,3,5.7
3734,NW,Jammu And Kashmir,Kathua,45,Female,96,160,75,Normal,0,0,0,0,2,4.9
3736,NW,Jammu And Kashmir,Kulgam,40,Male,100,166,64,Normal,0,0,0,0,2,5.4
3737,W,Maharashtra,Nagpur,45,Male,90,164,75,Normal,0,0,5,5,1,7
3738,NW,Jammu And Kashmir,Kulgam,36,Female,90,170,61,Normal,0,0,1,1,5,5.6
3739,NW,Jammu And Kashmir,Kathua,34,Female,87,160,65,Normal,1,1,0,0,2,5.4
3741,S,Tamil Nadu,Madurai,29,Female,64,137,43,Normal,0,0,1,0,1,5.7
3742,S,Tamil Nadu,Madurai,35,Male,97,171,78,Normal,0,0,1,0,2,6
3743,S,Tamil Nadu,Madurai,62,Male,94,152,67,Normal,0,0,1,0,1,6.2
3744,S,Tamil Nadu,Madurai,60,Female,92,149,55,Normal,0,0,1,1,1,6.1
3745,NW,Jammu And Kashmir,Kulgam,38,Male,90,170,68,Normal,0,0,0,0,1,5.5
3748,W,Maharashtra,Nagpur,59,Female,100,170,70,Normal,0,0,2,3,1,5.7
3749,W,Maharashtra,Nagpur,60,Male,110,167,60,Normal,0,0,2,1,1,5.6
3750,NW,Jammu And Kashmir,Kathua,55,Female,94,162,71,Normal,0,0,0,0,1,6.3
3753,NW,Jammu And Kashmir,Kathua,43,Female,92,155,60,Normal,0,0,0,0,2,4.9
3754,S,Tamil Nadu,Kanchipuram,51,Male,108,169,84,Normal,0,0,0,0,5,5.7
3755,NW,Jammu And Kashmir,Kulgam,67,Male,92,168,62,Normal,0,0,0,0,4,5.8
3756,S,Tamil Nadu,Kanchipuram,42,Male,82,175,60,Normal,0,1,2,2,1,5.9
3757,NW,Jammu And Kashmir,Kulgam,38,Female,87,152,67,Normal,0,0,6,0,1,5.9
3758,W,Maharashtra,Nagpur,41,Female,75,170,65,Normal,0,0,2,4,1,5.2
3759,W,Maharashtra,Nagpur,54,Female,70,164,60,Normal,0,0,2,4,1,5.7
3760,W,Maharashtra,Nagpur,35,Female,100,176,80,Normal,0,0,2,1,1,5.6
3763,S,Tamil Nadu,Kanchipuram,35,Male,71,165,49,Normal,0,0,0,0,3,5.7
3764,S,Tamil Nadu,Kanchipuram,63,Female,76,135,76,Normal,0,0,0,0,1,7.2
3765,S,Tamil Nadu,Kanchipuram,55,Female,94,146,61,Normal,1,0,0,0,1,5.9
3766,NW,Jammu And Kashmir,Kathua,37,Female,89,150,47,Normal,0,0,0,0,2,4.9
3769,S,Tamil Nadu,Madurai,51,Male,76,153,43,Normal,0,0,0,6,5,6
3772,S,Tamil Nadu,Kanchipuram,42,Male,102,170,77,Normal,0,0,1,1,1,5.9
3776,S,Tamil Nadu,Kanchipuram,40,Male,88,163,60,Normal,0,0,4,0,6,5
3779,NW,Jammu And Kashmir,Kathua,35,Female,88,150,65,Normal,0,0,2,1,3,5.9
3780,S,Tamil Nadu,Madurai,55,Female,100,150,60,Normal,0,0,4,0,6,6.6
3782,NW,Jammu And Kashmir,Kulgam,56,Male,97,160,60,Normal,0,0,0,0,4,5.6
3785,S,Tamil Nadu,Madurai,34,Female,95,155,55,Normal,0,0,4,0,6,5.5
3786,S,Tamil Nadu,Kanchipuram,43,Female,84,151,53,Normal,0,1,0,6,1,5.1
3787,W,Maharashtra,Nagpur,40,Male,95,170,67,Normal,0,0,0,0,1,7.4
3789,S,Tamil Nadu,Madurai,52,Female,90,147,57,Normal,0,0,5,0,6,6
3792,NW,Jammu And Kashmir,Kulgam,67,Male,93,162,62,Normal,0,0,0,0,1,5.8
3793,S,Tamil Nadu,Madurai,46,Male,92,166,76,Normal,0,1,3,3,1,6.6
3794,NW,Jammu And Kashmir,Kulgam,45,Female,104,160,74,Normal,0,0,0,0,4,5.6
3795,S,Tamil Nadu,Madurai,55,Female,102,144,74,Normal,0,1,0,0,1,6.3
3798,NW,Jammu And Kashmir,Kathua,49,Female,109,182,68,Normal,0,1,1,2,2,5.6
3803,W,Maharashtra,Nagpur,46,Male,80,170,75,Normal,1,0,4,0,1,5.8
3804,W,Maharashtra,Nagpur,44,Male,75,158,60,Normal,0,0,2,4,1,6
3805,NW,Jammu And Kashmir,Kathua,44,Male,88,165,65,Normal,0,0,1,2,2,5.4
3807,S,Tamil Nadu,Madurai,33,Female,87,154,65,Normal,0,0,0,2,3,5.7
3808,S,Tamil Nadu,Kanchipuram,60,Male,103,169,75,Normal,0,0,0,0,1,8
3809,W,Maharashtra,Nagpur,60,Female,110,167,65,Normal,0,0,2,3,1,6.4
3813,S,Tamil Nadu,Kanchipuram,28,Female,64,168,80,Normal,1,0,1,0,1,6.3
3815,S,Tamil Nadu,Kanchipuram,38,Female,84,154,69,Normal,1,0,0,0,1,4.9
3818,S,Tamil Nadu,Madurai,45,Male,105,169,88,Normal,1,0,2,1,1,6.7
3819,S,Tamil Nadu,Kanchipuram,40,Female,98,159,71,Normal,0,0,2,0,3,6
3820,S,Tamil Nadu,Kanchipuram,21,Female,83,161,68,Normal,0,0,0,2,2,5.7
3821,S,Tamil Nadu,Kanchipuram,48,Male,74,165,51,Normal,0,0,1,0,1,5
3823,S,Tamil Nadu,Kanchipuram,48,Male,94,165,74,Normal,0,0,0,0,1,5.8
3824,S,Tamil Nadu,Kanchipuram,66,Male,80,150,47,Normal,0,0,3,4,1,5.4
3826,S,Tamil Nadu,Kanchipuram,75,Male,83,160,55,Normal,0,0,2,0,1,6.5
3830,S,Tamil Nadu,Kanchipuram,41,Male,88,175,75,Normal,0,0,6,0,1,4.9
3831,S,Tamil Nadu,Madurai,20,Female,90,154,65,Normal,0,0,1,0,1,5
3832,W,Rajasthan,Nagaur,52,Male,107,170,88,Normal,0,0,3,0,4,6.1
3834,S,Tamil Nadu,Kanchipuram,40,Female,115,140,52,Normal,0,0,0,0,1,6
3835,S,Tamil Nadu,Kanchipuram,35,Male,71,160,48,Normal,0,0,0,0,1,5.3
3836,S,Tamil Nadu,Kanchipuram,70,Male,92,165,63,Normal,0,0,0,0,1,5.4
3837,S,Tamil Nadu,Kanchipuram,44,Female,86,146,53,Normal,0,0,1,3,2,5.4
3838,S,Tamil Nadu,Kanchipuram,34,Female,89,147,60,Normal,0,0,3,3,6,5.9
3842,S,Tamil Nadu,Kanchipuram,51,Male,91,171,65,Normal,0,0,2,0,1,5.2
3845,S,Tamil Nadu,Madurai,30,Male,80,150,50,Normal,1,1,3,4,1,5.7
3850,NW,Jammu And Kashmir,Kathua,35,Female,88,142,49,Normal,0,0,2,2,1,5.2
3853,S,Tamil Nadu,Madurai,30,Female,62,146,55,Normal,0,0,1,0,1,6
3855,NW,Jammu And Kashmir,Kathua,50,Female,90,155,46,Normal,0,0,1,2,2,4.8
3856,S,Tamil Nadu,Madurai,38,Female,66,162,47,Normal,0,0,1,0,1,6.1
3857,W,Rajasthan,Nagaur,60,Male,92,154,55,Normal,0,0,0,0,1,5.8
3862,W,Rajasthan,Nagaur,24,Male,63,168,63,Normal,0,0,0,0,1,4.4
3867,S,Tamil Nadu,Madurai,27,Female,80,131,48,Normal,0,0,2,2,3,10.5
3868,NW,Jammu And Kashmir,Kathua,60,Female,88,161,70,Normal,0,0,1,1,2,4.9
3871,S,Tamil Nadu,Kanchipuram,39,Male,91,179,80,Normal,1,0,0,0,2,5.5
3876,S,Tamil Nadu,Kanchipuram,43,Male,102,161,73,Normal,0,0,0,0,2,6.2
3882,W,Rajasthan,Nagaur,70,Male,81,165,55,Normal,0,0,2,2,1,6.4
3884,S,Tamil Nadu,Madurai,44,Female,88,141,52,Normal,0,0,2,1,3,7.4
3888,S,Tamil Nadu,Madurai,27,Female,92,143,50,Normal,0,0,1,1,1,5.3
3891,NW,Jammu And Kashmir,Kathua,35,Female,88,145,75,Normal,0,0,2,1,2,5.2
3903,W,Maharashtra,Nagpur,43,Male,70,160,70,Normal,0,0,6,0,2,5.3
3910,S,Tamil Nadu,Kanchipuram,50,Female,73,147,50,Normal,0,0,0,0,1,12.4
3911,NW,Jammu And Kashmir,Kathua,63,Male,95,169,60,Normal,0,0,0,0,1,7.7
3913,S,Tamil Nadu,Madurai,33,Male,86,170,73,Normal,0,0,0,1,1,5.9
3914,S,Tamil Nadu,Madurai,50,Male,84,160,55,Normal,0,0,2,0,1,6.1
3917,S,Tamil Nadu,Kanchipuram,50,Male,81,171,60,Normal,0,0,0,1,3,5.9
3918,NW,Jammu And Kashmir,Kathua,40,Female,105,152,60,Normal,0,0,0,0,2,5.7
3923,S,Tamil Nadu,Madurai,29,Female,88,157,67,Normal,0,0,1,1,1,5.6
3925,S,Tamil Nadu,Kanchipuram,53,Male,76,160,54,Normal,0,0,4,0,5,5.6
3926,S,Tamil Nadu,Kanchipuram,65,Female,91,137,49,Normal,0,0,0,0,1,6.2
3931,NW,Jammu And Kashmir,Kathua,60,Female,88,147,80,Normal,0,0,1,1,2,10.4
3933,N,Himachal Pradesh,Kangra,43,Female,108,164,66,Normal,0,0,3,3,2,4.6
3934,W,Maharashtra,Nagpur,60,Female,98,163,60,Normal,0,0,0,0,1,4.8
3935,N,Himachal Pradesh,Kangra,48,Male,97,168,68,Normal,0,0,4,4,4,7.1
3937,N,Himachal Pradesh,Kangra,61,Male,115,167,70,Normal,0,0,4,4,4,8.3
3938,N,Himachal Pradesh,Kangra,58,Male,88,170,55,Normal,0,0,6,5,4,5
3939,N,Himachal Pradesh,Kangra,52,Female,98,162,60,Normal,0,0,4,4,4,3.8
3942,S,Tamil Nadu,Kanchipuram,36,Female,99,192,86,Normal,0,0,1,1,6,5.3
3952,S,Tamil Nadu,Madurai,70,Male,88,171,64,Normal,0,0,2,0,2,6.9
3953,S,Tamil Nadu,Madurai,34,Male,80,181,65,Normal,0,0,0,1,1,6.1
3961,W,Maharashtra,Nagpur,55,Female,100,153,80,Normal,0,0,0,0,1,5.9
3963,NW,Jammu And Kashmir,Kathua,52,Male,110,165,75,Normal,0,0,2,4,2,4.9
3967,W,Rajasthan,Nagaur,50,Female,78,154,60,Normal,0,0,0,0,4,5.8
3968,S,Tamil Nadu,Madurai,60,Male,83,157,50,Normal,0,0,0,1,2,5.7
3969,NW,Jammu And Kashmir,Kathua,54,Female,85,164,63,Normal,1,0,2,1,4,8.1
3971,S,Tamil Nadu,Madurai,40,Female,72,146,50,Normal,0,0,2,2,1,5.5
3974,NW,Jammu And Kashmir,Kathua,55,Female,110,172,94,Normal,0,0,0,0,2,5.3
3975,S,Tamil Nadu,Kanchipuram,52,Male,74,173,66,Normal,0,0,2,2,1,8.2
3977,S,Tamil Nadu,Madurai,28,Male,64,167,54,Normal,0,0,3,1,1,5.5
3979,S,Tamil Nadu,Madurai,50,Male,92,169,65,Normal,0,0,0,1,2,6.1
3981,S,Tamil Nadu,Kanchipuram,48,Female,85,158,65,Normal,0,0,0,0,1,12.8
3982,W,Maharashtra,Nagpur,36,Female,75,162,67,Normal,0,1,0,0,1,5.3
3983,S,Tamil Nadu,Madurai,49,Male,87,153,62,Normal,0,0,1,0,2,6.3
3984,S,Tamil Nadu,Kanchipuram,40,Female,89,170,71,Normal,0,0,2,2,2,5.9
3985,S,Tamil Nadu,Kanchipuram,50,Female,92,125,70,Normal,0,0,0,0,3,5.5
3995,S,Tamil Nadu,Madurai,40,Female,85,150,48,Normal,0,0,1,3,1,6
3998,NW,Jammu And Kashmir,Kathua,57,Male,88,171,70,Normal,0,0,4,4,4,7
4005,S,Tamil Nadu,Kanchipuram,50,Female,90,137,50,Normal,0,0,0,0,1,7.4
4007,S,Tamil Nadu,Madurai,55,Male,89,145,55,Normal,0,0,1,1,1,6.2
4009,W,Maharashtra,Nagpur,47,Female,89,155,60,Normal,0,1,5,0,1,11
4011,S,Tamil Nadu,Kanchipuram,60,Male,82,164,60,Normal,0,0,0,0,5,5.2
4012,S,Tamil Nadu,Kanchipuram,46,Female,79,125,55,Normal,1,0,1,1,1,10.9
4014,S,Tamil Nadu,Kanchipuram,42,Female,99,167,70,Normal,0,0,0,0,1,5.3
4018,S,Tamil Nadu,Madurai,62,Male,91,155,49,Normal,0,0,0,1,1,6.1
4019,S,Tamil Nadu,Madurai,58,Female,87,158,59,Normal,0,0,0,0,1,6.4
4022,S,Tamil Nadu,Madurai,47,Male,91,167,75,Normal,1,0,0,0,2,6.8
4023,W,Maharashtra,Nagpur,60,Female,89,152,60,Normal,0,0,2,2,2,4.9
4024,S,Tamil Nadu,Madurai,42,Male,92,158,64,Normal,0,0,0,0,6,5.5
4029,S,Tamil Nadu,Kanchipuram,58,Female,83,160,83,Normal,0,0,0,0,1,6.2
4030,S,Tamil Nadu,Kanchipuram,60,Male,75,163,46,Normal,0,0,0,0,1,6.2
4035,S,Tamil Nadu,Madurai,45,Female,98,146,60,Normal,0,0,0,0,1,6.4
4036,S,Tamil Nadu,Kanchipuram,58,Female,90,167,66,Normal,0,0,0,0,1,5.6
4037,S,Tamil Nadu,Madurai,37,Male,117,179,120,Normal,1,0,0,0,1,6
4038,S,Tamil Nadu,Madurai,47,Male,89,159,66,Normal,0,0,6,1,2,6.1
4039,S,Tamil Nadu,Madurai,45,Female,82,156,54,Normal,0,0,0,0,1,5.2
4042,NW,Jammu And Kashmir,Kathua,70,Female,88,150,75,Normal,0,0,1,1,1,7.3
4043,S,Tamil Nadu,Kanchipuram,37,Female,89,149,69,Normal,0,1,1,0,1,5.2
4045,NW,Jammu And Kashmir,Kathua,36,Female,90,168,68,Normal,0,0,2,1,2,5.3
4046,NW,Jammu And Kashmir,Kulgam,40,Female,88,167,85,Normal,0,0,2,0,3,6.3
4047,S,Tamil Nadu,Madurai,62,Female,104,150,70,Normal,0,0,0,0,2,11.7
4050,NW,Jammu And Kashmir,Kulgam,38,Male,78,170,61,Normal,0,0,0,0,1,5.6
4052,S,Tamil Nadu,Kanchipuram,35,Female,75,152,52,Normal,0,0,2,0,1,5.1
4053,S,Tamil Nadu,Madurai,52,Female,92,150,62,Normal,0,0,3,5,1,5.5
4054,S,Tamil Nadu,Madurai,52,Female,68,151,80,Normal,1,0,0,6,3,6.3
4055,NW,Jammu And Kashmir,Kulgam,36,Male,95,160,68,Normal,1,0,0,0,1,5.3
4058,W,Maharashtra,Nagpur,25,Male,90,175,87,Normal,0,0,2,0,1,5.4
4059,NW,Jammu And Kashmir,Kulgam,58,Male,90,170,69,Normal,0,0,1,1,1,9.4
4060,S,Tamil Nadu,Madurai,33,Female,77,164,66,Normal,1,1,3,1,3,5.8
4064,W,Rajasthan,Nagaur,66,Male,92,178,61,Normal,0,0,0,0,1,5.1
4069,S,Tamil Nadu,Kanchipuram,31,Female,90,154,61,Normal,1,1,0,0,1,8.6
4070,S,Tamil Nadu,Kanchipuram,45,Female,85,154,57,Normal,0,0,0,0,1,5.7
4071,S,Tamil Nadu,Madurai,42,Male,95,165,69,Normal,1,1,0,0,1,6.1
4072,W,Rajasthan,Nagaur,21,Female,76,153,47,Normal,0,0,0,0,3,4.8
4074,S,Tamil Nadu,Kanchipuram,45,Female,76,145,44,Normal,0,0,0,0,1,5.8
4075,S,Tamil Nadu,Madurai,45,Female,94,180,59,Normal,1,0,1,1,3,6.2
4077,S,Tamil Nadu,Madurai,42,Female,108,150,69,Normal,1,1,0,0,2,5.7
4079,S,Tamil Nadu,Madurai,39,Female,92,145,62,Normal,1,0,0,0,1,6.2
4081,NW,Jammu And Kashmir,Kathua,65,Male,90,168,52,Normal,0,0,2,2,1,8.1
4084,S,Tamil Nadu,Kanchipuram,37,Female,101,164,87,Normal,0,0,2,4,1,5.2
4090,S,Tamil Nadu,Madurai,60,Male,90,160,66,Normal,0,0,0,0,2,6.1
4094,S,Tamil Nadu,Kanchipuram,53,Male,95,159,67,Normal,0,0,1,1,1,7.7
4096,NW,Jammu And Kashmir,Kathua,60,Female,88,165,70,Normal,0,0,1,1,1,13.2
4100,S,Tamil Nadu,Madurai,68,Male,82,167,51,Normal,0,0,0,0,1,6.2
4107,W,Maharashtra,Nagpur,49,Male,89,169,80,Normal,0,0,0,0,4,6
4108,W,Rajasthan,Nagaur,30,Female,100,158,56,Normal,0,0,2,0,4,4.8
4109,S,Tamil Nadu,Madurai,27,Male,76,159,55,Normal,0,0,2,3,1,5.4
4114,S,Tamil Nadu,Madurai,50,Female,82,154,54,Normal,0,0,3,1,5,5.8
4117,S,Tamil Nadu,Madurai,41,Female,101,152,63,Normal,0,0,0,0,2,6
4118,S,Tamil Nadu,Kanchipuram,50,Female,68,145,50,Normal,0,0,0,0,1,5.5
4122,S,Tamil Nadu,Madurai,37,Female,119,151,76,Normal,0,0,0,0,1,5.3
4123,NW,Jammu And Kashmir,Kathua,43,Male,88,169,70,Normal,0,0,1,1,2,9.1
4124,S,Tamil Nadu,Madurai,53,Female,96,142,49,Normal,0,0,0,0,1,6.2
4126,S,Tamil Nadu,Madurai,31,Female,75,136,65,Normal,1,0,1,1,1,6
4128,NW,Jammu And Kashmir,Kulgam,37,Female,90,155,73,Normal,0,0,3,0,1,6.2
4129,S,Tamil Nadu,Madurai,51,Male,91,173,68,Normal,0,1,1,1,2,6.2
4131,S,Tamil Nadu,Madurai,48,Female,95,146,66,Normal,0,0,1,1,3,4.1
4132,W,Rajasthan,Nagaur,70,Female,114,157,81,Normal,0,0,0,0,1,5.2
4133,S,Tamil Nadu,Kanchipuram,53,Female,96,161,73,Normal,0,0,0,0,1,9.7
4135,S,Tamil Nadu,Madurai,55,Female,102,154,69,Normal,0,0,0,0,1,5.9
4136,NW,Jammu And Kashmir,Kulgam,30,Male,90,172,73,Normal,0,0,2,4,1,5.5
4143,W,Maharashtra,Nagpur,42,Male,85,170,78,Normal,0,0,3,3,3,5.2
4146,W,Rajasthan,Nagaur,45,Female,103,158,67,Normal,0,0,0,0,4,11.8
4147,NW,Jammu And Kashmir,Kathua,42,Female,88,160,59,Normal,0,0,0,0,2,5.1
4150,NW,Jammu And Kashmir,Kathua,45,Female,88,150,70,Normal,0,0,1,1,3,4.8
4151,NW,Jammu And Kashmir,Kathua,58,Female,92,122,70,Normal,0,0,0,0,2,7.8
4153,NW,Jammu And Kashmir,Kathua,40,Female,86,154,56,Normal,0,0,0,0,2,5
4155,NW,Jammu And Kashmir,Kathua,36,Female,97,148,52,Normal,0,0,0,0,2,4.8
4156,NW,Jammu And Kashmir,Kathua,40,Female,96,156,82,Normal,0,0,0,0,3,6
4162,W,Rajasthan,Nagaur,57,Male,98,166,66,Normal,0,0,0,0,1,5.3
4163,W,Rajasthan,Nagaur,54,Male,88,168,61,Normal,0,0,0,0,2,15.2
4164,NW,Jammu And Kashmir,Kathua,47,Female,99,158,63,Normal,0,0,6,0,2,5.2
4165,NW,Jammu And Kashmir,Kathua,47,Male,99,164,69,Normal,0,0,3,0,2,5.4
4169,NW,Jammu And Kashmir,Kathua,35,Male,88,160,80,Normal,0,0,1,1,2,4.6
4171,W,Rajasthan,Nagaur,58,Male,73,175,51,Normal,0,0,5,0,6,5.1
4173,W,Maharashtra,Nagpur,48,Female,80,153,60,Normal,0,0,5,0,1,6
4177,W,Maharashtra,Nagpur,32,Male,100,175,88,Normal,1,0,2,0,1,10
4180,NW,Jammu And Kashmir,Kathua,50,Female,93,156,60,Normal,0,0,0,0,2,5.7
4182,W,Rajasthan,Nagaur,55,Female,110,164,93,Normal,0,0,0,0,3,5.3
4184,NW,Jammu And Kashmir,Kathua,60,Female,92,159,61,Normal,0,0,0,3,2,5.2
4186,S,Tamil Nadu,Kanchipuram,60,Female,78,144,49,Normal,0,0,0,0,1,6.3
4193,S,Tamil Nadu,Kanchipuram,47,Female,87,155,65,Normal,0,0,0,0,1,5.8
4194,W,Maharashtra,Nagpur,60,Male,89,172,80,Normal,0,0,3,3,3,5.9
4198,NW,Jammu And Kashmir,Kathua,61,Female,92,157,61,Normal,0,0,0,0,2,6
4202,NW,Jammu And Kashmir,Kathua,40,Female,88,150,60,Normal,0,1,0,0,2,4.8
4205,NW,Jammu And Kashmir,Kathua,50,Male,97,150,66,Normal,0,0,0,0,2,5
4208,NW,Jammu And Kashmir,Kathua,70,Male,99,165,67,Normal,0,0,6,6,2,4.9
4210,W,Rajasthan,Nagaur,55,Male,83,165,68,Normal,0,0,1,1,1,6
4211,W,Maharashtra,Nagpur,50,Male,85,172,78,Normal,0,1,3,3,3,6.1
4214,NW,Jammu And Kashmir,Kathua,52,Male,101,175,75,Normal,0,0,2,2,2,6
4216,W,Rajasthan,Nagaur,61,Male,103,160,75,Normal,0,0,0,0,1,4.9
4217,NW,Jammu And Kashmir,Kathua,70,Male,99,164,67,Normal,0,0,6,6,3,5.6
4218,NW,Jammu And Kashmir,Kathua,35,Male,100,152,58,Normal,0,0,0,0,2,5
4219,W,Maharashtra,Nagpur,49,Male,70,175,65,Normal,0,0,3,3,3,6
4220,S,Tamil Nadu,Kanchipuram,50,Female,85,149,48,Normal,0,0,0,0,1,5.7
4223,NW,Jammu And Kashmir,Kulgam,38,Male,94,169,78,Normal,0,0,0,0,1,5.1
4224,NW,Jammu And Kashmir,Kathua,26,Female,100,150,60,Normal,0,0,0,0,2,5.2
4227,NW,Jammu And Kashmir,Kathua,56,Male,95,166,69,Normal,0,0,1,1,4,5.1
4228,NW,Jammu And Kashmir,Kathua,40,Female,86,151,45,Normal,0,0,0,0,3,4.5
4231,W,Rajasthan,Nagaur,43,Male,104,168,85,Normal,0,0,2,2,1,5.8
4237,NW,Jammu And Kashmir,Kathua,35,Female,92,158,59,Normal,0,0,0,0,2,5.5
4239,W,Maharashtra,Nagpur,52,Female,99,163,72,Normal,1,0,4,4,2,5.8
4241,S,Tamil Nadu,Kanchipuram,54,Male,82,163,54,Normal,0,0,0,0,3,6.4
4243,W,Rajasthan,Nagaur,48,Female,84,150,53,Normal,0,0,0,0,6,5.6
4244,NW,Jammu And Kashmir,Kathua,62,Male,102,165,72,Normal,0,0,2,3,2,5.2
4248,NW,Jammu And Kashmir,Kathua,32,Male,104,163,72,Normal,0,0,0,0,2,5.3
4250,NW,Jammu And Kashmir,Kathua,46,Male,94,169,70,Normal,0,0,3,3,2,4.8
4251,W,Rajasthan,Nagaur,58,Male,95,163,59,Normal,0,0,0,0,3,10.9
4253,NW,Jammu And Kashmir,Kathua,53,Male,99,165,72,Normal,0,0,3,0,2,6.7
4254,W,Maharashtra,Nagpur,50,Male,85,172,79,Normal,1,0,3,3,3,5.6
4255,W,Maharashtra,Nagpur,37,Male,85,170,80,Normal,1,0,3,3,3,5.8
4262,NW,Jammu And Kashmir,Kathua,42,Male,90,158,64,Normal,0,0,1,1,1,5
4264,NW,Jammu And Kashmir,Kathua,41,Female,90,160,65,Normal,0,0,0,0,2,5.7
4265,NW,Jammu And Kashmir,Kathua,32,Female,95,158,59,Normal,1,0,0,6,2,5.3
4266,W,Maharashtra,Nagpur,26,Male,88,176,88,Normal,0,1,2,0,1,5.1
4268,W,Rajasthan,Nagaur,36,Female,83,156,43,Normal,0,0,2,1,4,5.2
4270,W,Maharashtra,Nagpur,58,Male,80,168,75,Normal,0,0,3,3,3,6.6
4272,W,Maharashtra,Nagpur,50,Male,85,172,80,Normal,0,1,3,3,3,7.1
4273,NW,Jammu And Kashmir,Kathua,30,Male,104,163,72,Normal,0,0,6,0,2,5
4274,S,Tamil Nadu,Kanchipuram,48,Female,84,151,53,Normal,0,0,0,5,1,9.8
4276,NE,Assam,Kamrup,52,Female,91,152,50,Normal,0,0,2,0,1,5.2
4277,W,Maharashtra,Nagpur,54,Male,80,169,70,Normal,0,1,3,3,3,5.7
4281,NW,Jammu And Kashmir,Kulgam,42,Female,97,156,67,Normal,0,0,0,0,4,4.9
4283,NW,Jammu And Kashmir,Kathua,40,Female,90,148,64,Normal,0,0,0,0,2,6.1
4284,NW,Jammu And Kashmir,Kathua,37,Male,100,165,65,Normal,0,0,0,0,2,5.7
4286,S,Tamil Nadu,Kanchipuram,34,Female,95,158,66,Normal,0,0,2,1,1,5.1
4288,NW,Jammu And Kashmir,Kathua,60,Female,88,156,70,Normal,0,0,1,1,1,5.8
4289,NW,Jammu And Kashmir,Kathua,45,Female,96,148,64,Normal,0,0,0,0,2,9.9
4294,W,Rajasthan,Nagaur,60,Male,107,172,90,Normal,0,0,1,1,2,6
4299,NW,Jammu And Kashmir,Kathua,56,Male,91,170,79,Normal,0,0,1,1,1,5
4300,S,Tamil Nadu,Madurai,50,Male,74,170,58,Normal,0,0,1,3,3,5.5
4301,S,Tamil Nadu,Madurai,26,Female,75,150,50,Normal,0,0,1,1,5,5.3
4302,NE,Assam,Kamrup,35,Female,83,150,55,Normal,0,0,6,1,4,4.8
4303,NW,Jammu And Kashmir,Kulgam,68,Male,94,165,68,Normal,0,0,0,0,1,6.1
4304,NW,Jammu And Kashmir,Kathua,60,Female,96,158,70,Normal,0,0,0,0,2,6.1
4306,W,Rajasthan,Nagaur,45,Male,100,174,90,Normal,0,0,1,3,1,5.8
4310,S,Tamil Nadu,Madurai,47,Female,77,149,50,Normal,0,0,3,2,1,5.8
4316,NE,Assam,Kamrup,40,Female,68,152,50,Normal,0,0,0,0,1,5.4
4317,NW,Jammu And Kashmir,Kathua,63,Female,89,158,64,Normal,0,0,0,0,2,6.3
4323,NW,Jammu And Kashmir,Kulgam,60,Male,100,165,72,Normal,0,0,0,0,4,5.7
4324,S,Tamil Nadu,Madurai,35,Female,82,157,64,Normal,0,0,0,1,1,5.8
4328,W,Maharashtra,Nagpur,26,Male,95,175,88,Normal,0,1,2,0,1,5.1
4331,NW,Jammu And Kashmir,Kathua,60,Female,104,156,65,Normal,0,0,0,0,2,14.6
4335,NW,Jammu And Kashmir,Kathua,60,Female,98,150,58,Normal,0,0,0,0,3,6.3
4336,W,Maharashtra,Nagpur,48,Male,100,183,95,Normal,0,0,4,0,3,6.8
4338,W,Maharashtra,Nagpur,24,Female,110,170,80,Normal,0,0,2,1,1,5
4341,NW,Jammu And Kashmir,Kathua,60,Female,112,169,70,Normal,0,0,2,1,2,5.8
4342,NW,Jammu And Kashmir,Kathua,68,Female,84,154,90,Normal,0,0,0,0,2,8.1
4343,NW,Jammu And Kashmir,Kathua,64,Female,88,166,65,Normal,0,0,2,1,3,13.1
4345,S,Karnataka,Kolar,25,Male,87,158,51,Normal,0,0,6,6,6,5.3
4350,NW,Jammu And Kashmir,Kathua,54,Male,104,168,75,Normal,0,0,6,0,2,5.5
4351,S,Tamil Nadu,Kanchipuram,66,Male,92,170,64,Normal,0,0,0,0,1,7.6
4353,NW,Jammu And Kashmir,Kulgam,35,Male,84,178,69,Normal,0,0,2,2,2,5.1
4355,W,Maharashtra,Nagpur,54,Female,78,158,62,Normal,1,0,0,0,3,7.5
4361,W,Rajasthan,Nagaur,39,Male,103,173,83,Normal,0,0,0,0,1,5.2
4362,NW,Jammu And Kashmir,Kulgam,40,Female,96,155,63,Normal,0,0,0,0,3,5.7
4364,NW,Jammu And Kashmir,Kulgam,58,Female,78,152,50,Normal,1,1,0,0,4,5.1
4365,S,Tamil Nadu,Kanchipuram,34,Female,81,167,70,Normal,0,0,0,1,1,5.2
4367,NW,Jammu And Kashmir,Kathua,63,Male,102,166,68,Normal,0,0,0,0,2,8.3
4369,S,Tamil Nadu,Kanchipuram,46,Female,92,155,65,Normal,0,0,0,0,1,7.4
4371,NW,Jammu And Kashmir,Kathua,31,Female,106,168,75,Normal,0,0,0,0,2,5.3
4373,NW,Jammu And Kashmir,Kathua,39,Male,102,167,71,Normal,0,0,6,6,2,5.7
4374,NW,Jammu And Kashmir,Kathua,35,Male,108,161,62,Normal,0,0,0,0,2,4.9
4375,W,Maharashtra,Nagpur,33,Male,100,175,87,Normal,1,0,2,0,1,5.3
4377,NW,Jammu And Kashmir,Kathua,36,Male,91,174,90,Normal,0,0,2,2,1,7
4381,W,Rajasthan,Nagaur,61,Male,92,157,58,Normal,0,0,0,0,3,4.9
4382,NW,Jammu And Kashmir,Kathua,62,Male,108,169,72,Normal,0,0,0,0,2,5.1
4386,S,Tamil Nadu,Kanchipuram,32,Female,91,156,75,Normal,0,0,0,0,1,5.6
4387,W,Maharashtra,Nagpur,46,Female,90,164,60,Normal,0,0,2,2,1,6.2
4390,W,Rajasthan,Nagaur,27,Male,91,164,68,Normal,0,0,0,0,3,4.7
4391,W,Maharashtra,Nagpur,58,Male,90,158,55,Normal,0,0,2,1,1,5.6
4396,S,Tamil Nadu,Kanchipuram,50,Female,87,144,52,Normal,0,0,0,0,6,5.8
4399,NW,Jammu And Kashmir,Kathua,30,Male,100,163,64,Normal,0,0,3,3,2,4.8
4400,W,Maharashtra,Nagpur,30,Male,100,178,89,Normal,1,0,2,0,1,5.1
4401,NW,Jammu And Kashmir,Kathua,63,Male,91,172,60,Normal,0,0,2,1,2,5.3
4405,NW,Jammu And Kashmir,Kathua,36,Male,99,161,74,Normal,0,0,3,3,4,5
4409,W,Maharashtra,Thane,40,Female,89,155,67,Normal,0,0,4,0,2,6.3
4414,W,Maharashtra,Thane,26,Male,96,177,80,Normal,1,0,4,2,3,5.4
4416,C,Madhya Pradesh,Ujjain,59,Male,63,170,64,Normal,0,0,0,0,6,5.9
4417,S,Andhra Pradesh,Visakhapatnam,21,Male,90,157,70,Normal,0,1,1,0,1,6.4
4418,S,Andhra Pradesh,Visakhapatnam,55,Female,90,147,59,Normal,0,0,3,2,2,6.6
4428,S,Andhra Pradesh,Visakhapatnam,28,Female,67,150,52,Normal,0,0,2,3,2,6.5
4436,C,Madhya Pradesh,Ujjain,49,Male,90,176,70,Normal,0,0,2,0,4,5.6
4438,W,Maharashtra,Thane,42,Male,95,156,57,Normal,0,0,0,0,1,5.7
4444,S,Andhra Pradesh,Visakhapatnam,34,Female,80,156,55,Normal,0,0,5,3,2,6.4
4460,W,Maharashtra,Thane,53,Male,100,183,92,Normal,1,1,6,0,3,9.2
4465,S,Andhra Pradesh,Visakhapatnam,40,Female,90,157,70,Normal,0,1,1,0,1,6.9
4467,S,Andhra Pradesh,Visakhapatnam,24,Female,90,157,70,Normal,0,1,1,0,1,6.5
4469,C,Madhya Pradesh,Ujjain,51,Male,84,165,59,Normal,0,0,3,3,2,6.9
4471,S,Andhra Pradesh,Visakhapatnam,24,Female,100,156,82,Normal,0,0,2,2,3,7.4
4478,S,Andhra Pradesh,Visakhapatnam,35,Female,87,149,57,Normal,0,0,3,2,4,6.3
4481,W,Maharashtra,Thane,51,Male,91,172,71,Normal,0,0,0,0,1,5.8
4483,S,Andhra Pradesh,Visakhapatnam,52,Male,82,180,75,Normal,0,0,4,2,1,8
4484,W,Maharashtra,Thane,40,Male,92,167,70,Normal,1,1,4,2,2,5.3
4485,W,Maharashtra,Thane,63,Male,106,157,70,Normal,0,0,0,0,1,5.7
4487,S,Andhra Pradesh,Visakhapatnam,44,Male,90,160,75,Normal,0,0,0,0,1,9.9
4488,S,Andhra Pradesh,Visakhapatnam,45,Male,82,180,75,Normal,0,0,4,2,1,8.9
4489,C,Madhya Pradesh,Ujjain,47,Male,90,157,83,Normal,0,0,0,0,2,4.8
4490,W,Maharashtra,Thane,46,Female,104,156,92,Normal,0,0,0,0,1,5.9
4491,S,Andhra Pradesh,Visakhapatnam,44,Male,82,180,75,Normal,0,0,4,2,1,7.2
4492,W,Maharashtra,Thane,42,Female,86,140,64,Normal,1,0,1,0,5,5.9
4493,S,Andhra Pradesh,Visakhapatnam,47,Male,82,180,75,Normal,0,0,4,2,1,10.4
4495,W,Maharashtra,Thane,30,Male,87,160,69,Normal,0,0,0,0,1,5.7
4501,S,Andhra Pradesh,Visakhapatnam,50,Male,89,155,54,Normal,0,0,2,2,1,6.5
4507,S,Andhra Pradesh,Visakhapatnam,58,Female,80,148,45,Normal,0,0,3,2,2,6.4
4509,C,Madhya Pradesh,Ujjain,35,Male,86,163,67,Normal,0,0,0,0,4,5.5
4525,C,Madhya Pradesh,Ujjain,29,Male,95,157,60,Normal,0,0,0,2,3,4.9
4527,S,Andhra Pradesh,Visakhapatnam,35,Female,88,150,62,Normal,0,0,2,3,2,6.3
4531,W,Maharashtra,Thane,55,Male,104,172,80,Normal,0,0,4,2,4,5.9
4533,C,Madhya Pradesh,Ujjain,55,Male,85,165,65,Normal,0,0,2,2,6,6.3
4538,S,Andhra Pradesh,Visakhapatnam,60,Female,75,159,70,Normal,0,0,1,0,1,6.8
4539,S,Andhra Pradesh,Visakhapatnam,60,Male,85,156,65,Normal,0,1,1,0,1,7.1
4544,S,Andhra Pradesh,Visakhapatnam,50,Female,89,155,70,Normal,0,0,3,0,1,6.2
4546,W,Maharashtra,Thane,44,Female,102,152,72,Normal,0,0,0,0,3,6
4549,W,Maharashtra,Thane,58,Female,97,152,62,Normal,0,0,3,0,1,6.3
4562,S,Andhra Pradesh,Visakhapatnam,40,Male,89,155,70,Normal,0,0,1,1,1,6.3
4565,S,Andhra Pradesh,Visakhapatnam,36,Male,89,155,70,Normal,0,0,1,4,1,6.8
4569,W,Maharashtra,Thane,27,Female,90,160,65,Normal,0,0,0,0,1,5.3
4572,S,Andhra Pradesh,Visakhapatnam,33,Male,89,155,70,Normal,0,0,2,0,1,6.3
4574,S,Andhra Pradesh,Visakhapatnam,50,Female,89,155,70,Normal,0,0,3,0,1,6.4
4577,W,Maharashtra,Thane,43,Male,114,175,112,Normal,0,0,2,0,5,6.3
4578,S,Andhra Pradesh,Visakhapatnam,50,Female,89,155,70,Normal,0,0,3,0,1,5.6
4580,S,Andhra Pradesh,Visakhapatnam,55,Female,89,155,70,Normal,0,0,3,0,1,8
4581,S,Andhra Pradesh,Visakhapatnam,63,Male,90,157,70,Normal,0,0,1,0,1,6.5
4583,W,Maharashtra,Thane,54,Male,87,172,72,Normal,0,0,1,4,1,6.6
4585,S,Andhra Pradesh,Visakhapatnam,48,Male,80,152,45,Normal,0,0,1,1,3,8.7
4587,S,Andhra Pradesh,Visakhapatnam,64,Male,80,160,70,Normal,0,0,1,1,2,10.1
4591,S,Andhra Pradesh,Visakhapatnam,41,Male,90,157,70,Normal,0,0,1,0,2,5.7
4598,S,Andhra Pradesh,Visakhapatnam,50,Female,80,157,57,Normal,0,0,1,1,3,7.1
4601,S,Andhra Pradesh,Visakhapatnam,57,Male,80,157,60,Normal,0,0,1,1,2,7.4
4602,S,Andhra Pradesh,Visakhapatnam,58,Female,93,170,80,Normal,1,0,1,1,3,6.8
4603,W,Maharashtra,Thane,33,Male,87,157,67,Normal,0,0,0,0,4,5.2
4607,S,Andhra Pradesh,Visakhapatnam,55,Female,91,170,85,Normal,0,0,4,4,4,7.4
4608,S,Andhra Pradesh,Visakhapatnam,70,Male,91,160,85,Normal,0,0,4,4,1,6
4609,S,Andhra Pradesh,Visakhapatnam,55,Male,90,165,70,Normal,0,0,4,4,4,8.6
4613,W,Maharashtra,Thane,55,Female,70,154,49,Normal,0,0,0,0,1,5.4
4614,S,Andhra Pradesh,Visakhapatnam,65,Male,91,165,65,Normal,0,0,4,4,1,7.1
4617,S,Andhra Pradesh,Visakhapatnam,60,Female,85,171,75,Normal,0,0,0,2,2,6.9
4618,S,Andhra Pradesh,Visakhapatnam,36,Female,91,165,80,Normal,0,0,4,4,4,6.5
4619,S,Andhra Pradesh,Visakhapatnam,80,Male,90,160,78,Normal,0,0,4,4,1,6.3
4623,S,Andhra Pradesh,Visakhapatnam,60,Male,90,165,70,Normal,0,0,4,4,1,6.6
4631,S,Andhra Pradesh,Visakhapatnam,55,Female,75,143,63,Normal,1,1,2,1,2,6.6
4632,S,Andhra Pradesh,Visakhapatnam,66,Male,75,157,90,Normal,0,0,1,1,1,6.5
4639,W,Maharashtra,Thane,39,Female,92,152,69,Normal,1,0,0,0,3,5.3
4640,S,Andhra Pradesh,Visakhapatnam,32,Female,85,152,74,Normal,0,0,0,0,2,6.1
4663,S,Andhra Pradesh,Visakhapatnam,54,Female,80,152,60,Normal,1,0,5,5,3,9.3
4670,W,Maharashtra,Thane,38,Male,100,160,85,Normal,0,0,0,0,1,8.3
4672,S,Andhra Pradesh,Visakhapatnam,76,Male,89,155,70,Normal,0,0,1,4,1,6.6
4689,W,Maharashtra,Thane,44,Male,90,167,79,Normal,0,0,6,6,3,5.1
4694,S,Andhra Pradesh,Visakhapatnam,26,Female,90,157,70,Normal,0,1,1,0,2,7
4707,S,Andhra Pradesh,Visakhapatnam,59,Male,82,180,75,Normal,0,0,4,2,1,6.3
4709,W,Maharashtra,Thane,45,Female,98,156,78,Normal,1,0,4,0,6,5.6
4710,N,Delhi,West Delhi,59,Male,114,173,70,Normal,0,0,4,2,2,6.4
4714,N,Delhi,West Delhi,55,Male,107,161,75,Normal,0,0,3,4,2,6.8
4716,N,Delhi,West Delhi,40,Female,88,161,68,Normal,0,0,1,2,1,5.8
4718,W,Maharashtra,Thane,39,Male,95,174,69,Normal,0,0,2,1,1,5
4719,N,Delhi,West Delhi,50,Male,88,166,60,Normal,0,0,0,2,2,7.2
4720,N,Delhi,West Delhi,55,Male,130,150,90,Normal,1,0,3,3,2,6.3
4726,W,Maharashtra,Thane,70,Female,88,150,56,Normal,0,0,0,0,1,5.8
4731,W,Maharashtra,Thane,47,Male,96,165,76,Normal,0,0,6,1,4,5.7
4743,W,Maharashtra,Thane,55,Female,87,157,57,Normal,0,0,0,0,3,6.5
4744,W,Maharashtra,Thane,44,Male,91,167,76,Normal,0,0,0,0,4,5.4
4745,W,Maharashtra,Thane,46,Male,80,154,58,Normal,0,0,0,0,3,5.5
4747,S,Andhra Pradesh,Visakhapatnam,42,Male,87,155,75,Normal,0,0,2,3,1,7.6
4749,S,Andhra Pradesh,Visakhapatnam,41,Female,87,164,63,Normal,0,0,2,2,1,5.2
4750,W,Maharashtra,Thane,48,Male,88,170,65,Normal,0,0,0,0,1,11.6
4753,W,Maharashtra,Thane,61,Male,92,167,76,Normal,0,0,6,0,4,6.3
4754,S,Andhra Pradesh,Visakhapatnam,63,Male,80,162,75,Normal,0,0,2,1,1,7.9
4756,S,Andhra Pradesh,Visakhapatnam,39,Male,80,157,80,Normal,0,0,2,0,1,6.3
4758,W,Maharashtra,Thane,36,Female,77,152,46,Normal,0,0,0,0,5,6
4759,W,Maharashtra,Thane,38,Female,100,159,68,Normal,1,1,0,0,3,5.8
4763,C,Madhya Pradesh,Ujjain,43,Female,80,160,55,Normal,1,0,0,0,1,5.4
4765,C,Madhya Pradesh,Ujjain,47,Male,85,177,78,Normal,0,0,3,0,4,5
4780,NE,Tripura,West Tripura,31,Male,77,165,57,Normal,0,0,6,0,1,5.2
4787,NE,Tripura,West Tripura,59,Male,62,160,69,Normal,0,0,0,0,1,6.7
4793,NE,Tripura,West Tripura,32,Male,77,172,56,Normal,0,0,6,0,1,5.3
4796,NE,Tripura,West Tripura,42,Male,76,170,75,Normal,0,0,6,0,3,11.2
4803,W,Maharashtra,Thane,72,Female,86,159,59,Normal,0,0,0,0,1,6.6
4814,NE,Tripura,West Tripura,51,Male,79,167,70,Normal,0,0,6,0,2,5.8
4815,NE,Tripura,West Tripura,26,Male,74,170,41,Normal,0,0,6,0,1,4.6
4821,W,Maharashtra,Thane,35,Male,92,162,70,Normal,0,0,0,0,2,5.7
4827,S,Andhra Pradesh,Visakhapatnam,53,Male,85,150,68,Normal,0,0,0,1,1,6.6
4829,S,Andhra Pradesh,Visakhapatnam,70,Female,90,170,70,Normal,0,0,0,0,1,6.6
4832,W,Maharashtra,Thane,42,Female,85,150,64,Normal,0,0,1,0,1,5.2
4833,W,Maharashtra,Thane,46,Male,100,180,91,Normal,0,0,1,0,4,5.2
4834,C,Madhya Pradesh,Ujjain,54,Female,80,140,57,Normal,0,0,0,0,2,10.6
4841,W,Maharashtra,Thane,28,Male,93,169,79,Normal,1,0,0,0,1,5.5
4847,S,Andhra Pradesh,Visakhapatnam,48,Female,85,150,57,Normal,0,0,5,3,1,6.6
4849,W,Maharashtra,Thane,37,Female,90,150,74,Normal,0,1,6,0,5,5.4
4850,W,Maharashtra,Thane,37,Female,79,165,49,Normal,0,0,0,0,1,4.9
4852,W,Maharashtra,Thane,35,Female,88,164,64,Normal,0,0,6,0,4,5.6
4853,W,Maharashtra,Thane,44,Female,82,149,62,Normal,0,1,0,0,3,4.5
4858,C,Madhya Pradesh,Ujjain,51,Male,75,159,71,Normal,0,0,6,0,3,5.7
4860,W,Maharashtra,Thane,39,Male,84,145,58,Normal,0,0,1,1,1,10.5
4862,S,Andhra Pradesh,Visakhapatnam,54,Female,82,170,75,Normal,0,0,4,2,1,6.6
4867,S,Andhra Pradesh,Visakhapatnam,57,Male,82,180,75,Normal,0,0,4,2,1,6.3
4868,S,Andhra Pradesh,Visakhapatnam,45,Female,88,170,65,Normal,1,1,1,3,3,5.6
4869,C,Madhya Pradesh,Ujjain,42,Female,75,147,71,Normal,0,0,0,0,5,5.1
4870,S,Andhra Pradesh,Visakhapatnam,35,Female,86,164,60,Normal,0,0,2,1,1,6.3
4871,NE,Tripura,West Tripura,34,Female,77,167,64,Normal,0,0,6,0,3,5.9
4872,NE,Tripura,West Tripura,34,Male,76,172,66,Normal,0,0,6,0,3,5.3
4875,W,Maharashtra,Thane,32,Female,96,153,62,Normal,0,0,0,0,3,5.1
4877,NE,Tripura,West Tripura,42,Male,79,175,77,Normal,0,0,6,0,3,6.3
4878,C,Madhya Pradesh,Ujjain,60,Male,75,155,55,Normal,0,0,3,5,1,5.9
4879,C,Madhya Pradesh,Ujjain,48,Female,72,151,65,Normal,0,0,3,0,4,5.3
4881,S,Andhra Pradesh,Visakhapatnam,46,Male,85,140,80,Normal,0,0,2,3,4,6.7
4884,W,Maharashtra,Thane,55,Male,87,162,62,Normal,0,0,4,4,1,5.1
4890,S,Andhra Pradesh,Visakhapatnam,34,Male,80,157,57,Normal,1,1,2,2,1,6
4891,S,Andhra Pradesh,Visakhapatnam,55,Female,88,170,70,Normal,0,0,2,2,1,5.6
4892,W,Maharashtra,Thane,45,Male,96,169,86,Normal,1,0,0,0,1,5.1
4894,S,Andhra Pradesh,Visakhapatnam,54,Male,85,156,65,Normal,1,1,0,1,1,9.3
4895,C,Madhya Pradesh,Ujjain,45,Male,89,159,71,Normal,0,0,0,0,1,6
4896,W,Maharashtra,Thane,57,Male,89,169,57,Normal,0,0,0,0,1,5.4
4901,S,Andhra Pradesh,Visakhapatnam,60,Male,65,130,46,Normal,0,0,3,1,1,6.2
4903,S,Andhra Pradesh,Visakhapatnam,49,Male,85,156,65,Normal,0,0,3,1,1,5.3
4904,S,Andhra Pradesh,Visakhapatnam,70,Male,83,169,60,Normal,0,0,2,2,1,8.4
4906,S,Andhra Pradesh,Visakhapatnam,64,Female,83,156,64,Normal,0,0,2,2,2,10.9
4914,S,Andhra Pradesh,Visakhapatnam,65,Male,92,168,70,Normal,0,0,0,0,1,6.8
4915,S,Andhra Pradesh,Visakhapatnam,60,Male,85,150,75,Normal,0,0,2,1,1,6.9
4920,S,Andhra Pradesh,Visakhapatnam,60,Male,85,155,75,Normal,0,0,2,1,1,6.5
4922,W,Maharashtra,Thane,30,Female,80,152,53,Normal,0,0,0,0,3,5.5
4925,W,Maharashtra,Thane,28,Female,77,145,53,Normal,0,0,0,0,1,5.1
4927,W,Maharashtra,Thane,40,Female,89,155,62,Normal,1,0,0,0,3,5.4
4929,S,Andhra Pradesh,Visakhapatnam,38,Male,80,158,75,Normal,0,0,0,0,1,6.3
4932,W,Maharashtra,Thane,61,Male,100,164,80,Normal,0,0,0,1,1,7.7
4935,S,Andhra Pradesh,Visakhapatnam,58,Male,80,158,75,Normal,0,0,0,0,1,6.2
4938,S,Andhra Pradesh,Visakhapatnam,41,Female,75,165,70,Normal,0,0,1,1,1,6.6
4939,S,Andhra Pradesh,Visakhapatnam,75,Female,85,171,75,Normal,0,0,0,0,1,9.7
4940,S,Andhra Pradesh,Visakhapatnam,46,Male,85,171,75,Normal,0,0,0,2,1,7
4941,W,Maharashtra,Thane,35,Female,86,150,56,Normal,0,0,0,1,1,9
4942,W,Maharashtra,Thane,47,Male,99,153,68,Normal,1,0,0,0,2,5.8
4944,W,Maharashtra,Thane,25,Male,90,170,65,Normal,1,0,6,0,3,5.9
4949,S,Andhra Pradesh,Visakhapatnam,76,Male,75,165,65,Normal,0,0,0,0,1,8
4951,W,Maharashtra,Thane,53,Female,97,154,75,Normal,1,1,0,0,3,6.1
4952,W,Maharashtra,Thane,69,Female,80,160,56,Normal,0,0,0,1,1,5.6
4954,W,Maharashtra,Thane,62,Male,91,155,60,Normal,0,0,1,1,1,6.4
4955,S,Andhra Pradesh,Visakhapatnam,48,Female,80,158,75,Normal,0,0,0,0,1,5.9
4960,S,Andhra Pradesh,Visakhapatnam,54,Female,92,177,95,Normal,0,0,2,1,1,6.4
4965,W,Maharashtra,Thane,43,Female,94,162,66,Normal,0,1,0,0,3,5.3
4969,W,Maharashtra,Thane,28,Female,78,158,56,Normal,0,0,0,0,3,5.7
4970,S,Andhra Pradesh,Visakhapatnam,74,Male,83,167,56,Normal,1,1,0,1,1,5.2
4971,S,Andhra Pradesh,Visakhapatnam,48,Female,80,158,75,Normal,0,0,0,0,1,6.8
4973,W,Maharashtra,Thane,45,Female,79,183,55,Normal,1,0,0,0,3,6.5
4974,W,Maharashtra,Thane,32,Female,93,156,66,Normal,0,0,0,0,3,5.4
4979,S,Andhra Pradesh,Visakhapatnam,55,Male,80,158,75,Normal,0,0,0,0,1,6.4
4982,W,Maharashtra,Thane,22,Male,73,152,56,Normal,0,0,0,2,3,5.4
4985,S,Andhra Pradesh,Visakhapatnam,58,Male,82,160,69,Normal,1,0,2,1,2,9
4986,W,Maharashtra,Thane,64,Female,77,159,46,Normal,0,0,0,0,1,5.4
4987,S,Andhra Pradesh,Visakhapatnam,66,Male,82,155,55,Normal,1,0,2,2,1,6.5
4988,W,Maharashtra,Thane,39,Female,98,159,70,Normal,0,1,0,0,1,5.8
4993,S,Andhra Pradesh,Visakhapatnam,52,Male,82,155,55,Normal,1,0,2,0,1,6.8
4998,S,Andhra Pradesh,Visakhapatnam,38,Female,85,157,70,Normal,1,0,0,1,2,6.3
5002,S,Andhra Pradesh,Visakhapatnam,47,Female,82,160,69,Normal,1,0,2,1,2,6.5
5005,S,Andhra Pradesh,Visakhapatnam,50,Female,84,159,65,Normal,0,0,4,1,5,6.7
5006,S,Andhra Pradesh,Visakhapatnam,42,Female,82,160,69,Normal,0,0,2,3,2,10.7
5007,W,Maharashtra,Thane,34,Female,85,155,63,Normal,0,0,0,0,2,5.5
5011,W,Maharashtra,Thane,33,Female,94,162,73,Normal,0,0,1,0,2,5.7
5014,W,Maharashtra,Thane,31,Female,80,155,46,Normal,1,0,0,0,3,5.2
5015,W,Maharashtra,Thane,24,Female,76,162,56,Normal,0,0,0,0,1,5.1
5016,S,Andhra Pradesh,Visakhapatnam,56,Male,85,171,75,Normal,0,0,1,3,1,7.7
5017,W,Maharashtra,Thane,39,Female,79,167,62,Normal,1,0,0,0,1,5.1
5018,S,Andhra Pradesh,Visakhapatnam,34,Female,85,171,75,Normal,0,0,0,0,1,6.7
5021,S,Andhra Pradesh,Visakhapatnam,38,Female,85,171,75,Normal,0,0,0,0,1,9.1
5024,W,Maharashtra,Thane,31,Male,100,173,79,Normal,0,0,1,1,2,5.1
5027,W,Maharashtra,Thane,45,Female,72,143,72,Normal,0,0,0,0,2,5.7
5028,W,Maharashtra,Thane,39,Female,89,155,69,Normal,0,0,0,0,2,5.3
5029,W,Maharashtra,Thane,37,Male,89,160,66,Normal,1,0,6,0,3,5.3
5030,S,Andhra Pradesh,Visakhapatnam,32,Female,89,155,77,Normal,0,0,0,0,2,6.4
5032,W,Maharashtra,Thane,35,Female,89,155,78,Normal,0,0,0,1,2,5.2
5036,W,Maharashtra,Thane,32,Female,96,158,65,Normal,0,0,0,0,2,5.6
5038,W,Maharashtra,Thane,30,Female,82,156,56,Normal,1,0,1,0,1,5.2
5044,W,Maharashtra,Thane,46,Female,80,161,55,Normal,0,0,0,0,3,4.9
5046,S,Andhra Pradesh,Visakhapatnam,48,Female,85,157,66,Normal,0,1,0,1,1,7.7
5047,W,Maharashtra,Thane,43,Female,94,157,80,Normal,0,1,0,0,3,5.3
5048,W,Maharashtra,Thane,42,Female,103,152,85,Normal,0,1,0,0,1,5.7
5060,S,Andhra Pradesh,Visakhapatnam,44,Male,75,155,65,Normal,0,0,3,2,3,10.5
5061,N,Delhi,Thane,31,Female,80,165,59,Normal,0,0,3,0,3,5.4
5062,W,Maharashtra,Thane,37,Female,105,154,90,Normal,0,0,0,0,3,5.7
5063,W,Maharashtra,Thane,38,Female,88,150,65,Normal,0,0,2,0,3,5.3
5065,W,Maharashtra,Thane,51,Female,107,161,85,Normal,1,1,3,0,3,6.1
5067,W,Maharashtra,Thane,40,Female,85,152,65,Normal,0,0,0,0,3,5.7
5069,W,Maharashtra,Thane,41,Female,82,165,62,Normal,0,0,1,0,1,5.2
5070,W,Maharashtra,Thane,33,Female,101,162,85,Normal,0,0,0,3,6,5.3
5075,W,Maharashtra,Thane,41,Female,95,152,67,Normal,1,0,6,6,3,6.2
5079,W,Maharashtra,Thane,29,Female,82,148,51,Normal,0,0,0,0,3,4.6
5080,W,Maharashtra,Thane,43,Female,92,152,60,Normal,0,1,0,0,3,5.2
5081,W,Maharashtra,Thane,41,Female,80,149,60,Normal,1,1,0,0,3,5.3
5082,S,Andhra Pradesh,Visakhapatnam,51,Male,85,140,80,Normal,0,0,2,3,4,4.8
5092,S,Andhra Pradesh,Visakhapatnam,56,Male,86,165,60,Normal,0,0,1,1,1,10.1
5095,W,Maharashtra,Thane,31,Female,80,153,59,Normal,0,0,5,0,3,6
5099,S,Andhra Pradesh,Visakhapatnam,70,Male,87,152,63,Normal,0,0,4,1,2,5.2
5102,W,Maharashtra,Thane,28,Female,84,162,80,Normal,1,0,0,0,3,5.6
5104,W,Maharashtra,Thane,48,Female,98,167,76,Normal,1,1,0,0,3,5.6
5106,S,Andhra Pradesh,Visakhapatnam,60,Female,85,156,65,Normal,0,0,3,1,1,8.5
5107,W,Maharashtra,Thane,29,Female,85,148,52,Normal,0,1,0,6,3,5.4
5110,W,Maharashtra,Thane,43,Male,102,157,80,Normal,0,1,1,0,1,4.8
5115,S,Andhra Pradesh,Visakhapatnam,61,Male,85,156,65,Normal,0,0,3,5,1,5.3
5116,W,Maharashtra,Thane,35,Female,81,162,69,Normal,0,1,0,0,1,5.2
5118,W,Maharashtra,Thane,49,Female,87,155,50,Normal,0,0,1,0,1,6
5122,W,Maharashtra,Thane,32,Female,91,159,72,Normal,0,1,0,0,3,4.6
5123,W,Maharashtra,Thane,25,Female,82,153,56,Normal,0,1,6,0,3,5.3
5125,W,Maharashtra,Thane,29,Female,86,155,62,Normal,1,1,0,0,2,5.3
5126,W,Maharashtra,Thane,34,Female,83,159,68,Normal,0,0,0,0,6,4.7
5130,W,Maharashtra,Thane,70,Male,92,160,72,Normal,0,0,0,1,1,7.4
5137,W,Maharashtra,Thane,53,Male,101,159,80,Normal,0,0,0,0,2,5.6
5142,S,Andhra Pradesh,Visakhapatnam,62,Female,85,157,70,Normal,0,0,2,1,1,7.1
5143,S,Andhra Pradesh,Visakhapatnam,46,Male,90,157,70,Normal,0,1,1,0,1,6.4
5147,S,Andhra Pradesh,Visakhapatnam,45,Male,85,160,70,Normal,0,0,2,1,1,7.5
5148,W,Maharashtra,Thane,30,Female,99,152,69,Normal,1,1,0,0,1,5
5151,S,Andhra Pradesh,Visakhapatnam,45,Male,89,155,70,Normal,0,0,1,1,1,6.4
5154,S,Andhra Pradesh,Visakhapatnam,62,Female,85,160,70,Normal,0,0,2,1,1,7.5
5156,S,Andhra Pradesh,Visakhapatnam,47,Male,85,156,70,Normal,0,0,2,1,1,6.7
5157,S,Andhra Pradesh,Visakhapatnam,54,Female,90,157,70,Normal,0,1,1,0,1,8.1
5164,W,Maharashtra,Thane,38,Female,103,140,65,Normal,0,0,0,0,3,3.6
5165,S,Andhra Pradesh,Visakhapatnam,20,Female,80,151,57,Normal,0,0,3,2,2,6.3
5168,W,Maharashtra,Thane,35,Female,85,156,56,Normal,0,0,0,0,3,5.6
5170,W,Maharashtra,Thane,35,Female,85,157,55,Normal,0,1,0,0,1,5.6
5176,W,Maharashtra,Thane,50,Female,88,162,74,Normal,0,0,0,0,3,5.7
5180,W,Maharashtra,Thane,33,Female,87,155,60,Normal,1,0,0,0,3,5.2
5184,W,Maharashtra,Thane,30,Female,81,157,68,Normal,0,0,0,0,4,5.1
5186,S,Andhra Pradesh,Visakhapatnam,46,Female,80,156,76,Normal,0,0,3,3,2,7.4
5187,S,Andhra Pradesh,Visakhapatnam,46,Female,85,152,70,Normal,0,0,2,1,1,6.6
5194,W,Maharashtra,Thane,30,Female,80,156,60,Normal,0,0,0,0,2,5.6
5195,S,Andhra Pradesh,Visakhapatnam,45,Female,85,157,82,Normal,0,1,1,0,1,11
5197,W,Maharashtra,Thane,41,Female,92,157,72,Normal,1,0,1,0,1,7.2
5200,S,Andhra Pradesh,Visakhapatnam,39,Female,85,160,70,Normal,0,0,2,1,1,9.4
5201,W,Maharashtra,Thane,35,Male,95,182,84,Normal,0,0,0,0,2,5.8
5204,S,Andhra Pradesh,Visakhapatnam,55,Male,80,160,45,Normal,0,0,1,1,2,6.2
5207,S,Andhra Pradesh,Visakhapatnam,68,Male,80,152,60,Normal,0,0,1,1,3,10.3
5209,S,Andhra Pradesh,Visakhapatnam,60,Male,91,170,85,Normal,0,0,4,4,1,6.6
5210,S,Andhra Pradesh,Visakhapatnam,50,Male,80,157,72,Normal,0,0,1,1,2,6.7
5212,W,Maharashtra,Thane,24,Female,78,153,58,Normal,0,1,0,0,1,5.1
5214,W,Maharashtra,Thane,33,Female,91,165,67,Normal,0,0,0,0,3,5.1
5215,S,Andhra Pradesh,Visakhapatnam,55,Female,86,159,69,Normal,1,0,3,2,1,10.4
5217,S,Andhra Pradesh,Visakhapatnam,56,Male,80,192,45,Normal,0,0,1,1,3,6.2
5227,W,Maharashtra,Thane,39,Female,89,157,58,Normal,1,1,0,0,2,7.4
5231,W,Maharashtra,Thane,44,Male,92,175,85,Normal,0,0,6,0,3,5.9
5232,W,Maharashtra,Thane,44,Female,109,152,74,Normal,0,0,0,0,1,7.1
5236,S,Andhra Pradesh,Visakhapatnam,60,Male,85,157,70,Normal,0,0,2,1,1,6.5
5238,S,Andhra Pradesh,Visakhapatnam,52,Female,85,157,70,Normal,0,0,2,1,1,8.4
5240,W,Maharashtra,Thane,54,Female,85,162,65,Normal,1,1,0,0,3,13.3
5242,W,Maharashtra,Thane,35,Male,92,180,78,Normal,0,0,0,0,3,5.6
5245,W,Maharashtra,Thane,25,Female,88,154,69,Normal,1,1,0,0,3,5.5
5248,S,Andhra Pradesh,Visakhapatnam,60,Female,84,155,65,Normal,1,1,2,2,3,9.7
5249,S,Andhra Pradesh,Visakhapatnam,47,Male,85,171,75,Normal,0,0,0,2,2,6.4
5250,W,Maharashtra,Thane,44,Female,98,152,73,Normal,0,0,0,0,1,5.6
5252,S,Andhra Pradesh,Visakhapatnam,50,Female,84,155,65,Normal,0,0,3,2,2,10.5
5253,S,Andhra Pradesh,Visakhapatnam,40,Female,82,160,69,Normal,0,0,2,2,2,9.6
5254,S,Andhra Pradesh,Visakhapatnam,55,Female,85,157,70,Normal,0,0,2,1,1,7
5260,S,Andhra Pradesh,Visakhapatnam,37,Male,85,145,73,Normal,0,0,1,4,1,6.9
5262,S,Andhra Pradesh,Visakhapatnam,50,Female,82,160,69,Normal,0,0,3,1,1,6.6
5265,S,Andhra Pradesh,Visakhapatnam,35,Male,85,156,75,Normal,0,0,2,1,1,6.5
5266,S,Andhra Pradesh,Visakhapatnam,60,Male,85,150,75,Normal,0,0,2,1,1,6.3
5267,S,Andhra Pradesh,Visakhapatnam,61,Male,85,156,75,Normal,0,0,2,1,1,6.9
5268,S,Andhra Pradesh,Visakhapatnam,42,Male,85,156,75,Normal,0,0,2,1,1,6.3
5269,S,Andhra Pradesh,Visakhapatnam,50,Female,86,165,75,Normal,0,0,1,1,3,6.9
5272,S,Andhra Pradesh,Visakhapatnam,60,Male,82,160,69,Normal,0,0,2,2,1,7.9
5273,S,Andhra Pradesh,Visakhapatnam,50,Male,85,156,70,Normal,0,0,2,1,1,6.4
5274,W,Maharashtra,Thane,46,Female,81,158,66,Normal,0,0,0,0,1,5.7
5279,S,Andhra Pradesh,Visakhapatnam,51,Female,82,155,55,Normal,1,0,1,1,1,6.9
5281,W,Maharashtra,Thane,36,Female,87,154,65,Normal,0,0,0,0,3,5.3
5282,S,Andhra Pradesh,Visakhapatnam,48,Female,82,160,69,Normal,0,0,3,1,1,6.2
5284,W,Maharashtra,Thane,40,Female,93,154,66,Normal,0,0,0,0,1,5.7
5288,W,Maharashtra,Thane,53,Female,99,170,92,Normal,0,0,0,0,3,6.3
5292,S,Andhra Pradesh,Visakhapatnam,40,Male,82,155,55,Normal,1,1,2,2,1,6.8
5294,S,Andhra Pradesh,Visakhapatnam,56,Female,85,171,75,Normal,0,0,0,2,2,6.2
5296,S,Andhra Pradesh,Visakhapatnam,30,Male,82,155,55,Normal,1,1,1,2,1,5.9
5298,S,Andhra Pradesh,Visakhapatnam,29,Male,82,155,55,Normal,1,0,1,2,1,6.2
5303,N,Delhi,North West Delhi,45,Male,101,157,77,Normal,0,0,3,2,1,5.4
5304,W,Gujarat,Navsari,51,Female,94,163,80,Normal,0,1,0,0,2,5.7
5305,W,Gujarat,Navsari,42,Female,104,156,95,Normal,0,0,0,0,2,4.9
5306,W,Gujarat,Navsari,41,Male,94,164,73,Normal,0,1,0,0,6,6.6
5308,W,Gujarat,Navsari,43,Female,90,151,60,Normal,0,0,0,0,1,5
5309,S,Andaman And Nicobar,Port Blair,43,Male,102,157,69,Normal,0,0,0,0,4,6.2
5310,W,Maharashtra,Nagpur,40,Female,97,164,56,Normal,1,0,0,0,1,5.9
5313,W,Gujarat,Navsari,43,Male,94,165,70,Normal,0,0,0,0,1,4.5
5314,S,Andaman And Nicobar,Port Blair,52,Male,104,172,92,Normal,0,0,0,0,1,5.8
5315,W,Maharashtra,Nagpur,48,Male,95,185,79,Normal,0,0,6,5,6,5.9
5317,W,Gujarat,Navsari,42,Male,81,167,60,Normal,0,0,6,6,5,6.1
5318,W,Gujarat,Navsari,40,Male,97,176,79,Normal,0,0,2,0,1,5.5
5320,W,Gujarat,Navsari,33,Female,91,159,90,Normal,0,0,0,0,1,6.2
5323,W,Gujarat,Navsari,48,Male,99,175,80,Normal,0,0,1,3,1,5.1
5324,W,Gujarat,Navsari,34,Female,77,160,50,Normal,0,0,1,3,1,5.2
5325,W,Gujarat,Navsari,53,Male,94,190,75,Normal,0,0,0,0,4,5.7
5327,W,Gujarat,Navsari,46,Female,96,148,86,Normal,0,0,3,3,3,6.5
5328,W,Gujarat,Navsari,43,Female,82,151,55,Normal,1,1,0,0,3,5.6
5329,W,Gujarat,Navsari,54,Female,90,132,56,Normal,0,0,1,0,5,5.5
5331,W,Gujarat,Navsari,55,Male,83,156,57,Normal,0,0,6,3,2,4.9
5332,W,Gujarat,Navsari,39,Female,82,165,62,Normal,0,1,1,2,6,6.1
5334,W,Gujarat,Navsari,36,Female,85,150,61,Normal,0,0,0,0,1,5.8
5335,W,Gujarat,Navsari,32,Female,69,148,41,Normal,0,0,0,1,3,5.5
5336,W,Gujarat,Navsari,66,Male,97,166,70,Normal,0,0,0,0,1,7.6
5337,W,Gujarat,Navsari,57,Female,67,145,43,Normal,0,0,3,3,2,5.3
5338,W,Maharashtra,Nagpur,36,Male,95,179,67,Normal,0,0,3,2,6,5.2
5339,W,Gujarat,Navsari,26,Female,71,171,63,Normal,0,0,0,0,5,6.5
5340,W,Gujarat,Navsari,60,Female,94,140,60,Normal,0,0,1,0,2,5.4
5345,S,Andaman And Nicobar,Port Blair,50,Male,98,152,55,Normal,0,0,2,1,1,11.8
5353,W,Gujarat,Navsari,38,Male,92,155,68,Normal,0,0,0,0,2,6.3
5354,W,Gujarat,Navsari,42,Female,82,147,55,Normal,0,0,0,0,1,6
5357,W,Gujarat,Navsari,60,Male,94,158,63,Normal,0,0,6,0,2,11.3
5358,W,Gujarat,Navsari,45,Female,92,162,54,Normal,1,1,4,0,2,5.7
5359,S,Andaman And Nicobar,Port Blair,35,Female,95,153,55,Normal,0,0,1,1,1,5.7
5360,W,Maharashtra,Nagpur,45,Male,100,170,93,Normal,1,0,0,0,1,6.1
5361,W,Maharashtra,Nagpur,46,Female,95,164,51,Normal,0,0,0,0,1,5.1
5363,W,Gujarat,Navsari,39,Male,99,162,74,Normal,0,0,2,0,5,6.2
5364,W,Gujarat,Navsari,46,Male,109,182,90,Normal,0,0,0,0,3,6.5
5365,W,Gujarat,Navsari,45,Female,79,157,60,Normal,0,0,0,0,1,5.6
5366,W,Gujarat,Navsari,52,Female,88,145,62,Normal,1,0,0,2,4,6.5
5367,W,Gujarat,Navsari,36,Female,93,166,70,Normal,0,0,2,2,1,5
5371,W,Gujarat,Navsari,65,Female,69,157,43,Normal,0,0,3,0,1,6.6
5372,W,Gujarat,Navsari,43,Male,99,168,85,Normal,0,0,0,0,1,5.4
5373,W,Gujarat,Navsari,36,Female,97,151,72,Normal,1,0,6,6,3,6.1
5374,W,Gujarat,Navsari,63,Male,131,160,102,Normal,0,1,0,0,1,6.1
5375,W,Maharashtra,Nagpur,60,Male,95,179,68,Normal,0,0,0,0,6,5.8
5376,W,Gujarat,Navsari,24,Male,82,172,66,Normal,0,0,6,0,1,5.4
5377,W,Gujarat,Navsari,40,Female,95,153,71,Normal,1,0,0,0,3,6.4
5380,W,Gujarat,Navsari,43,Female,96,152,79,Normal,0,0,0,0,1,5.9
5381,W,Gujarat,Navsari,54,Male,92,165,66,Normal,0,0,0,0,2,6.8
5383,W,Maharashtra,Nagpur,57,Male,95,167,69,Normal,0,0,4,0,3,5.6
5388,W,Gujarat,Navsari,49,Male,92,167,65,Normal,0,0,0,0,1,5.9
5390,W,Gujarat,Navsari,63,Male,93,167,60,Normal,0,0,6,1,1,6.3
5391,W,Gujarat,Navsari,60,Female,88,156,65,Normal,0,0,6,1,1,6.1
5392,W,Maharashtra,Nagpur,48,Female,75,158,60,Normal,0,0,6,2,2,6.4
5395,S,Andaman And Nicobar,Port Blair,30,Male,102,165,55,Normal,0,0,0,0,3,5.3
5397,W,Maharashtra,Nagpur,44,Male,85,170,75,Normal,0,0,2,6,1,6.5
5398,C,Chhattisgarh,Raipur,58,Female,85,150,44,Normal,0,0,0,0,1,6.5
5399,W,Gujarat,Navsari,48,Male,108,166,81,Normal,0,0,0,0,3,12
5401,W,Maharashtra,Nagpur,56,Female,99,153,63,Normal,0,1,4,4,1,6.6
5402,W,Gujarat,Navsari,42,Female,76,155,60,Normal,1,0,0,0,4,5.4
5403,W,Maharashtra,Nagpur,60,Female,99,153,68,Normal,0,0,4,4,1,5.7
5404,W,Gujarat,Navsari,32,Female,86,151,55,Normal,1,1,0,1,3,6.2
5407,W,Maharashtra,Nagpur,36,Female,99,152,68,Normal,1,0,4,4,1,5.8
5408,W,Gujarat,Navsari,60,Male,89,160,60,Normal,0,0,0,0,1,5.8
5410,W,Gujarat,Navsari,68,Female,86,153,59,Normal,0,0,0,0,4,6.8
5411,W,Maharashtra,Nagpur,50,Female,78,167,70,Normal,0,0,2,6,1,6.3
5413,W,Maharashtra,Nagpur,45,Female,60,158,50,Normal,0,0,6,6,2,5.5
5414,S,Andaman And Nicobar,Port Blair,47,Female,102,157,59,Normal,0,0,0,0,1,5.5
5415,W,Gujarat,Navsari,60,Female,92,154,68,Normal,0,0,0,0,4,6.7
5416,W,Maharashtra,Nagpur,51,Male,100,173,80,Normal,0,0,0,0,3,9.9
5419,W,Gujarat,Navsari,33,Male,101,172,78,Normal,0,1,0,0,3,5.4
5420,W,Maharashtra,Nagpur,45,Female,85,167,70,Normal,0,0,0,0,3,6.7
5421,W,Gujarat,Navsari,54,Male,103,172,84,Normal,0,0,0,0,1,5.3
5422,W,Gujarat,Navsari,69,Male,106,164,74,Normal,0,1,0,0,1,7
5423,W,Gujarat,Navsari,59,Male,88,160,59,Normal,0,0,0,0,4,6.3
5424,W,Gujarat,Navsari,61,Male,90,167,64,Normal,0,0,0,0,3,5.5
5425,S,Andaman And Nicobar,Port Blair,50,Female,113,150,68,Normal,0,0,1,0,1,5.7
5429,W,Gujarat,Navsari,50,Male,93,172,71,Normal,1,0,0,0,3,10.7
5430,W,Maharashtra,Nagpur,49,Male,96,170,96,Normal,0,0,0,0,4,6.8
5431,W,Maharashtra,Nagpur,51,Male,60,164,70,Normal,0,0,2,4,1,5.2
5432,W,Gujarat,Navsari,41,Female,70,148,45,Normal,0,1,4,1,3,5.8
5433,W,Gujarat,Navsari,24,Female,78,152,63,Normal,0,0,0,0,3,5.3
5435,W,Gujarat,Navsari,36,Male,96,177,85,Normal,0,0,0,0,2,6.5
5438,S,Andaman And Nicobar,Port Blair,46,Female,92,191,64,Normal,1,0,1,1,1,5.3
5439,W,Gujarat,Navsari,39,Female,104,151,60,Normal,0,0,4,1,3,5.6
5440,W,Gujarat,Navsari,50,Female,60,143,41,Normal,0,0,0,0,5,6.2
5441,W,Gujarat,Navsari,39,Female,90,162,66,Normal,0,0,6,6,6,5.7
5442,W,Gujarat,Navsari,50,Female,87,152,55,Normal,0,0,0,0,4,6
5444,W,Gujarat,Navsari,54,Male,85,160,60,Normal,0,0,0,0,4,5.4
5445,W,Gujarat,Navsari,49,Female,89,156,70,Normal,0,1,0,0,4,6
5446,W,Gujarat,Navsari,43,Male,91,176,69,Normal,0,0,0,0,1,5.6
5449,W,Gujarat,Navsari,48,Male,82,155,65,Normal,0,0,0,0,2,5.6
5450,W,Maharashtra,Nagpur,51,Male,99,158,68,Normal,0,1,4,4,1,5.2
5451,W,Maharashtra,Nagpur,34,Female,89,155,56,Normal,1,0,4,4,4,5.5
5453,W,Maharashtra,Nagpur,60,Male,99,158,55,Normal,0,0,4,4,1,4.9
5455,W,Maharashtra,Nagpur,48,Male,99,158,72,Normal,0,1,4,4,1,5.3
5459,W,Maharashtra,Nagpur,45,Female,103,160,68,Normal,1,0,4,5,1,5.8
5464,W,Maharashtra,Nagpur,42,Female,99,152,62,Normal,1,0,4,4,1,5.8
5465,C,Chhattisgarh,Raipur,50,Female,102,154,72,Normal,0,0,0,0,4,5.9
5466,W,Maharashtra,Nagpur,39,Male,99,158,72,Normal,0,1,4,4,1,5.5
5467,W,Maharashtra,Nagpur,60,Male,101,153,65,Normal,0,1,4,4,2,5.7
5468,W,Maharashtra,Nagpur,60,Female,99,152,63,Normal,0,0,4,4,1,5.3
5469,W,Maharashtra,Nagpur,55,Female,99,152,68,Normal,1,0,4,0,1,5.9
5472,W,Maharashtra,Nagpur,31,Female,99,152,65,Normal,1,0,4,4,1,7.2
5482,W,Maharashtra,Nagpur,60,Male,99,163,68,Normal,0,1,0,0,2,5.8
5491,C,Chhattisgarh,Raipur,70,Female,86,145,46,Normal,0,0,0,0,2,5.7
5492,W,Gujarat,Navsari,49,Male,87,175,68,Normal,0,0,6,6,1,5.6
5497,W,Gujarat,Navsari,47,Female,82,147,55,Normal,0,0,0,0,1,6.3
5499,W,Gujarat,Navsari,37,Male,84,160,62,Normal,0,0,0,0,3,5.7
5500,W,Gujarat,Navsari,42,Female,87,147,54,Normal,0,0,2,0,1,5.7
5501,W,Gujarat,Navsari,44,Female,81,147,53,Normal,0,0,0,0,3,5.5
5502,W,Gujarat,Navsari,51,Male,87,162,62,Normal,0,0,0,0,1,5.6
5503,W,Gujarat,Navsari,21,Female,76,153,48,Normal,0,0,0,0,2,5.6
5513,W,Gujarat,Navsari,47,Female,95,152,74,Normal,0,0,0,0,4,5.9
5514,W,Gujarat,Navsari,50,Male,95,157,70,Normal,0,0,0,0,1,5.5
5515,W,Gujarat,Navsari,48,Male,106,167,94,Normal,0,0,4,4,2,4.5
5516,W,Gujarat,Navsari,43,Male,98,165,63,Normal,0,0,0,0,2,5.5
5518,W,Gujarat,Navsari,54,Female,82,147,55,Normal,0,0,0,0,2,6.3
5519,W,Gujarat,Navsari,62,Female,98,144,67,Normal,0,0,2,1,1,11.1
5522,W,Maharashtra,Nagpur,58,Male,95,188,82,Normal,0,0,5,0,1,5.7
5526,W,Maharashtra,Nagpur,33,Female,95,164,50,Normal,0,0,0,0,2,5.3
5529,N,Delhi,North West Delhi,38,Female,84,150,59,Normal,0,0,3,1,3,5.2
5531,N,Delhi,North West Delhi,50,Female,89,150,59,Normal,0,0,1,4,2,6
5533,W,Maharashtra,Nagpur,43,Female,89,152,65,Normal,1,0,4,4,1,5.1
5534,N,Delhi,North West Delhi,50,Female,89,155,58,Normal,0,0,3,3,2,8.3
5535,W,Maharashtra,Nagpur,60,Male,99,158,68,Normal,0,1,4,4,1,5.7
5548,W,Maharashtra,Nagpur,42,Female,70,167,55,Normal,0,0,6,6,2,4.9
5550,C,Chhattisgarh,Raipur,29,Male,91,175,70,Normal,0,0,0,0,4,4.6
5551,W,Gujarat,Navsari,37,Male,83,179,66,Normal,1,0,6,0,5,5.5
5556,W,Gujarat,Navsari,70,Male,84,157,58,Normal,0,0,0,0,3,4.8
5557,W,Gujarat,Navsari,41,Male,89,167,81,Normal,0,0,2,0,1,6
5558,W,Gujarat,Navsari,56,Female,74,147,42,Normal,0,0,0,0,1,5
5559,W,Gujarat,Navsari,65,Female,79,142,52,Normal,0,0,6,6,3,5.4
5560,W,Gujarat,Navsari,36,Female,85,147,65,Normal,0,0,0,1,1,5.4
5563,W,Gujarat,Navsari,51,Male,95,167,73,Normal,1,1,4,4,5,5.4
5564,W,Gujarat,Navsari,31,Male,93,160,71,Normal,1,0,6,2,2,5.1
5565,W,Gujarat,Navsari,64,Female,102,152,70,Normal,0,0,2,0,3,5.6
5567,W,Gujarat,Navsari,33,Female,98,162,80,Normal,0,0,6,0,3,5.3
5570,C,Chhattisgarh,Raipur,32,Male,91,158,69,Normal,0,0,2,2,4,5.1
5573,S,Tamil Nadu,Namakkal,36,Male,96,168,70,Normal,0,0,1,1,2,5.6
5574,S,Tamil Nadu,Namakkal,55,Female,90,150,47,Normal,0,0,1,2,2,5.7
5575,S,Tamil Nadu,Namakkal,45,Male,92,168,68,Normal,0,0,4,1,1,5.5
5577,S,Tamil Nadu,Namakkal,38,Female,85,155,55,Normal,1,0,2,4,5,5.7
5580,W,Gujarat,Navsari,55,Female,72,160,72,Normal,0,0,1,0,3,6.5
5586,W,Maharashtra,Nagpur,29,Female,95,160,55,Normal,0,0,0,0,4,5.2
5587,W,Maharashtra,Nagpur,58,Female,92,152,69,Normal,1,0,4,4,2,5.8
5589,W,Maharashtra,Nagpur,49,Male,99,162,68,Normal,0,1,1,0,3,5.7
5595,W,Gujarat,Navsari,43,Female,80,152,49,Normal,1,0,0,0,3,5.4
5600,W,Gujarat,Navsari,43,Female,84,148,53,Normal,0,1,0,0,3,5.6
5603,W,Gujarat,Navsari,43,Female,94,157,62,Normal,1,0,0,0,1,5.2
5604,W,Gujarat,Navsari,68,Male,100,165,65,Normal,0,0,2,0,1,5.3
5606,W,Maharashtra,Nagpur,60,Female,89,161,62,Normal,0,1,0,0,2,5.9
5607,W,Gujarat,Navsari,56,Female,100,142,53,Normal,0,0,0,0,1,5.4
5610,W,Gujarat,Navsari,40,Female,80,152,51,Normal,0,0,0,0,2,5.3
5612,W,Gujarat,Navsari,47,Male,100,162,72,Normal,1,0,0,0,1,4.9
5613,W,Gujarat,Navsari,41,Female,80,155,63,Normal,0,0,4,4,4,5
5615,W,Gujarat,Navsari,43,Female,96,167,72,Normal,0,1,6,0,1,5.6
5616,W,Gujarat,Navsari,53,Male,103,162,73,Normal,0,0,0,0,1,6.1
5619,W,Maharashtra,Nagpur,49,Female,99,160,68,Normal,0,0,2,4,3,5.6
5620,W,Gujarat,Navsari,57,Female,76,150,49,Normal,0,0,1,0,3,5.5
5622,W,Gujarat,Navsari,41,Female,96,162,71,Normal,0,0,3,0,3,5.6
5623,S,Tamil Nadu,Namakkal,57,Female,92,156,58,Normal,0,0,0,0,3,5
5629,W,Maharashtra,Nagpur,37,Female,99,155,58,Normal,0,1,4,4,1,5.7
5630,W,Maharashtra,Nagpur,53,Female,100,158,50,Normal,1,0,1,0,1,5.6
5632,W,Maharashtra,Nagpur,60,Female,95,167,59,Normal,0,0,4,4,1,6.1
5633,W,Maharashtra,Nagpur,60,Male,97,176,70,Normal,0,0,4,4,1,5.1
5635,W,Maharashtra,Nagpur,60,Male,100,164,50,Normal,0,0,3,0,3,5.2
5636,W,Maharashtra,Nagpur,60,Male,100,161,70,Normal,1,1,2,2,2,5.8
5639,W,Maharashtra,Nagpur,60,Male,99,158,103,Normal,0,1,4,4,2,5.5
5641,W,Maharashtra,Nagpur,30,Female,98,153,65,Normal,0,1,4,4,1,5.2
5643,W,Maharashtra,Nagpur,60,Male,99,158,62,Normal,0,0,4,4,1,6.1
5644,W,Maharashtra,Nagpur,44,Female,99,150,60,Normal,0,0,4,4,4,5.4
5645,W,Maharashtra,Nagpur,22,Male,85,161,62,Normal,1,0,4,3,1,4.3
5649,W,Maharashtra,Nagpur,60,Female,99,159,65,Normal,1,0,4,4,1,5
5651,W,Maharashtra,Nagpur,43,Female,85,158,60,Normal,1,0,2,1,3,5.8
5653,W,Maharashtra,Nagpur,42,Male,90,173,65,Normal,0,0,1,1,4,5.6
5655,W,Maharashtra,Nagpur,48,Female,90,158,60,Normal,0,0,1,3,4,6.5
5657,W,Maharashtra,Nagpur,60,Male,90,170,64,Normal,0,0,1,1,4,6.3
5659,W,Maharashtra,Nagpur,58,Male,90,164,68,Normal,0,0,3,1,4,5.9
5660,W,Maharashtra,Nagpur,53,Male,80,164,58,Normal,0,0,1,1,4,6.4
5661,W,Maharashtra,Nagpur,40,Male,80,176,62,Normal,0,0,1,1,4,5.1
5662,W,Maharashtra,Nagpur,43,Male,80,170,56,Normal,0,0,1,1,4,5.8
5663,W,Maharashtra,Nagpur,63,Male,80,164,70,Normal,0,0,1,1,4,6.5
5665,W,Maharashtra,Nagpur,60,Male,90,170,70,Normal,0,0,1,1,4,5.1
5667,S,Tamil Nadu,Namakkal,52,Male,82,163,56,Normal,0,0,4,5,1,5.7
5669,W,Maharashtra,Nagpur,50,Female,99,154,68,Normal,1,0,4,2,1,5.3
5672,C,Chhattisgarh,Raipur,41,Male,87,173,61,Normal,0,0,0,0,1,5.5
5673,W,Maharashtra,Nagpur,59,Male,100,164,60,Normal,0,1,3,0,3,8
5674,W,Maharashtra,Nagpur,60,Male,100,164,80,Normal,0,0,3,0,3,6.5
5676,W,Maharashtra,Nagpur,44,Male,100,158,50,Normal,1,1,3,0,3,8.3
5678,W,Maharashtra,Nagpur,49,Male,89,169,80,Normal,0,0,0,0,4,6
5679,W,Gujarat,Navsari,43,Female,85,150,62,Normal,1,0,0,0,3,5.6
5682,W,Gujarat,Navsari,55,Male,73,173,52,Normal,1,0,1,1,1,5.9
5685,S,Andaman And Nicobar,Port Blair,46,Female,81,152,75,Normal,1,1,1,0,1,7.8
5686,W,Maharashtra,Nagpur,30,Female,82,176,70,Normal,0,0,4,4,1,4.7
5689,W,Maharashtra,Nagpur,42,Female,60,158,50,Normal,0,0,3,4,1,4.8
5695,W,Gujarat,Navsari,64,Male,97,152,66,Normal,0,0,0,0,1,6.3
5696,W,Gujarat,Navsari,45,Female,96,158,75,Normal,0,0,0,0,5,5
5697,W,Gujarat,Navsari,46,Female,97,151,69,Normal,0,1,0,0,5,6.5
5698,W,Gujarat,Navsari,68,Female,85,153,46,Normal,0,0,0,0,1,8.6
5699,W,Gujarat,Navsari,45,Female,86,154,67,Normal,0,1,0,0,1,5.7
5700,W,Gujarat,Navsari,51,Male,101,169,75,Normal,0,0,0,0,4,6.1
5702,W,Gujarat,Navsari,64,Female,94,152,56,Normal,0,0,6,1,1,8.4
5709,W,Gujarat,Navsari,43,Female,87,166,66,Normal,0,1,3,0,3,5.2
5711,W,Gujarat,Navsari,26,Male,88,176,74,Normal,1,0,0,0,1,5.1
5712,W,Gujarat,Navsari,43,Female,90,153,64,Normal,1,0,3,1,3,5.6
5713,W,Gujarat,Navsari,48,Female,66,148,41,Normal,0,0,0,0,1,5.8
5714,W,Gujarat,Navsari,65,Male,103,157,69,Normal,0,0,0,0,1,12.8
5715,W,Gujarat,Navsari,45,Female,98,141,67,Normal,0,0,0,0,3,7.5
5716,W,Gujarat,Navsari,36,Male,92,172,74,Normal,0,0,1,1,2,4.8
5717,W,Gujarat,Navsari,48,Male,83,177,61,Normal,1,0,0,0,4,6.4
5718,W,Gujarat,Navsari,51,Male,94,166,69,Normal,0,0,0,0,5,5.4
5719,W,Gujarat,Navsari,65,Male,92,177,65,Normal,0,0,3,0,1,6.1
5720,W,Gujarat,Navsari,28,Male,72,168,50,Normal,1,0,1,0,2,5.4
5721,W,Gujarat,Navsari,42,Female,98,152,64,Normal,0,0,5,0,3,5.5
5722,W,Gujarat,Navsari,53,Female,80,148,59,Normal,0,0,5,3,3,5.9
5723,W,Gujarat,Navsari,60,Female,94,152,56,Normal,0,1,0,0,2,5.9
5725,S,Andaman And Nicobar,Port Blair,42,Male,92,161,65,Normal,0,1,0,0,3,10.6
5726,W,Gujarat,Navsari,60,Female,74,145,42,Normal,0,0,0,0,3,6
5727,W,Gujarat,Navsari,48,Female,105,145,63,Normal,0,0,0,0,1,5.8
5729,W,Gujarat,Navsari,35,Male,99,170,84,Normal,0,0,0,0,2,5.8
5732,W,Gujarat,Navsari,54,Female,97,148,63,Normal,0,0,6,0,4,13.7
5736,W,Gujarat,Navsari,39,Male,98,170,86,Normal,0,1,0,0,1,5.3
5742,W,Gujarat,Navsari,58,Male,113,167,91,Normal,0,0,0,0,3,6
5743,W,Gujarat,Navsari,57,Female,97,141,52,Normal,0,1,0,0,3,5.6
5748,W,Gujarat,Navsari,56,Female,102,159,78,Normal,0,0,0,0,2,5.5
5749,W,Gujarat,Navsari,43,Female,87,159,58,Normal,0,0,5,5,4,5.4
5750,W,Gujarat,Navsari,59,Male,100,157,70,Normal,0,0,0,0,1,5.8
5753,W,Gujarat,Navsari,45,Male,85,172,65,Normal,0,1,0,0,2,5.3
5754,W,Gujarat,Navsari,45,Female,94,162,69,Normal,1,0,2,0,1,6
5757,W,Gujarat,Navsari,52,Female,72,147,43,Normal,1,0,1,1,1,5.4
5758,W,Gujarat,Navsari,51,Female,97,162,70,Normal,0,0,0,0,2,5.5
5760,C,Chhattisgarh,Raipur,53,Female,70,144,52,Normal,0,0,2,2,2,5.4
5764,W,Gujarat,Navsari,58,Female,104,152,70,Normal,1,0,4,0,4,5.6
5765,C,Chhattisgarh,Raipur,39,Female,99,158,61,Normal,0,0,0,0,6,7
5766,W,Maharashtra,Nagpur,45,Female,99,152,65,Normal,1,0,4,4,1,6
5774,W,Gujarat,Navsari,41,Female,96,150,69,Normal,0,0,0,0,2,6.1
5776,W,Gujarat,Navsari,45,Female,88,147,60,Normal,1,0,0,0,3,5.9
5777,W,Gujarat,Navsari,40,Female,67,152,42,Normal,0,0,0,0,1,4.9
5778,W,Gujarat,Navsari,59,Male,98,163,77,Normal,0,0,0,0,2,10.9
5782,W,Gujarat,Navsari,31,Female,82,147,50,Normal,0,0,0,0,3,4.8
5785,W,Gujarat,Navsari,54,Male,101,158,70,Normal,0,0,0,0,2,6.2
5787,W,Gujarat,Navsari,23,Female,89,146,63,Normal,0,0,0,0,5,5.7
5788,W,Gujarat,Navsari,40,Female,83,152,70,Normal,0,0,0,0,4,7.1
5789,W,Gujarat,Navsari,61,Male,94,170,73,Normal,0,0,0,0,2,5.2
5791,C,Chhattisgarh,Raipur,45,Female,87,141,42,Normal,0,0,0,0,5,8.7
5793,C,Chhattisgarh,Raipur,30,Female,86,155,54,Normal,0,0,0,0,3,6.2
5794,W,Gujarat,Navsari,75,Male,105,169,56,Normal,0,0,2,0,6,6.5
5795,C,Chhattisgarh,Raipur,36,Female,87,153,49,Normal,0,0,0,0,3,6
5798,W,Gujarat,Navsari,24,Male,93,176,75,Normal,0,0,0,0,3,5.9
5799,W,Gujarat,Navsari,47,Male,84,157,55,Normal,0,0,0,0,1,5.2
5801,W,Gujarat,Navsari,49,Male,104,167,89,Normal,0,0,0,0,2,6.8
5804,W,Gujarat,Navsari,50,Female,92,152,62,Normal,0,0,6,0,4,5.5
5805,W,Gujarat,Navsari,39,Female,81,148,50,Normal,1,0,0,0,5,5.8
5807,W,Gujarat,Navsari,59,Female,85,156,76,Normal,0,1,0,6,3,5.7
5808,N,Haryana,Panchkula,48,Female,101,151,71,Normal,0,0,0,0,2,5.4
5809,W,Maharashtra,Nagpur,60,Male,80,167,70,Normal,0,0,0,0,1,5.7
5811,N,Haryana,Panchkula,47,Female,95,157,65,Normal,0,0,0,0,2,5.3
5812,W,Maharashtra,Nagpur,46,Male,105,180,107,Normal,0,0,3,3,3,4.8
5814,N,Haryana,Panchkula,52,Female,108,145,70,Normal,0,1,0,0,4,6.5
5815,N,Haryana,Panchkula,47,Male,90,152,88,Normal,0,0,0,1,1,7.7
5816,N,Haryana,Panchkula,40,Female,109,144,75,Normal,1,0,0,0,4,6.9
5817,N,Haryana,Panchkula,46,Female,95,155,55,Normal,0,0,0,0,4,5.6
5819,W,Maharashtra,Nagpur,52,Male,85,172,80,Normal,0,0,3,3,2,7.2
5821,W,Maharashtra,Nagpur,52,Male,75,160,70,Normal,0,0,3,3,3,7.2
5822,N,Haryana,Panchkula,49,Female,105,153,59,Normal,0,0,0,0,6,6.8
5825,NE,Arunachal Pradesh,Papum Pare,40,Female,100,148,53,Normal,1,0,2,0,1,5.9
5826,NE,Arunachal Pradesh,Papum Pare,35,Female,96,155,65,Normal,0,0,4,5,1,4.9
5827,W,Maharashtra,Nagpur,49,Male,85,169,80,Normal,0,0,2,0,3,5.2
5828,S,Pondicherry,Pondicherry,54,Female,110,157,74,Normal,1,1,0,0,3,6.1
5830,C,Chhattisgarh,Raipur,25,Female,80,161,50,Normal,0,0,0,0,4,5.3
5831,W,Maharashtra,Nagpur,43,Male,90,172,80,Normal,1,0,3,1,1,5.6
5832,W,Maharashtra,Nagpur,45,Male,85,170,80,Normal,1,0,3,3,3,5.5
5833,W,Maharashtra,Nagpur,45,Female,85,153,60,Normal,1,0,5,0,1,5.7
5834,S,Pondicherry,Pondicherry,38,Female,101,160,67,Normal,1,1,6,6,4,4.9
5836,W,Maharashtra,Nagpur,50,Female,79,154,68,Normal,0,0,0,0,1,5.9
5837,W,Maharashtra,Nagpur,52,Female,75,155,55,Normal,0,0,0,0,1,5.9
5838,W,Maharashtra,Nagpur,46,Male,96,172,85,Normal,1,0,3,3,1,5.3
5839,N,Haryana,Panchkula,45,Female,110,153,74,Normal,0,0,0,0,3,4.9
5843,NE,Arunachal Pradesh,Papum Pare,41,Male,104,160,71,Normal,0,0,1,4,1,8.1
5844,NE,Arunachal Pradesh,Papum Pare,49,Female,91,154,55,Normal,1,0,1,1,1,12.4
5846,NE,Arunachal Pradesh,Papum Pare,49,Male,99,160,78,Normal,0,0,2,4,4,5.5
5847,N,Haryana,Panchkula,50,Female,98,152,60,Normal,0,0,0,0,2,5.7
5848,S,Pondicherry,Pondicherry,41,Male,111,173,92,Normal,0,1,3,2,3,7.3
5850,W,Maharashtra,Nagpur,49,Male,89,162,68,Normal,0,1,5,0,2,6
5852,N,Haryana,Panchkula,37,Female,88,165,65,Normal,0,0,0,0,3,5
5853,N,Haryana,Panchkula,48,Female,108,155,75,Normal,0,0,0,0,4,7.6
5854,W,Maharashtra,Nagpur,60,Male,75,173,65,Normal,0,0,0,0,1,6.1
5855,W,Maharashtra,Nagpur,60,Female,80,150,70,Normal,0,0,0,0,3,6.8
5858,W,Maharashtra,Nagpur,44,Male,85,175,80,Normal,1,0,3,1,1,5
5859,N,Haryana,Panchkula,66,Female,72,150,42,Normal,0,0,0,0,4,5.8
5860,N,Haryana,Panchkula,32,Female,104,152,63,Normal,0,0,0,0,1,5.5
5863,W,Maharashtra,Nagpur,52,Male,95,170,70,Normal,0,0,1,0,1,5.5
5864,N,Haryana,Panchkula,40,Male,97,170,80,Normal,0,0,0,0,1,4.9
5866,S,Pondicherry,Pondicherry,48,Male,95,180,86,Normal,0,0,2,2,1,5.8
5867,N,Haryana,Panchkula,36,Female,93,152,45,Normal,0,0,0,0,1,5.5
5868,N,Haryana,Panchkula,51,Male,98,178,75,Normal,0,0,0,0,2,7.3
5870,N,Haryana,Panchkula,60,Female,103,145,65,Normal,0,0,0,0,1,5.9
5871,N,Haryana,Panchkula,30,Male,124,153,111,Normal,0,1,0,0,2,5.7
5873,N,Haryana,Panchkula,45,Female,96,150,66,Normal,0,1,1,0,3,5.4
5874,W,Maharashtra,Nagpur,54,Female,99,152,62,Normal,1,0,4,4,2,5.5
5876,W,Maharashtra,Nagpur,52,Male,75,175,62,Normal,0,0,0,0,1,5.4
5878,S,Pondicherry,Pondicherry,43,Female,94,156,55,Normal,0,0,2,2,1,5
5879,S,Pondicherry,Pondicherry,51,Male,101,180,82,Normal,0,0,6,3,3,9
5880,W,Maharashtra,Nagpur,41,Female,89,154,62,Normal,0,0,4,4,2,5
5884,S,Pondicherry,Pondicherry,58,Male,90,174,81,Normal,0,0,0,0,6,7.3
5885,S,Pondicherry,Pondicherry,43,Female,95,158,65,Normal,0,0,0,0,6,6.5
5886,W,Maharashtra,Nagpur,60,Female,89,152,59,Normal,0,1,3,3,4,5.9
5887,S,Pondicherry,Pondicherry,51,Female,102,163,65,Normal,0,0,0,0,1,5.7
5888,S,Pondicherry,Pondicherry,48,Female,87,156,74,Normal,0,0,6,0,1,5.7
5889,C,Chhattisgarh,Raipur,40,Female,85,161,60,Normal,0,0,0,0,3,5.6
5890,S,Pondicherry,Pondicherry,37,Female,106,162,77,Normal,1,1,0,0,3,5.8
5891,W,Maharashtra,Nagpur,60,Female,89,153,65,Normal,1,0,4,4,2,5.9
5892,C,Chhattisgarh,Raipur,50,Female,72,160,51,Normal,0,0,0,0,3,5.8
5895,S,Pondicherry,Pondicherry,33,Female,99,158,87,Normal,1,1,0,0,2,5.7
5898,C,Chhattisgarh,Raipur,36,Male,79,153,54,Normal,0,0,0,0,2,4.8
5899,C,Chhattisgarh,Raipur,57,Female,102,165,70,Normal,0,0,1,0,1,6.5
5900,C,Chhattisgarh,Raipur,38,Female,87,153,42,Normal,0,0,1,0,1,4.9
5901,S,Pondicherry,Pondicherry,45,Female,95,163,66,Normal,0,1,0,0,3,5.4
5904,S,Pondicherry,Pondicherry,49,Male,78,166,61,Normal,0,1,0,0,2,5.4
5905,S,Pondicherry,Pondicherry,51,Female,94,146,51,Normal,0,0,6,0,3,5.3
5907,W,Maharashtra,Nagpur,56,Male,89,154,70,Normal,0,1,4,4,2,5.5
5911,W,Maharashtra,Nagpur,60,Male,89,157,62,Normal,0,1,4,0,3,5.8
5914,S,Pondicherry,Pondicherry,57,Male,94,175,65,Normal,0,0,0,2,1,5.5
5915,W,Maharashtra,Nagpur,60,Male,80,169,72,Normal,0,1,0,0,1,5.8
5920,W,Maharashtra,Nagpur,50,Male,70,167,65,Normal,0,0,3,3,3,5.3
5922,W,Maharashtra,Nagpur,36,Female,62,163,56,Normal,0,0,0,0,1,5.6
5925,W,Maharashtra,Nagpur,43,Male,85,167,75,Normal,0,0,4,0,1,5.8
5926,W,Maharashtra,Nagpur,42,Female,70,158,60,Normal,1,0,3,3,1,5.7
5927,S,Pondicherry,Pondicherry,40,Female,91,159,74,Normal,1,0,2,3,2,6.7
5928,NE,Arunachal Pradesh,Papum Pare,35,Female,101,162,67,Normal,0,0,3,1,1,4.4
5932,S,Pondicherry,Pondicherry,40,Female,99,156,66,Normal,0,0,0,0,1,10.6
5935,S,Pondicherry,Pondicherry,44,Male,92,169,73,Normal,0,0,1,0,1,4.2
5945,W,Maharashtra,Nagpur,53,Male,89,175,80,Normal,0,0,3,3,3,8.2
5947,S,Pondicherry,Pondicherry,43,Female,92,152,62,Normal,0,0,3,3,1,5.6
5948,S,Pondicherry,Pondicherry,60,Male,93,168,68,Normal,0,0,6,2,4,5.5
5949,S,Pondicherry,Pondicherry,42,Male,92,163,64,Normal,0,0,3,0,3,6
5950,S,Pondicherry,Pondicherry,40,Male,78,148,50,Normal,0,0,2,3,3,10.7
5957,W,Maharashtra,Nagpur,59,Male,80,170,76,Normal,0,0,4,0,1,5.7
5969,S,Pondicherry,Pondicherry,49,Male,93,162,63,Normal,0,0,0,6,5,5.2
5973,W,Maharashtra,Nagpur,42,Male,80,179,70,Normal,1,0,0,0,1,5.2
5974,W,Maharashtra,Nagpur,60,Male,79,176,69,Normal,0,0,0,0,1,5.3
5975,W,Maharashtra,Nagpur,60,Male,98,178,80,Normal,0,0,0,0,1,6.4
5976,N,Delhi,North West Delhi,48,Female,92,158,60,Normal,0,0,4,0,1,5.3
5978,N,Delhi,North West Delhi,38,Female,79,164,64,Normal,0,0,1,1,1,5.1
5981,N,Delhi,North West Delhi,54,Male,90,168,68,Normal,0,0,4,1,1,9.5
5986,S,Pondicherry,Pondicherry,58,Male,105,165,80,Normal,1,0,0,0,1,5.8
5988,W,Maharashtra,Nagpur,45,Male,90,179,80,Normal,0,0,0,0,1,5.7
5991,W,Maharashtra,Nagpur,45,Male,80,179,72,Normal,0,0,0,0,1,5.6
6000,S,Pondicherry,Pondicherry,60,Female,103,153,76,Normal,0,0,0,0,1,6
6001,W,Maharashtra,Nagpur,40,Female,80,151,60,Normal,1,0,0,0,1,5.5
6005,W,Maharashtra,Nagpur,48,Male,95,175,80,Normal,0,0,2,0,1,5.5
6006,N,Delhi,North West Delhi,38,Male,83,161,60,Normal,0,0,4,0,1,13.6
6008,W,Maharashtra,Nagpur,44,Male,92,179,82,Normal,0,0,0,0,1,6
6009,W,Maharashtra,Nagpur,36,Male,85,179,79,Normal,1,0,0,0,1,6.1
6026,W,Maharashtra,Nagpur,60,Female,99,153,65,Normal,1,0,4,4,1,5.5
6028,W,Maharashtra,Nagpur,40,Female,80,153,60,Normal,0,0,3,1,1,5.4
6031,N,Delhi,North West Delhi,48,Male,98,168,85,Normal,0,0,1,1,5,9
6034,W,Maharashtra,Nagpur,21,Male,95,179,85,Normal,1,0,0,0,1,6.5
6035,S,Pondicherry,Pondicherry,37,Female,93,160,61,Normal,1,0,1,1,3,5.8
6040,S,Pondicherry,Pondicherry,53,Female,105,156,60,Normal,0,0,2,5,4,5.8
6042,N,Haryana,Panchkula,45,Male,113,169,96,Normal,0,0,1,2,2,5.6
6045,W,Maharashtra,Nagpur,50,Male,90,173,80,Normal,0,0,0,0,1,5.1
6048,W,Maharashtra,Nagpur,50,Female,70,151,55,Normal,0,0,0,0,1,5.4
6051,W,Maharashtra,Nagpur,55,Female,70,151,60,Normal,0,0,0,0,1,5.9
6054,W,Maharashtra,Nagpur,44,Male,85,179,75,Normal,0,0,0,0,2,5.2
6057,W,Maharashtra,Nagpur,55,Male,82,178,79,Normal,0,0,3,1,1,5.7
6058,W,Maharashtra,Nagpur,54,Male,82,179,82,Normal,0,0,3,0,1,5.3
6059,N,Haryana,Panchkula,42,Female,98,150,68,Normal,0,0,5,0,6,5.7
6060,N,Haryana,Panchkula,60,Female,91,152,57,Normal,0,0,0,0,2,6.2
6062,W,Maharashtra,Nagpur,60,Male,90,170,75,Normal,0,1,3,1,3,6.8
6064,W,Maharashtra,Nagpur,39,Male,90,179,82,Normal,1,0,3,0,1,5.3
6068,N,Haryana,Panchkula,52,Male,98,160,94,Normal,0,0,0,0,1,9.9
6069,W,Maharashtra,Nagpur,55,Male,80,172,73,Normal,0,0,3,0,1,5.6
6070,W,Maharashtra,Nagpur,53,Male,78,173,72,Normal,1,0,3,0,3,5.3
6073,N,Delhi,North West Delhi,52,Male,96,159,69,Normal,0,0,1,2,1,5.8
6075,W,Maharashtra,Nagpur,46,Male,85,173,80,Normal,1,0,3,1,1,6.9
6076,N,Haryana,Panchkula,51,Male,90,166,68,Normal,0,0,0,0,4,8.6
6077,N,Haryana,Panchkula,38,Male,92,152,50,Normal,0,0,0,6,3,5.4
6083,W,Maharashtra,Nagpur,53,Female,79,152,62,Normal,0,0,0,0,1,5.7
6086,N,Delhi,North West Delhi,57,Female,93,162,62,Normal,0,0,2,1,1,5.5
6087,C,Chhattisgarh,Raipur,25,Male,94,171,67,Normal,0,0,0,0,2,5.1
6089,NW,Jammu And Kashmir,Samba,44,Male,110,170,68,Normal,0,0,3,2,4,10.4
6090,NW,Jammu And Kashmir,Samba,40,Male,92,167,65,Normal,0,0,2,1,1,5.2
6095,NW,Jammu And Kashmir,Samba,38,Female,85,160,60,Normal,1,0,3,2,1,4.6
6097,NW,Jammu And Kashmir,Samba,29,Male,92,150,50,Normal,1,0,3,2,4,4.8
6098,NW,Jammu And Kashmir,Samba,61,Male,90,165,58,Normal,0,0,2,1,1,12.1
6099,C,Chhattisgarh,Raipur,36,Male,84,166,64,Normal,0,0,0,0,3,5.2
6102,C,Chhattisgarh,Raipur,40,Female,80,154,49,Normal,0,0,0,0,3,4.7
6108,C,Chhattisgarh,Raipur,25,Male,86,175,64,Normal,0,0,0,0,2,4.7
6109,NW,Jammu And Kashmir,Samba,45,Male,112,156,75,Normal,0,0,2,2,1,5.5
6110,NW,Jammu And Kashmir,Samba,60,Male,108,184,90,Normal,0,0,2,2,1,6
6112,NW,Jammu And Kashmir,Samba,53,Male,115,160,72,Normal,0,0,1,1,1,5.9
6114,NW,Jammu And Kashmir,Samba,53,Male,101,167,77,Normal,0,0,2,1,1,5.9
6115,NW,Jammu And Kashmir,Samba,52,Male,88,174,72,Normal,0,0,1,2,1,6.2
6116,C,Chhattisgarh,Raipur,26,Male,78,160,59,Normal,0,0,0,0,1,5.2
6118,NW,Jammu And Kashmir,Samba,55,Male,100,168,77,Normal,0,0,2,2,1,6.1
6119,NW,Jammu And Kashmir,Samba,49,Male,95,170,60,Normal,1,0,2,2,4,5.3
6120,NW,Jammu And Kashmir,Samba,54,Male,92,162,50,Normal,0,0,2,2,1,5.7
6121,NW,Jammu And Kashmir,Samba,48,Female,83,150,52,Normal,0,0,2,0,3,5.8
6126,NW,Jammu And Kashmir,Samba,38,Female,82,153,52,Normal,1,1,2,2,4,6.2
6128,NW,Jammu And Kashmir,Samba,34,Male,98,165,62,Normal,0,0,2,2,2,5.7
6130,NW,Jammu And Kashmir,Samba,42,Male,92,160,54,Normal,0,0,3,0,3,6.6
6137,NW,Jammu And Kashmir,Samba,35,Female,85,150,65,Normal,0,0,1,2,5,5.8
6142,NW,Jammu And Kashmir,Samba,46,Male,88,177,71,Normal,1,0,3,1,4,5.3
6143,NW,Jammu And Kashmir,Samba,48,Male,98,158,64,Normal,0,0,3,2,4,5.5
6148,NW,Jammu And Kashmir,Samba,34,Male,100,150,48,Normal,1,0,2,2,4,5.6
6152,NW,Jammu And Kashmir,Samba,48,Male,92,158,60,Normal,0,0,2,1,1,6.1
6153,NW,Jammu And Kashmir,Samba,65,Male,100,170,68,Normal,0,0,2,1,1,6
6155,NW,Jammu And Kashmir,Samba,45,Male,97,170,70,Normal,0,0,2,1,4,4.7
6156,NW,Jammu And Kashmir,Samba,52,Male,102,160,57,Normal,1,0,2,2,1,6
6157,NW,Jammu And Kashmir,Samba,30,Male,98,158,60,Normal,1,0,2,1,4,4.5
6158,NW,Jammu And Kashmir,Samba,70,Male,92,170,65,Normal,0,0,1,1,6,5.1
6160,NW,Jammu And Kashmir,Samba,54,Male,94,170,65,Normal,0,0,2,1,4,5.1
6161,NW,Jammu And Kashmir,Samba,48,Male,96,170,68,Normal,1,1,2,2,4,5.3
6174,E,Jharkhand,Ranchi,24,Male,83,160,62,Normal,0,0,0,0,1,5.1
6175,C,Madhya Pradesh,Raisen,50,Female,87,152,52,Normal,0,0,6,6,2,5.3
6177,E,Jharkhand,Ranchi,45,Female,100,161,65,Normal,1,0,0,0,1,5.2
6178,E,Jharkhand,Ranchi,31,Female,104,170,62,Normal,1,1,1,1,1,6.3
6182,E,Jharkhand,Ranchi,44,Female,109,121,70,Normal,1,1,0,0,2,6
6183,E,Jharkhand,Ranchi,55,Female,114,164,66,Normal,0,1,1,2,1,5.6
6188,C,Madhya Pradesh,Raisen,60,Female,87,149,51,Normal,0,0,0,0,4,9.3
6194,C,Madhya Pradesh,Raisen,60,Male,106,151,65,Normal,1,0,2,2,2,6
6197,C,Madhya Pradesh,Raisen,40,Female,99,165,65,Normal,0,0,0,0,3,4.7
6201,E,Jharkhand,Ranchi,36,Male,88,168,54,Normal,0,0,0,0,3,4.9
6203,E,Jharkhand,Ranchi,30,Male,84,171,55,Normal,0,0,6,0,1,5.2
6207,S,Tamil Nadu,Salem,46,Female,77,150,47,Normal,0,1,0,0,6,5.8
6212,C,Chhattisgarh,Raipur,30,Male,96,172,79,Normal,0,0,0,0,4,4.4
6213,C,Chhattisgarh,Raipur,25,Male,100,169,77,Normal,0,0,0,0,4,4.8
6215,C,Chhattisgarh,Raipur,38,Female,97,154,66,Normal,0,0,0,0,4,6.1
6217,S,Tamil Nadu,Salem,36,Female,70,151,42,Normal,0,0,0,0,1,5.3
6218,S,Tamil Nadu,Salem,53,Female,100,163,73,Normal,0,0,1,0,1,5.5
6219,S,Tamil Nadu,Salem,37,Male,106,154,94,Normal,0,0,0,0,1,8.8
6220,S,Tamil Nadu,Salem,33,Female,84,159,59,Normal,0,0,0,0,1,5.8
6223,S,Tamil Nadu,Salem,39,Male,100,176,70,Normal,1,1,0,0,1,5.8
6224,S,Tamil Nadu,Salem,41,Female,98,151,56,Normal,1,0,0,0,1,5.5
6225,C,Chhattisgarh,Raipur,45,Female,88,144,57,Normal,1,0,0,0,4,5
6228,S,Tamil Nadu,Salem,37,Male,98,167,84,Normal,0,1,0,0,2,4.9
6229,S,Tamil Nadu,Salem,62,Male,85,165,62,Normal,0,0,0,0,1,5.5
6230,C,Chhattisgarh,Raipur,32,Male,93,185,83,Normal,0,1,0,0,4,5.4
6231,E,Jharkhand,Ranchi,40,Female,90,166,65,Normal,0,0,0,0,2,5.3
6234,E,Jharkhand,Ranchi,57,Male,100,170,80,Normal,0,0,0,0,2,6.1
6235,E,Jharkhand,Ranchi,50,Male,95,170,70,Normal,1,1,0,0,2,5.7
6236,C,Madhya Pradesh,Raisen,28,Female,83,141,45,Normal,0,1,0,0,1,5.2
6238,S,Tamil Nadu,Salem,58,Male,74,151,43,Normal,0,0,2,2,6,5.2
6240,S,Tamil Nadu,Salem,44,Female,112,151,93,Normal,0,0,0,0,1,6.1
6241,C,Chhattisgarh,Raipur,26,Male,74,171,50,Normal,0,0,0,0,2,5.2
6242,S,Tamil Nadu,Salem,42,Female,107,152,65,Normal,0,1,0,0,2,5.6
6245,S,Tamil Nadu,Salem,60,Female,79,155,53,Normal,0,0,0,0,4,5.7
6248,S,Tamil Nadu,Salem,34,Male,95,165,62,Normal,0,0,0,1,5,5.4
6249,C,Chhattisgarh,Raipur,65,Male,88,150,49,Normal,0,0,0,0,4,5.9
6258,NW,Jammu And Kashmir,Samba,56,Female,99,159,62,Normal,0,0,1,1,1,5.7
6260,NW,Jammu And Kashmir,Samba,70,Female,96,170,65,Normal,0,0,1,1,1,5.7
6261,NW,Jammu And Kashmir,Samba,70,Male,92,169,65,Normal,0,0,1,1,2,5.1
6263,NW,Jammu And Kashmir,Samba,56,Male,94,169,59,Normal,0,0,2,1,1,7.8
6265,NW,Jammu And Kashmir,Samba,28,Male,94,164,54,Normal,0,0,1,1,1,8.5
6266,NW,Jammu And Kashmir,Samba,38,Male,98,169,94,Normal,0,0,1,1,1,5.4
6268,C,Chhattisgarh,Raipur,40,Male,82,147,49,Normal,0,0,6,2,4,6
6273,NW,Jammu And Kashmir,Samba,56,Male,98,160,62,Normal,0,0,2,0,2,5.7
6284,NW,Jammu And Kashmir,Samba,60,Female,94,162,52,Normal,0,0,2,1,1,6.7
6288,NW,Jammu And Kashmir,Samba,40,Female,92,165,60,Normal,0,0,1,1,1,5.1
6289,NW,Jammu And Kashmir,Samba,47,Male,72,172,69,Normal,0,0,1,2,1,6.5
6295,NW,Jammu And Kashmir,Samba,70,Female,88,153,60,Normal,0,0,2,2,1,7
6296,NW,Jammu And Kashmir,Samba,43,Female,94,164,60,Normal,0,0,1,1,1,5.2
6298,C,Chhattisgarh,Raipur,60,Female,98,145,50,Normal,0,0,0,0,2,11.2
6299,NW,Jammu And Kashmir,Samba,45,Male,94,169,58,Normal,0,0,1,1,1,5.6
6310,NW,Jammu And Kashmir,Samba,28,Female,89,158,48,Normal,0,0,1,1,2,5.7
6311,NW,Jammu And Kashmir,Samba,36,Female,92,168,54,Normal,0,0,1,2,1,4.6
6312,NW,Jammu And Kashmir,Samba,36,Female,100,151,59,Normal,0,0,1,2,1,5.9
6314,NW,Jammu And Kashmir,Samba,37,Female,92,168,48,Normal,0,0,1,1,1,6.1
6315,NW,Jammu And Kashmir,Samba,50,Female,99,166,58,Normal,0,0,1,2,1,9.1
6320,NW,Jammu And Kashmir,Samba,60,Female,96,164,58,Normal,0,0,1,1,1,12.6
6321,NW,Jammu And Kashmir,Samba,50,Female,94,159,56,Normal,0,0,2,2,2,5.3
6322,NW,Jammu And Kashmir,Samba,50,Female,102,169,60,Normal,0,0,2,1,1,7.7
6324,NW,Jammu And Kashmir,Samba,45,Female,92,164,50,Normal,0,0,2,1,2,10.7
6326,NW,Jammu And Kashmir,Samba,50,Male,92,158,62,Normal,0,0,4,3,1,5.5
6329,NW,Jammu And Kashmir,Samba,53,Male,92,160,62,Normal,0,0,2,2,5,5.1
6337,NW,Jammu And Kashmir,Samba,48,Male,100,160,54,Normal,0,0,1,1,1,5.4
6338,NW,Jammu And Kashmir,Samba,37,Female,92,170,65,Normal,0,0,1,1,1,4.9
6341,NW,Jammu And Kashmir,Samba,33,Male,100,160,54,Normal,0,0,4,3,1,7.5
6344,NW,Jammu And Kashmir,Samba,54,Male,88,188,76,Normal,0,0,3,2,2,5.6
6350,NW,Jammu And Kashmir,Samba,42,Female,94,162,65,Normal,0,0,1,1,1,4.4
6365,C,Madhya Pradesh,Raisen,34,Female,83,145,55,Normal,0,0,0,0,4,4.5
6368,E,Jharkhand,Ranchi,42,Male,103,165,75,Normal,0,1,0,0,6,5.3
6369,E,Jharkhand,Ranchi,35,Female,64,158,46,Normal,0,0,2,2,6,4.4
6372,E,Jharkhand,Ranchi,69,Female,84,150,44,Normal,0,0,0,0,1,4.9
6374,E,Jharkhand,Ranchi,44,Male,98,168,75,Normal,0,0,0,0,1,5.1
6377,E,Jharkhand,Ranchi,37,Male,76,159,48,Normal,0,0,2,2,6,4.4
6379,E,Jharkhand,Ranchi,39,Female,88,165,62,Normal,1,0,2,1,6,6.4
6383,E,Jharkhand,Ranchi,60,Male,81,159,52,Normal,0,0,0,2,6,3.8
6384,E,Jharkhand,Ranchi,35,Female,83,156,52,Normal,0,0,2,1,6,4
6385,E,Jharkhand,Ranchi,52,Female,102,150,65,Normal,1,0,1,1,3,5.3
6395,E,Jharkhand,Ranchi,61,Male,85,168,57,Normal,0,0,4,3,2,4.2
6422,C,Madhya Pradesh,Raisen,56,Female,108,150,80,Normal,0,0,0,0,2,4.6
6433,C,Madhya Pradesh,Raisen,47,Male,97,172,74,Normal,0,0,2,3,4,6
6440,C,Madhya Pradesh,Raisen,26,Female,89,158,51,Normal,0,0,0,0,4,5.3
6441,C,Madhya Pradesh,Raisen,24,Male,100,171,87,Normal,0,0,2,2,4,5
6442,C,Madhya Pradesh,Raisen,50,Female,92,152,55,Normal,0,0,0,6,2,5.4
6444,C,Madhya Pradesh,Raisen,45,Female,95,160,66,Normal,0,0,0,0,4,9
6445,C,Madhya Pradesh,Raisen,60,Female,96,152,51,Normal,0,0,0,0,2,5.2
6450,C,Madhya Pradesh,Raisen,50,Female,68,152,45,Normal,0,0,2,2,1,5.3
6451,C,Madhya Pradesh,Raisen,50,Female,88,150,58,Normal,0,0,0,0,1,5.1
6452,C,Madhya Pradesh,Raisen,47,Female,95,156,65,Normal,0,0,1,0,1,6.1
6461,E,Jharkhand,Ranchi,42,Male,95,167,84,Normal,1,0,3,2,2,5.6
6462,E,Jharkhand,Ranchi,48,Female,100,150,65,Normal,0,0,4,0,1,5.2
6463,E,Jharkhand,Ranchi,50,Female,122,159,85,Normal,1,1,4,0,1,7.7
6465,E,Jharkhand,Ranchi,70,Male,98,164,73,Normal,0,0,1,1,1,5.6
6469,E,Jharkhand,Ranchi,34,Female,73,162,62,Normal,0,0,2,2,1,4.7
6479,E,Jharkhand,Ranchi,53,Male,102,165,76,Normal,0,0,0,0,2,4.8
6483,E,Jharkhand,Ranchi,41,Male,78,166,55,Normal,0,0,6,1,2,5.2
6484,C,Madhya Pradesh,Raisen,39,Female,74,158,55,Normal,0,0,0,0,5,4.8
6485,C,Madhya Pradesh,Raisen,60,Female,88,154,67,Normal,0,0,0,0,1,5.5
6488,E,Jharkhand,Ranchi,36,Female,73,160,50,Normal,0,0,1,1,1,4.7
6489,C,Madhya Pradesh,Raisen,38,Female,80,152,49,Normal,0,0,2,0,6,6.8
6492,C,Madhya Pradesh,Raisen,50,Female,93,156,55,Normal,0,0,0,0,3,6.1
6493,C,Madhya Pradesh,Raisen,55,Male,87,164,55,Normal,0,0,6,5,4,15.2
6499,C,Madhya Pradesh,Raisen,66,Female,83,150,56,Normal,0,0,0,0,4,5.7
6502,C,Madhya Pradesh,Raisen,68,Male,89,153,56,Normal,0,0,0,1,2,5.4
6507,E,Jharkhand,Ranchi,45,Male,72,150,53,Normal,0,0,6,6,6,4.6
6519,C,Madhya Pradesh,Raisen,60,Female,100,155,78,Normal,0,0,0,0,1,5.9
6525,E,Jharkhand,Ranchi,58,Female,105,142,66,Normal,1,1,1,0,3,5.9
6527,E,Jharkhand,Ranchi,46,Male,118,169,95,Normal,1,1,4,5,1,4.8
6532,C,Madhya Pradesh,Raisen,45,Female,106,145,72,Normal,0,0,1,0,2,5.8
6533,C,Madhya Pradesh,Raisen,40,Female,94,165,77,Normal,0,1,0,0,2,4.4
6534,E,Jharkhand,Ranchi,50,Female,72,136,42,Normal,0,0,0,0,4,5
6538,E,Jharkhand,Ranchi,29,Female,85,154,55,Normal,0,0,2,2,1,5.6
6539,C,Madhya Pradesh,Raisen,40,Female,96,145,66,Normal,0,0,5,6,4,8.7
6544,E,Jharkhand,Ranchi,46,Male,115,163,80,Normal,0,0,0,4,5,6.3
6548,E,Jharkhand,Ranchi,42,Female,74,157,50,Normal,0,0,1,1,1,5.2
6550,E,Jharkhand,Ranchi,45,Female,79,150,47,Normal,0,0,2,2,1,5.3
6559,C,Madhya Pradesh,Raisen,62,Male,102,170,78,Normal,0,0,0,1,2,5.6
6560,E,Jharkhand,Ranchi,44,Female,122,155,90,Normal,0,0,0,0,4,6.5
6566,E,Jharkhand,Ranchi,60,Female,96,144,52,Normal,0,0,0,0,5,4.8
6568,C,Madhya Pradesh,Raisen,62,Female,102,152,67,Normal,0,0,2,0,1,6
6569,E,Jharkhand,Ranchi,55,Male,81,160,50,Normal,0,0,6,0,1,14.2
6570,E,Jharkhand,Ranchi,45,Male,93,163,62,Normal,0,0,3,6,3,5.6
6574,E,Jharkhand,Ranchi,45,Male,100,170,74,Normal,1,0,0,0,1,5.1
6576,C,Madhya Pradesh,Raisen,55,Female,89,142,59,Normal,0,0,0,0,5,5.3
6578,E,Jharkhand,Ranchi,40,Female,84,142,46,Normal,0,0,4,4,5,5.3
6582,C,Madhya Pradesh,Raisen,45,Female,96,145,66,Normal,0,0,6,6,4,5.8
6583,C,Madhya Pradesh,Raisen,38,Male,71,164,46,Normal,0,0,6,6,4,5.6
6585,NW,Jammu And Kashmir,Samba,65,Female,88,150,69,Normal,0,0,2,2,2,4.5
6586,NW,Jammu And Kashmir,Samba,60,Female,88,149,54,Normal,0,0,2,1,1,10.1
6587,NW,Jammu And Kashmir,Samba,70,Male,88,180,78,Normal,0,0,1,2,2,7.8
6588,NW,Jammu And Kashmir,Samba,46,Female,88,163,84,Normal,0,0,2,2,1,4.9
6589,NW,Jammu And Kashmir,Samba,42,Female,88,154,82,Normal,0,0,2,1,2,5.5
6590,NW,Jammu And Kashmir,Samba,68,Male,88,176,84,Normal,0,0,2,1,1,5.3
6591,NW,Jammu And Kashmir,Samba,50,Male,88,186,84,Normal,0,0,2,3,2,6.2
6598,NW,Jammu And Kashmir,Samba,70,Male,88,184,76,Normal,0,0,2,2,1,5.3
6599,NW,Jammu And Kashmir,Samba,50,Male,88,180,74,Normal,0,0,2,1,1,4.3
6600,NW,Jammu And Kashmir,Samba,24,Female,88,150,54,Normal,0,0,2,1,1,4.4
6601,NW,Jammu And Kashmir,Samba,44,Female,88,152,78,Normal,0,0,2,1,2,4.7
6602,NW,Jammu And Kashmir,Samba,21,Male,88,184,68,Normal,0,0,2,2,2,4.9
6603,NW,Jammu And Kashmir,Samba,70,Male,88,184,70,Normal,0,0,1,2,2,5
6604,NW,Jammu And Kashmir,Samba,55,Female,88,150,56,Normal,0,0,2,1,2,13
6613,C,Chhattisgarh,Raipur,60,Female,84,142,49,Normal,0,0,0,0,1,6
6623,NW,Jammu And Kashmir,Samba,63,Female,95,152,66,Normal,0,0,0,0,2,5.4
6626,NW,Jammu And Kashmir,Samba,63,Male,88,153,64,Normal,0,0,1,2,2,7.5
6627,NW,Jammu And Kashmir,Samba,30,Female,88,154,51,Normal,0,0,2,2,2,5.1
6628,NW,Jammu And Kashmir,Samba,44,Female,88,154,74,Normal,0,0,2,2,2,5.2
6629,NW,Jammu And Kashmir,Samba,50,Female,88,160,78,Normal,0,0,1,2,1,5.4
6630,NW,Jammu And Kashmir,Samba,42,Male,88,179,76,Normal,0,0,2,1,1,4.9
6631,C,Chhattisgarh,Raipur,46,Male,92,164,66,Normal,0,0,4,2,3,4.9
6633,NW,Jammu And Kashmir,Samba,70,Female,88,151,60,Normal,0,0,2,2,1,4.8
6634,NW,Jammu And Kashmir,Samba,44,Male,88,184,68,Normal,0,0,2,2,1,6.6
6635,NW,Jammu And Kashmir,Samba,20,Female,88,158,52,Normal,0,0,2,2,1,4.8
6636,NW,Jammu And Kashmir,Samba,52,Female,88,151,76,Normal,0,0,3,1,2,4.9
6641,NW,Jammu And Kashmir,Samba,70,Male,88,188,72,Normal,0,0,2,2,1,5.8
6643,NW,Jammu And Kashmir,Samba,42,Male,88,188,80,Normal,0,0,2,1,2,5.3
6645,NW,Jammu And Kashmir,Samba,40,Female,88,152,67,Normal,0,0,2,1,1,5.3
6646,NW,Jammu And Kashmir,Samba,42,Female,88,150,74,Normal,0,0,2,2,2,5.5
6647,C,Chhattisgarh,Raipur,40,Male,83,168,57,Normal,0,0,6,6,3,4.6
6649,NW,Jammu And Kashmir,Samba,40,Female,88,149,64,Normal,0,0,1,1,1,5.1
6650,NW,Jammu And Kashmir,Samba,45,Female,88,153,68,Normal,0,0,1,1,2,5.3
6655,NW,Jammu And Kashmir,Samba,49,Male,88,178,74,Normal,0,0,2,2,2,9.7
6656,NW,Jammu And Kashmir,Samba,28,Female,88,154,60,Normal,0,0,1,1,2,5.2
6657,NW,Jammu And Kashmir,Samba,65,Female,88,148,56,Normal,0,0,2,2,2,5.8
6658,NW,Jammu And Kashmir,Samba,35,Female,88,160,78,Normal,0,0,3,0,1,5.4
6659,NW,Jammu And Kashmir,Samba,46,Female,88,149,59,Normal,0,0,3,1,2,5.7
6663,NW,Jammu And Kashmir,Samba,24,Female,92,154,60,Normal,0,0,2,2,2,5
6664,NW,Jammu And Kashmir,Samba,70,Male,98,186,78,Normal,0,0,2,1,1,5.9
6665,NW,Jammu And Kashmir,Samba,53,Female,80,152,62,Normal,0,0,2,2,2,5.3
6666,NW,Jammu And Kashmir,Samba,66,Female,88,150,80,Normal,0,0,2,1,2,6.3
6667,W,Gujarat,Surat,41,Male,96,155,70,Normal,0,0,0,0,1,5
6668,C,Chhattisgarh,Raipur,22,Female,81,153,56,Normal,0,0,1,0,1,4.9
6669,C,Chhattisgarh,Raipur,48,Female,78,148,48,Normal,0,0,0,0,4,5
6671,C,Chhattisgarh,Raipur,30,Male,72,173,53,Normal,0,0,6,6,1,5.2
6674,W,Gujarat,Surat,41,Female,88,152,64,Normal,0,0,1,0,1,6.6
6680,C,Chhattisgarh,Raipur,60,Female,85,148,70,Normal,0,1,0,0,4,5.1
6685,W,Gujarat,Surat,36,Female,85,155,60,Normal,0,0,0,0,3,5.9
6687,C,Chhattisgarh,Raipur,32,Female,92,149,54,Normal,0,0,0,0,3,4.7
6694,C,Chhattisgarh,Raipur,40,Male,75,164,50,Normal,0,0,6,6,4,5.8
6695,W,Gujarat,Surat,50,Female,98,160,70,Normal,1,1,0,0,3,7.1
6698,C,Chhattisgarh,Raipur,25,Female,75,152,46,Normal,0,0,6,6,1,5.1
6700,W,Gujarat,Surat,54,Male,98,170,74,Normal,0,0,0,0,1,4.8
6701,W,Gujarat,Surat,23,Female,79,158,50,Normal,0,0,0,0,3,5.1
6702,C,Chhattisgarh,Raipur,45,Male,88,155,62,Normal,0,0,0,0,1,4.7
6703,C,Chhattisgarh,Raipur,60,Female,83,152,50,Normal,0,0,0,0,1,5.1
6705,W,Gujarat,Surat,50,Male,101,155,75,Normal,0,0,6,0,1,5.7
6706,W,Gujarat,Surat,51,Male,92,160,65,Normal,0,0,0,0,1,5.1
6707,W,Gujarat,Surat,39,Male,99,170,80,Normal,1,0,0,0,1,5.4
6708,C,Chhattisgarh,Raipur,35,Female,101,155,71,Normal,0,0,1,0,1,5
6712,C,Chhattisgarh,Raipur,25,Female,87,154,60,Normal,0,0,1,0,1,5
6713,C,Chhattisgarh,Raipur,28,Female,71,151,43,Normal,0,0,1,0,1,4.6
6714,W,Maharashtra,Thane,48,Female,98,167,76,Normal,1,1,0,0,3,5.6
6715,C,Chhattisgarh,Raipur,45,Female,85,161,51,Normal,0,0,0,0,2,5
6716,W,Maharashtra,Thane,50,Male,101,162,76,Normal,0,0,0,0,1,6.4
6717,W,Maharashtra,Thane,38,Male,82,159,67,Normal,1,0,1,0,3,5.7
6720,W,Maharashtra,Thane,38,Male,95,175,87,Normal,1,0,0,0,3,5.5
6721,W,Maharashtra,Thane,23,Male,100,152,86,Normal,0,0,0,0,4,5.4
6723,W,Maharashtra,Thane,62,Male,100,165,71,Normal,0,0,0,0,2,6.2
6725,W,Maharashtra,Thane,35,Female,84,155,62,Normal,0,0,0,0,3,5.3
6727,C,Chhattisgarh,Raipur,21,Female,81,146,46,Normal,0,0,0,0,2,4.9
6728,W,Gujarat,Surat,46,Male,102,166,81,Normal,0,1,0,0,1,5.5
6730,W,Gujarat,Surat,41,Male,95,162,72,Normal,0,1,0,0,1,5.6
6733,W,Gujarat,Surat,43,Female,80,157,52,Normal,0,1,6,6,1,5.8
6742,C,Chhattisgarh,Raipur,35,Female,91,160,67,Normal,0,0,0,0,1,5
6743,C,Chhattisgarh,Raipur,35,Female,95,156,58,Normal,0,0,6,6,1,5.5
6745,C,Chhattisgarh,Raipur,52,Male,115,153,87,Normal,0,0,0,0,1,5.8
6746,W,Gujarat,Surat,32,Female,66,153,66,Normal,0,0,0,0,4,5.6
6747,W,Gujarat,Surat,21,Female,80,163,50,Normal,0,0,0,0,4,5.7
6749,W,Gujarat,Surat,21,Female,82,150,47,Normal,0,0,0,0,4,6.3
6750,W,Gujarat,Surat,42,Male,98,168,76,Normal,1,1,0,0,1,5.1
6751,W,Gujarat,Surat,40,Male,103,170,82,Normal,1,1,0,0,1,5.7
6764,NW,Jammu And Kashmir,Samba,36,Female,95,155,79,Normal,0,0,0,0,2,4.6
6765,NW,Jammu And Kashmir,Samba,37,Female,100,145,63,Normal,0,0,0,0,2,5
6766,NW,Jammu And Kashmir,Samba,35,Female,109,146,81,Normal,0,0,0,0,2,5.6
6767,NW,Jammu And Kashmir,Samba,60,Female,91,154,55,Normal,0,0,0,0,2,5.9
6768,C,Chhattisgarh,Raipur,32,Male,82,164,60,Normal,0,0,0,0,2,4.6
6769,NW,Jammu And Kashmir,Samba,62,Male,106,168,93,Normal,0,0,4,2,2,5.7
6771,NW,Jammu And Kashmir,Samba,62,Female,88,158,58,Normal,0,0,1,2,2,9.1
6772,NW,Jammu And Kashmir,Samba,28,Male,88,178,68,Normal,0,0,2,2,2,4.9
6773,NW,Jammu And Kashmir,Samba,67,Female,95,148,57,Normal,0,0,3,2,1,5.4
6786,NW,Jammu And Kashmir,Samba,57,Male,107,184,76,Normal,0,0,0,0,2,5.3
6789,NW,Jammu And Kashmir,Samba,42,Female,104,153,68,Normal,0,0,0,0,2,6.2
6790,NW,Jammu And Kashmir,Samba,40,Female,99,150,60,Normal,0,0,0,0,2,6.5
6793,NW,Jammu And Kashmir,Samba,33,Female,88,156,70,Normal,0,0,1,2,2,5.7
6795,NW,Jammu And Kashmir,Samba,44,Male,88,182,78,Normal,0,0,2,1,1,5.1
6796,NW,Jammu And Kashmir,Samba,28,Female,88,156,70,Normal,0,0,2,1,1,5.3
6798,C,Chhattisgarh,Raipur,30,Male,71,163,47,Normal,0,0,2,2,2,5.1
6799,NW,Jammu And Kashmir,Samba,70,Male,88,165,68,Normal,0,0,2,2,2,6.5
6800,NW,Jammu And Kashmir,Samba,45,Female,88,154,74,Normal,0,0,1,1,2,5.8
6801,NW,Jammu And Kashmir,Samba,55,Female,88,148,58,Normal,0,0,1,1,2,12.9
6824,NW,Jammu And Kashmir,Samba,46,Male,99,167,65,Normal,0,0,6,3,2,5.1
6833,NW,Jammu And Kashmir,Samba,45,Female,88,178,72,Normal,0,0,1,2,2,5.7
6834,NW,Jammu And Kashmir,Samba,56,Female,88,154,70,Normal,0,0,1,1,1,5.3
6836,NW,Jammu And Kashmir,Samba,34,Female,88,150,78,Normal,0,0,2,2,2,6.5
6838,NW,Jammu And Kashmir,Samba,42,Female,88,156,78,Normal,0,0,1,2,1,4.7
6839,NW,Jammu And Kashmir,Samba,47,Female,88,152,58,Normal,0,0,1,1,2,5.4
6846,NW,Jammu And Kashmir,Samba,38,Female,88,160,78,Normal,0,0,1,1,1,4.8
6847,NW,Jammu And Kashmir,Samba,32,Female,88,156,80,Normal,0,0,2,1,1,4.9
6848,NW,Jammu And Kashmir,Samba,70,Male,88,176,61,Normal,0,0,2,2,2,5.4
6852,NW,Jammu And Kashmir,Samba,57,Male,88,187,80,Normal,0,0,2,2,2,4.9
6853,NW,Jammu And Kashmir,Samba,42,Male,88,174,78,Normal,0,0,2,1,2,6.4
6854,NW,Jammu And Kashmir,Samba,50,Female,102,152,70,Normal,0,0,0,0,2,5.6
6858,S,Karnataka,Bangalore,48,Female,111,161,75,Normal,0,0,0,0,4,10.2
6859,S,Andhra Pradesh,Anantapur,67,Male,85,165,75,Normal,0,1,2,2,2,8.1
6861,S,Karnataka,Bangalore,60,Male,105,168,80,Normal,0,0,0,0,4,5.6
6864,S,Andhra Pradesh,Anantapur,45,Female,70,155,68,Normal,0,0,0,0,1,5.2
6867,E,Orissa,Balasore,65,Male,90,162,70,Normal,0,0,1,1,1,5.2
6871,E,Orissa,Balasore,46,Male,81,160,70,Normal,0,0,1,1,1,6
6874,S,Karnataka,Bangalore,49,Female,98,148,72,Normal,0,0,0,0,6,6.2
6875,S,Andhra Pradesh,Anantapur,46,Male,80,162,70,Normal,0,0,0,0,1,6.3
6877,S,Karnataka,Bangalore,65,Female,129,142,80,Normal,0,0,6,0,1,7
6879,E,Orissa,Balasore,45,Male,91,162,75,Normal,0,0,1,2,3,5.7
6881,E,Orissa,Balasore,23,Male,82,152,53,Normal,1,0,2,1,4,4.6
6883,W,Maharashtra,Ahmednagar,50,Male,106,168,87,Normal,1,0,2,0,2,8.1
6890,S,Andhra Pradesh,Anantapur,54,Male,85,158,78,Normal,0,0,6,6,4,8.2
6909,W,Maharashtra,Ahmednagar,65,Female,100,160,71,Normal,0,0,3,0,1,8.9
6912,S,Karnataka,Bangalore,68,Male,102,173,78,Normal,0,0,0,0,1,5.6
6915,W,Maharashtra,Ahmednagar,81,Male,100,161,58,Normal,0,0,4,0,2,5.2
6925,E,Orissa,Balasore,44,Male,80,165,65,Normal,0,0,1,1,1,5.4
6926,E,Orissa,Balasore,34,Female,85,156,53,Normal,1,0,2,1,1,5.1
6933,S,Pondicherry,Pondicherry,37,Female,98,157,71,Normal,1,1,0,0,2,5.8
6934,S,Karnataka,Bangalore,63,Male,98,166,72,Normal,0,0,0,0,2,5.8
6940,W,Maharashtra,Ahmednagar,65,Male,88,156,59,Normal,0,0,2,1,4,5.8
6942,E,Orissa,Balasore,79,Male,94,154,51,Normal,1,0,4,2,1,5.2
6944,S,Andhra Pradesh,Anantapur,44,Male,80,161,80,Normal,0,0,0,0,1,5.2
6950,C,Madhya Pradesh,Gwalior,25,Female,88,165,70,Normal,0,0,0,0,3,5.2
6952,C,Madhya Pradesh,Gwalior,45,Female,60,158,45,Normal,0,0,0,0,4,4.7
6953,NE,Meghalaya,East Khasi Hills,45,Female,84,146,60,Normal,0,0,6,0,1,5.2
6961,C,Madhya Pradesh,Bhopal,45,Female,85,162,54,Normal,0,0,0,0,3,5.1
6963,NW,Jammu And Kashmir,Jammu,38,Female,92,155,72,Normal,1,0,5,2,4,6.1
6964,S,Karnataka,Hassan,35,Female,84,160,50,Normal,0,0,0,0,4,4.9
6967,C,Madhya Pradesh,Bhopal,59,Male,90,170,84,Normal,0,0,0,0,2,7.5
6969,E,Orissa,Bargarh,40,Female,85,152,55,Normal,0,0,0,0,1,5.8
6976,C,Madhya Pradesh,Gwalior,40,Male,109,177,85,Normal,0,0,0,0,3,5.6
6977,E,West Bengal,Bankura,40,Male,98,179,80,Normal,0,0,2,2,2,5.5
6980,NW,Jammu And Kashmir,Jammu,50,Female,89,165,65,Normal,0,0,0,0,1,8.8
6985,NE,Manipur,Imphal West,45,Female,109,154,69,Normal,1,0,6,0,2,5.7
6986,C,Madhya Pradesh,Gwalior,55,Male,91,170,60,Normal,0,0,0,0,5,5.6
6993,C,Madhya Pradesh,Bhopal,57,Male,82,165,60,Normal,0,0,0,0,1,4.8
6997,NE,Meghalaya,East Khasi Hills,52,Female,60,164,70,Normal,0,0,6,0,1,5.8
6999,E,Orissa,Bargarh,44,Male,86,157,63,Normal,0,0,2,5,3,8.6
7004,W,Maharashtra,Nagpur,41,Female,68,158,62,Normal,1,0,0,0,4,4
7006,S,Tamil Nadu,Kanchipuram,42,Male,106,182,98,Normal,0,0,1,1,1,5.5
7008,S,Tamil Nadu,Madurai,64,Male,85,165,54,Normal,0,1,2,5,1,5.7
7009,S,Tamil Nadu,Kanchipuram,30,Female,85,155,69,Normal,0,0,2,2,3,5.1
7011,W,Maharashtra,Nagpur,52,Female,99,165,52,Normal,0,0,0,0,1,5.9
7018,S,Andhra Pradesh,Visakhapatnam,56,Male,91,170,85,Normal,0,0,4,4,1,6.1
7020,W,Maharashtra,Thane,38,Female,83,148,65,Normal,1,0,0,0,1,6.6
7021,W,Maharashtra,Thane,28,Female,74,152,47,Normal,0,0,0,0,4,5.3
7022,W,Maharashtra,Thane,42,Female,82,157,67,Normal,0,0,0,0,3,5.4
7023,C,Madhya Pradesh,Ujjain,47,Male,100,164,95,Normal,0,0,2,4,1,4.9
7026,W,Maharashtra,Thane,59,Male,97,177,67,Normal,0,0,0,0,1,7.3
7027,S,Andhra Pradesh,Visakhapatnam,58,Female,89,155,70,Normal,0,0,0,0,1,7.1
7030,W,Maharashtra,Thane,32,Female,89,159,77,Normal,1,1,0,1,3,5.4
7032,W,Maharashtra,Thane,38,Female,92,170,53,Normal,0,0,0,0,3,5.4
7034,W,Gujarat,Navsari,59,Female,102,152,66,Normal,0,0,0,0,4,12
7039,W,Gujarat,Navsari,55,Male,93,172,71,Normal,0,0,0,0,1,5.6
7040,W,Gujarat,Navsari,57,Male,97,167,79,Normal,0,0,0,0,4,5.6
7041,W,Gujarat,Navsari,65,Female,80,148,54,Normal,0,1,0,0,4,6.6
7043,W,Gujarat,Navsari,46,Male,99,170,84,Normal,0,0,2,3,4,6.4
7044,W,Gujarat,Navsari,43,Male,99,162,75,Normal,0,0,2,6,1,5.7
7045,S,Pondicherry,Pondicherry,37,Female,84,154,73,Normal,0,1,6,0,1,5.2
7047,W,Gujarat,Navsari,58,Female,95,153,62,Normal,0,0,0,0,1,5.8
7048,W,Gujarat,Navsari,41,Male,90,167,64,Normal,0,0,5,0,2,5.5
7049,W,Gujarat,Navsari,40,Female,113,149,79,Normal,0,0,0,0,1,5.9
7051,W,Gujarat,Navsari,28,Male,97,156,64,Normal,0,0,6,6,1,6.3
7054,W,Gujarat,Navsari,60,Female,82,139,53,Normal,0,0,0,0,5,6.3
7056,W,Gujarat,Navsari,60,Male,102,165,75,Normal,0,1,0,0,4,9.3
7057,S,Pondicherry,Pondicherry,44,Female,103,145,64,Normal,0,0,0,3,4,5
7058,W,Gujarat,Navsari,33,Female,100,146,67,Normal,0,1,0,0,1,5.4
7059,N,Delhi,North West Delhi,64,Male,92,150,68,Normal,0,0,2,2,1,7.9
7061,W,Gujarat,Navsari,55,Male,91,165,64,Normal,0,0,0,0,2,5.6
7062,W,Gujarat,Navsari,60,Female,87,161,56,Normal,0,0,0,0,1,6.1
7063,W,Gujarat,Navsari,30,Female,79,157,67,Normal,0,0,0,0,3,5.4
7068,W,Gujarat,Navsari,55,Male,89,160,61,Normal,0,0,0,0,1,6.7
7069,W,Gujarat,Navsari,55,Female,85,157,65,Normal,1,0,1,1,1,5.4
7072,W,Gujarat,Navsari,33,Male,100,175,88,Normal,0,0,0,0,1,5.9
7078,S,Pondicherry,Pondicherry,45,Male,114,162,99,Normal,0,0,0,2,2,5.8
7082,W,Gujarat,Navsari,25,Female,84,160,67,Normal,0,1,6,6,2,4.8
7084,W,Gujarat,Navsari,70,Male,90,166,66,Normal,0,0,0,2,1,6.4
7085,W,Gujarat,Navsari,43,Female,88,157,61,Normal,1,1,2,0,2,5.6
7086,W,Gujarat,Navsari,63,Female,115,147,85,Normal,0,0,6,0,2,7.3
7087,W,Gujarat,Navsari,51,Male,91,177,75,Normal,1,1,6,6,4,6.2
7088,W,Gujarat,Navsari,60,Female,70,151,51,Normal,0,0,0,0,4,5.8
7089,W,Gujarat,Navsari,64,Male,105,162,79,Normal,0,0,0,0,1,5.8
7092,W,Gujarat,Navsari,61,Male,82,167,79,Normal,1,0,5,0,4,4.9
7093,W,Gujarat,Navsari,32,Female,85,157,63,Normal,0,1,0,0,4,6.1
7094,W,Gujarat,Navsari,22,Female,93,152,69,Normal,0,1,6,3,1,6.7
7095,W,Gujarat,Navsari,64,Male,95,161,68,Normal,0,0,6,0,1,5.6
7096,S,Pondicherry,Pondicherry,38,Female,97,155,80,Normal,0,0,3,1,6,5.7
7101,W,Maharashtra,Nagpur,35,Female,72,155,58,Normal,1,0,0,0,3,5.1
7104,W,Maharashtra,Nagpur,46,Male,90,179,82,Normal,1,0,0,0,1,5.8
7105,W,Maharashtra,Nagpur,40,Female,65,176,70,Normal,0,0,2,4,1,5.6
7108,W,Maharashtra,Nagpur,54,Male,99,162,68,Normal,1,0,4,4,2,5.8
7109,W,Maharashtra,Nagpur,32,Male,82,179,73,Normal,0,0,0,0,1,5.5
7117,W,Gujarat,Surat,34,Male,88,135,67,Normal,0,0,0,0,1,6.2
7118,W,Gujarat,Surat,55,Female,87,146,60,Normal,0,0,0,0,1,6.1
7121,C,Madhya Pradesh,Raisen,48,Female,102,154,72,Normal,0,1,0,0,2,5.3
7132,W,Gujarat,Surat,41,Male,85,167,60,Normal,0,0,0,0,1,5.2
7133,W,Gujarat,Surat,43,Female,78,150,56,Normal,0,0,0,0,1,5.4
7134,W,Gujarat,Surat,35,Male,105,154,78,Normal,0,0,0,0,1,5.9
7135,W,Gujarat,Surat,57,Male,108,170,86,Normal,0,0,6,0,2,5.2
7137,W,Gujarat,Surat,40,Male,98,160,64,Normal,0,0,0,0,1,5.4
7139,W,Gujarat,Surat,43,Female,90,150,71,Normal,0,0,0,0,1,4.8
7140,W,Gujarat,Surat,41,Male,70,146,49,Normal,0,0,0,0,3,5.4
7143,W,Gujarat,Surat,40,Female,71,154,55,Normal,0,0,0,1,3,4.9
7144,C,Madhya Pradesh,Raisen,26,Female,101,148,63,Normal,0,0,0,0,4,7.3
7145,W,Gujarat,Surat,41,Male,94,160,70,Normal,0,1,3,0,1,4.9
7146,C,Chhattisgarh,Raipur,29,Male,90,161,61,Normal,0,0,4,2,4,5.5
7147,W,Gujarat,Surat,48,Male,97,149,66,Normal,0,0,0,0,1,5.7
7149,W,Gujarat,Surat,51,Male,80,155,52,Normal,0,0,3,0,3,4.7
7152,W,Gujarat,Surat,42,Female,87,144,55,Normal,0,0,0,0,1,5.1
7154,W,Gujarat,Surat,47,Male,90,165,68,Normal,0,0,0,0,1,5.3
7155,W,Gujarat,Surat,42,Male,100,156,78,Normal,0,0,2,0,1,5.7
7162,W,Gujarat,Surat,51,Male,82,170,52,Normal,0,0,0,0,2,5.2
7168,W,Maharashtra,Thane,28,Male,93,154,81,Normal,0,0,0,0,1,5.6
7169,W,Gujarat,Surat,51,Female,92,145,64,Normal,0,0,0,2,1,5.3
7184,W,Rajasthan,Ajmer,44,Male,104,166,80,Normal,0,0,0,0,1,4.4
7189,S,Karnataka,Bangalore,60,Female,74,161,74,Normal,0,0,1,3,2,5.4
7191,S,Karnataka,Bangalore,74,Female,105,152,65,Normal,1,0,6,0,1,5.7
7194,S,Tamil Nadu,Madurai,43,Male,81,167,69,Normal,0,0,0,3,1,7.2
7200,W,Rajasthan,Ajmer,44,Male,96,174,79,Normal,0,0,0,0,4,4.7
7201,W,Rajasthan,Ajmer,70,Female,94,157,75,Normal,0,0,0,0,2,6.2
7202,S,Tamil Nadu,Madurai,38,Male,98,173,68,Normal,1,0,3,4,2,9.1
7205,W,Rajasthan,Ajmer,51,Male,90,167,60,Normal,1,0,0,0,2,8
7206,S,Karnataka,Bangalore,35,Female,95,162,66,Normal,1,1,3,0,1,4.9
7210,S,Karnataka,Bangalore,37,Male,89,167,69,Normal,1,0,1,1,3,4.6
7218,S,Karnataka,Bangalore,68,Male,88,158,68,Normal,0,0,6,0,1,6.3
7241,S,Karnataka,Bangalore,35,Female,97,158,73,Normal,0,0,6,6,6,5.1
7250,E,Orissa,Balasore,36,Male,82,155,53,Normal,1,0,2,2,2,5.4
7251,E,Orissa,Balasore,80,Male,76,163,56,Normal,1,0,2,1,1,6.1
7252,S,Karnataka,Bangalore,30,Female,98,155,79,Normal,0,0,0,2,3,5.4
7253,E,Orissa,Balasore,35,Female,87,156,56,Normal,1,0,2,2,2,4.5
7257,S,Karnataka,Bangalore,55,Female,98,160,61,Normal,0,0,6,0,1,7.1
7262,S,Karnataka,Bangalore,56,Male,90,160,60,Normal,0,0,5,2,4,8.4
7267,E,Orissa,Balasore,34,Female,80,155,60,Normal,0,0,1,1,1,5.1
7270,E,Orissa,Balasore,25,Female,80,150,60,Normal,0,0,2,1,2,4.7
7271,E,Orissa,Balasore,42,Male,96,165,70,Normal,0,0,1,1,1,5.2
7274,E,Orissa,Balasore,32,Male,86,162,70,Normal,0,0,1,1,1,5.5
7276,S,Karnataka,Bangalore,49,Male,103,162,77,Normal,0,0,6,4,3,5.6
7277,S,Pondicherry,Pondicherry,51,Male,88,164,64,Normal,0,0,2,3,1,5.8
7279,S,Karnataka,Bangalore,42,Female,91,156,60,Normal,0,0,6,0,2,5.3
7280,S,Pondicherry,Pondicherry,54,Female,82,150,60,Normal,0,0,1,1,1,6
7293,S,Pondicherry,Pondicherry,36,Female,92,157,76,Normal,0,0,6,6,1,5.3
7321,S,Karnataka,Bangalore,39,Female,86,156,63,Normal,0,0,5,0,2,5.9
7330,S,Karnataka,Bangalore,58,Female,99,151,70,Normal,0,0,5,0,2,6.2
7331,S,Karnataka,Bangalore,39,Male,90,172,67,Normal,0,0,6,4,2,5.3
7333,S,Karnataka,Bangalore,50,Female,91,144,70,Normal,1,0,0,0,3,6
7334,S,Karnataka,Bangalore,50,Female,77,151,50,Normal,0,0,0,0,1,6.2
7335,S,Karnataka,Bangalore,38,Female,77,157,50,Normal,0,0,0,0,1,5.6
7354,S,Andhra Pradesh,Anantapur,46,Female,88,153,58,Normal,0,0,0,1,1,5.5
7356,W,Maharashtra,Ahmednagar,82,Male,87,171,66,Normal,0,0,4,0,1,5.8
7357,S,Andhra Pradesh,Anantapur,55,Female,87,150,55,Normal,0,0,4,0,2,9.2
7360,S,Andhra Pradesh,Anantapur,40,Male,98,170,65,Normal,0,0,0,0,1,5
7362,S,Andhra Pradesh,Anantapur,53,Female,84,155,66,Normal,1,0,0,0,1,5.4
7363,S,Andhra Pradesh,Anantapur,65,Female,70,139,60,Normal,0,0,1,0,1,5.6
7366,S,Andhra Pradesh,Anantapur,37,Male,92,154,66,Normal,0,0,0,0,2,4.7
7371,S,Andhra Pradesh,Anantapur,65,Female,86,153,59,Normal,1,1,0,3,1,6.7
7372,W,Maharashtra,Ahmednagar,55,Female,90,162,57,Normal,0,0,5,0,2,5.9
7373,S,Andhra Pradesh,Anantapur,42,Female,92,150,62,Normal,0,0,1,2,1,5.1
7384,W,Rajasthan,Ajmer,56,Male,93,164,59,Normal,0,0,0,1,2,6.7
7389,S,Andhra Pradesh,Anantapur,42,Male,80,170,70,Normal,1,1,1,1,2,4.8
7390,S,Karnataka,Bangalore,24,Female,72,155,51,Normal,0,0,3,3,1,5.2
7392,S,Andhra Pradesh,Anantapur,43,Male,85,156,65,Normal,0,0,0,0,1,8.3
7394,S,Andhra Pradesh,Anantapur,45,Male,80,170,70,Normal,0,0,3,3,1,5.6
7395,S,Andhra Pradesh,Anantapur,58,Male,84,157,65,Normal,0,0,2,2,3,6.2
7397,S,Andhra Pradesh,Anantapur,42,Male,80,161,79,Normal,0,0,0,0,2,7.4
7398,S,Karnataka,Bangalore,64,Male,107,164,82,Normal,0,0,6,0,4,7.3
7399,W,Maharashtra,Ahmednagar,60,Female,89,160,68,Normal,0,0,0,0,4,6
7400,W,Maharashtra,Ahmednagar,46,Male,92,161,58,Normal,0,0,2,2,4,6.1
7408,W,Maharashtra,Ahmednagar,61,Male,92,164,61,Normal,0,0,5,0,1,6.1
7411,S,Andhra Pradesh,Anantapur,34,Male,85,153,81,Normal,0,0,0,0,3,5.6
7414,W,Maharashtra,Ahmednagar,56,Female,100,160,70,Normal,0,0,6,6,2,5.7
7418,S,Karnataka,Bangalore,62,Male,82,178,56,Normal,0,0,0,2,1,8.6
7419,E,Orissa,Balasore,41,Male,82,162,62,Normal,1,0,1,1,2,8.1
7421,S,Karnataka,Bangalore,61,Male,95,165,61,Normal,0,0,6,0,1,5.8
7426,S,Karnataka,Bangalore,58,Female,94,158,70,Normal,0,0,1,0,1,6.4
7431,E,Orissa,Balasore,33,Female,82,160,60,Normal,1,0,1,1,1,4.9
7434,S,Andhra Pradesh,Anantapur,65,Male,81,164,80,Normal,0,0,0,0,1,5.8
7436,C,Madhya Pradesh,Gwalior,50,Female,96,156,60,Normal,0,0,0,0,1,5.7
7438,C,Madhya Pradesh,Bhopal,40,Female,108,158,75,Normal,0,0,0,0,3,4.8
7439,C,Madhya Pradesh,Bhopal,21,Female,88,157,56,Normal,0,0,3,3,4,5.1
7445,E,West Bengal,Bankura,65,Male,81,148,49,Normal,0,0,1,1,1,5.5
7451,C,Madhya Pradesh,Bhopal,44,Male,91,181,102,Normal,0,0,0,0,2,5.5
7455,S,Karnataka,Bangalore,39,Female,84,160,65,Normal,0,0,1,1,5,5.6
7461,S,Karnataka,Hassan,52,Female,112,143,85,Normal,0,0,0,0,4,5.6
7465,NE,Meghalaya,East Khasi Hills,20,Male,81,170,50,Normal,0,0,6,0,1,5.4
7469,E,Jharkhand,Hazaribag,45,Male,85,150,45,Normal,0,0,3,3,6,5.4
7471,S,Karnataka,Bangalore,42,Female,85,164,65,Normal,0,0,6,6,5,5.7
7476,C,Madhya Pradesh,Gwalior,55,Female,103,148,55,Normal,0,0,0,0,1,5.4
7477,S,Karnataka,Bangalore,54,Male,82,147,70,Normal,0,0,6,1,1,5.9
7478,C,Madhya Pradesh,Gwalior,37,Female,89,156,60,Normal,0,0,0,0,3,5
7480,E,West Bengal,Bankura,35,Female,78,159,48,Normal,0,0,4,6,6,5.6
7487,E,West Bengal,Bankura,58,Male,75,162,45,Normal,0,0,2,2,3,6.1
7491,NW,Jammu And Kashmir,Jammu,37,Female,89,160,62,Normal,0,0,0,0,1,5
7492,E,West Bengal,Bankura,30,Male,73,160,59,Normal,0,0,5,1,2,6.2
7494,S,Karnataka,Bangalore,42,Male,95,166,77,Normal,0,0,2,5,2,6
7496,S,Karnataka,Bangalore,48,Female,89,149,53,Normal,0,0,1,0,3,5.4
7498,S,Karnataka,Bangalore,38,Male,85,168,61,Normal,0,0,6,6,6,5.1
7501,E,West Bengal,Bankura,52,Female,83,150,50,Normal,0,0,2,2,1,6.3
7502,C,Madhya Pradesh,Bhopal,40,Female,103,152,85,Normal,0,0,0,6,2,5.8
7503,S,Karnataka,Bangalore,39,Female,81,158,58,Normal,0,0,6,3,3,5.2
7506,E,Jharkhand,Hazaribag,45,Male,89,150,86,Normal,1,1,2,1,2,6.5
7507,E,Jharkhand,Hazaribag,50,Male,100,175,66,Normal,0,0,2,2,2,8
7509,E,West Bengal,Bankura,58,Female,93,168,55,Normal,0,0,2,2,2,6.9
7513,NW,Jammu And Kashmir,Jammu,50,Female,92,161,56,Normal,0,0,0,0,1,5.6
7516,C,Madhya Pradesh,Bhopal,36,Female,90,154,62,Normal,0,0,2,4,5,5.2
7518,NE,Meghalaya,East Khasi Hills,54,Female,84,134,65,Normal,0,0,6,0,1,9.5
7519,NE,Manipur,Imphal West,48,Male,95,155,65,Normal,0,0,2,6,2,5.8
7523,S,Karnataka,Bangalore,39,Male,90,172,67,Normal,0,0,6,4,2,5.3
7524,C,Madhya Pradesh,Bhopal,45,Female,85,162,52,Normal,0,0,0,0,4,5
7527,NW,Jammu And Kashmir,Jammu,69,Male,103,172,68,Normal,0,0,0,0,1,5.8
7528,E,West Bengal,Bankura,40,Male,90,161,56,Normal,0,0,0,0,1,5.7
7530,S,Karnataka,Hassan,65,Female,106,148,50,Normal,0,0,0,0,4,5.4
7532,C,Madhya Pradesh,Bhopal,48,Male,101,174,82,Normal,0,0,0,0,4,7
7535,N,Chandigarh,Chandigarh,45,Male,76,172,53,Normal,0,0,6,6,3,5.5
7536,E,West Bengal,Bankura,34,Male,82,165,42,Normal,0,0,2,2,2,5.5
7538,S,Karnataka,Hassan,45,Female,80,157,55,Normal,0,0,0,0,4,5.4
7540,NE,Manipur,Imphal West,51,Male,102,167,89,Normal,0,0,4,2,4,5.5
7541,NW,Jammu And Kashmir,Jammu,42,Female,98,162,52,Normal,0,0,0,0,1,5.8
7545,N,Uttarakhand,Dehradun,40,Female,79,155,62,Normal,0,0,1,0,3,6.4
7546,E,West Bengal,Bankura,50,Female,80,158,49,Normal,0,0,2,2,2,6.7
7548,N,Chandigarh,Chandigarh,45,Female,92,154,65,Normal,0,0,0,0,4,5.5
7549,NE,Meghalaya,East Khasi Hills,35,Female,95,148,49,Normal,0,0,6,0,1,5.5
7550,N,Chandigarh,Chandigarh,70,Female,114,150,74,Normal,0,0,0,0,3,6.9
7555,E,Jharkhand,Hazaribag,50,Female,75,145,50,Normal,0,0,0,0,2,5.1
7558,S,Karnataka,Bangalore,29,Female,70,158,50,Normal,0,0,0,0,4,5.1
7563,E,West Bengal,Bardhaman,35,Female,66,125,42,Normal,0,0,1,2,1,5.6
7567,C,Madhya Pradesh,Bhopal,55,Female,86,160,62,Normal,0,0,0,0,4,5.4
7569,E,Orissa,Bargarh,22,Male,79,151,45,Normal,0,0,0,0,3,5.2
7571,C,Madhya Pradesh,Bhopal,61,Female,98,152,59,Normal,0,0,0,0,1,5.6
7580,NW,Jammu And Kashmir,Jammu,45,Female,89,160,61,Normal,0,0,0,0,1,4.9
7581,C,Madhya Pradesh,Bhopal,59,Male,94,159,64,Normal,0,0,0,0,1,5.6
7585,C,Madhya Pradesh,Bhopal,36,Female,87,160,62,Normal,0,0,6,1,3,5.8
7588,C,Madhya Pradesh,Bhopal,32,Female,80,154,52,Normal,0,0,6,6,1,4.9
7590,NW,Jammu And Kashmir,Jammu,59,Male,101,177,69,Normal,0,0,3,1,2,5.7
7591,C,Madhya Pradesh,Bhopal,50,Female,90,153,60,Normal,0,0,0,0,6,5.9
7593,NW,Jammu And Kashmir,Jammu,50,Female,96,157,70,Normal,0,0,2,0,1,5.8
7597,C,Madhya Pradesh,Bhopal,55,Female,77,150,50,Normal,0,0,6,0,2,5.1
7600,C,Madhya Pradesh,Gwalior,60,Female,109,147,81,Normal,0,0,2,0,1,6.2
7603,E,Jharkhand,Hazaribag,48,Female,64,160,45,Normal,0,0,2,2,2,5.5
7604,S,Karnataka,Bangalore,65,Male,104,170,84,Normal,0,0,0,0,4,6.4
7609,S,Karnataka,Bangalore,35,Male,89,174,72,Normal,0,0,6,6,1,4.9
7613,C,Madhya Pradesh,Gwalior,30,Male,98,162,70,Normal,0,0,2,3,2,4.9
7614,C,Madhya Pradesh,Bhopal,50,Male,111,180,90,Normal,0,0,0,0,1,6.1
7618,S,Karnataka,Bangalore,64,Male,108,173,81,Normal,0,0,0,0,1,5.3
7621,S,Karnataka,Bangalore,35,Female,108,157,83,Normal,0,1,3,3,3,6.1
7623,C,Madhya Pradesh,Gwalior,35,Male,90,150,70,Normal,0,0,0,0,4,5.8
7628,NE,Meghalaya,East Khasi Hills,33,Female,66,153,50,Normal,0,0,4,1,3,5.1
7629,E,Orissa,Bargarh,38,Female,90,161,54,Normal,0,0,0,0,1,5
7634,C,Madhya Pradesh,Gwalior,38,Female,73,145,50,Normal,0,0,2,0,3,5.8
7639,NW,Jammu And Kashmir,Jammu,32,Male,103,149,65,Normal,0,0,2,1,1,5.6
7642,NE,Meghalaya,East Khasi Hills,26,Female,85,146,66,Normal,0,0,6,0,1,5
7643,NE,Meghalaya,East Khasi Hills,55,Female,104,146,60,Normal,0,0,6,0,1,5.7
7645,E,Orissa,Bargarh,37,Female,89,153,60,Normal,0,0,1,1,1,4.5
7648,NW,Jammu And Kashmir,Jammu,47,Female,81,165,65,Normal,0,0,0,0,1,5.7
7664,W,Rajasthan,Nagaur,64,Male,94,172,68,Normal,0,0,2,1,2,6.9
7665,W,Rajasthan,Nagaur,65,Male,107,160,79,Normal,0,0,6,6,2,5
7669,S,Tamil Nadu,Madurai,60,Male,67,151,58,Normal,0,0,1,1,1,7.2
7672,S,Tamil Nadu,Kanchipuram,62,Female,100,161,85,Normal,0,0,0,0,1,9
7674,S,Tamil Nadu,Kanchipuram,60,Male,78,162,78,Normal,0,0,6,1,2,5.9
7675,S,Tamil Nadu,Kanchipuram,58,Female,80,142,50,Normal,0,0,0,0,1,7.5
7682,S,Tamil Nadu,Kanchipuram,55,Female,82,145,54,Normal,0,0,2,2,1,6.3
7687,S,Tamil Nadu,Kanchipuram,41,Male,95,166,73,Normal,0,0,2,1,5,5.9
7691,S,Tamil Nadu,Madurai,30,Female,89,153,67,Normal,0,0,1,2,2,5.7
7692,S,Tamil Nadu,Kanchipuram,64,Male,83,164,55,Normal,0,0,0,0,1,9.5
7694,NW,Jammu And Kashmir,Kulgam,36,Male,87,170,65,Normal,0,0,2,2,1,5.6
7698,S,Tamil Nadu,Kanchipuram,50,Male,89,163,60,Normal,0,0,2,0,1,6.4
7699,S,Tamil Nadu,Kanchipuram,48,Male,73,169,54,Normal,1,0,0,0,2,5.1
7703,S,Tamil Nadu,Kanchipuram,48,Female,79,152,50,Normal,0,0,0,0,1,6
7704,S,Tamil Nadu,Kanchipuram,57,Female,90,152,65,Normal,0,0,0,0,1,5.7
7706,S,Tamil Nadu,Madurai,65,Female,95,140,53,Normal,0,0,1,1,2,8.5
7707,S,Tamil Nadu,Madurai,80,Male,82,152,45,Normal,0,0,0,0,1,6.4
7709,S,Tamil Nadu,Kanchipuram,59,Female,79,157,48,Normal,0,0,0,3,1,5.1
7710,NW,Jammu And Kashmir,Kathua,65,Female,84,152,55,Normal,0,0,0,0,1,10.7
7712,S,Tamil Nadu,Kanchipuram,44,Female,86,161,70,Normal,0,0,2,3,2,5.4
7713,NW,Jammu And Kashmir,Kulgam,38,Female,92,162,65,Normal,0,0,1,0,1,11.4
7714,NW,Jammu And Kashmir,Kathua,57,Female,86,142,51,Normal,0,0,0,0,2,6
7715,S,Tamil Nadu,Madurai,60,Female,72,150,46,Normal,0,0,1,1,1,6.1
7717,S,Tamil Nadu,Kanchipuram,67,Female,78,147,55,Normal,0,0,2,4,2,7
7718,NW,Jammu And Kashmir,Kulgam,40,Female,94,140,57,Normal,0,0,0,0,1,5.2
7719,W,Maharashtra,Nagpur,49,Female,89,154,65,Normal,0,0,4,4,3,5.5
7720,W,Maharashtra,Nagpur,40,Female,78,165,70,Normal,1,0,0,0,1,5.8
7721,S,Tamil Nadu,Kanchipuram,48,Female,76,154,49,Normal,0,0,0,0,1,5.1
7722,S,Tamil Nadu,Madurai,24,Female,68,152,47,Normal,0,0,0,1,2,5.2
7724,W,Maharashtra,Nagpur,55,Female,85,167,70,Normal,0,0,4,5,1,6.1
7725,NW,Jammu And Kashmir,Kathua,40,Female,93,162,60,Normal,0,0,0,0,2,5.4
7726,S,Tamil Nadu,Madurai,50,Female,84,141,49,Normal,0,0,1,1,1,10.9
7731,S,Tamil Nadu,Madurai,32,Female,95,150,67,Normal,0,0,2,3,1,6.2
7732,S,Tamil Nadu,Madurai,50,Female,80,150,48,Normal,0,0,2,0,2,6.6
7733,S,Tamil Nadu,Kanchipuram,52,Female,96,163,75,Normal,0,0,0,0,3,7.4
7734,NW,Jammu And Kashmir,Kulgam,48,Female,97,159,65,Normal,0,0,0,0,3,7.1
7735,S,Tamil Nadu,Madurai,65,Female,82,146,49,Normal,0,0,1,1,1,5.3
7736,W,Maharashtra,Nagpur,50,Male,85,175,80,Normal,1,0,3,3,3,5.2
7743,S,Tamil Nadu,Madurai,38,Male,102,160,70,Normal,0,0,1,2,2,5.8
7745,S,Tamil Nadu,Kanchipuram,68,Female,102,124,75,Normal,0,0,0,0,3,8.1
7746,S,Tamil Nadu,Kanchipuram,52,Male,71,153,44,Normal,0,0,0,0,1,8.1
7748,S,Tamil Nadu,Madurai,35,Female,97,159,71,Normal,0,0,0,1,2,5.8
7751,W,Maharashtra,Thane,57,Female,95,156,58,Normal,0,0,0,1,1,5.9
7756,W,Maharashtra,Thane,33,Male,94,164,72,Normal,0,0,2,4,4,5.8
7757,S,Andhra Pradesh,Visakhapatnam,62,Female,85,156,63,Normal,0,0,3,1,1,5.4
7758,NE,Tripura,West Tripura,33,Male,76,172,57,Normal,0,0,6,0,3,4.8
7763,W,Maharashtra,Thane,37,Female,85,155,69,Normal,1,0,0,0,6,5.5
7767,W,Maharashtra,Thane,58,Female,86,154,60,Normal,0,0,0,0,1,5.4
7769,W,Maharashtra,Thane,40,Female,94,158,76,Normal,1,1,0,0,1,5.9
7771,NE,Tripura,West Tripura,65,Female,77,170,50,Normal,0,0,6,0,1,5.3
7777,NE,Tripura,West Tripura,31,Male,75,170,71,Normal,0,0,6,1,3,4.9
7779,W,Maharashtra,Thane,36,Female,85,150,62,Normal,0,1,0,0,3,5.4
7783,W,Maharashtra,Thane,30,Female,70,153,53,Normal,0,0,4,0,3,5.1
7788,W,Maharashtra,Thane,47,Female,87,158,65,Normal,0,0,0,1,1,6.4
7789,S,Andhra Pradesh,Visakhapatnam,43,Male,82,160,75,Normal,0,0,0,0,1,7.4
7790,S,Andhra Pradesh,Visakhapatnam,56,Male,85,171,75,Normal,0,0,0,0,1,8.5
7791,C,Madhya Pradesh,Ujjain,63,Female,68,156,56,Normal,0,0,1,1,1,6
7792,W,Maharashtra,Thane,65,Female,80,149,50,Normal,0,0,0,1,1,7
7793,W,Maharashtra,Thane,55,Female,106,150,65,Normal,0,0,0,1,1,6.2
7794,W,Maharashtra,Thane,49,Female,91,152,80,Normal,0,0,0,0,1,6
7795,S,Andhra Pradesh,Visakhapatnam,47,Female,83,130,48,Normal,0,0,0,0,1,5.8
7797,W,Maharashtra,Thane,31,Male,81,172,56,Normal,0,0,0,0,2,5.2
7800,W,Maharashtra,Thane,46,Female,91,160,67,Normal,0,0,0,0,1,5.6
7802,W,Maharashtra,Thane,59,Male,92,152,68,Normal,0,0,0,6,1,5.3
7803,S,Andhra Pradesh,Visakhapatnam,45,Male,90,157,70,Normal,0,0,1,0,1,6.4
7804,W,Maharashtra,Thane,30,Male,114,177,103,Normal,0,0,4,4,5,6.1
7812,W,Maharashtra,Thane,54,Male,107,162,81,Normal,0,0,0,0,1,6.8
7814,W,Maharashtra,Thane,61,Male,87,154,66,Normal,0,0,3,1,1,5.9
7818,S,Andhra Pradesh,Visakhapatnam,63,Female,90,156,60,Normal,0,0,0,1,1,7
7819,S,Andhra Pradesh,Visakhapatnam,62,Male,82,155,55,Normal,1,0,1,2,1,6.6
7822,S,Andhra Pradesh,Visakhapatnam,36,Female,86,162,57,Normal,0,0,4,3,2,6.5
7824,C,Madhya Pradesh,Ujjain,50,Male,96,162,60,Normal,0,0,0,0,3,11
7826,W,Maharashtra,Thane,55,Female,92,165,65,Normal,0,0,0,1,1,6.4
7827,W,Maharashtra,Thane,42,Female,89,157,56,Normal,0,1,0,0,4,5.6
7828,W,Maharashtra,Thane,26,Female,75,152,43,Normal,0,0,0,0,3,5.4
7831,W,Maharashtra,Thane,50,Female,106,154,75,Normal,0,0,0,0,1,5.6
7832,W,Maharashtra,Thane,43,Female,100,151,86,Normal,1,1,4,0,1,6.7
7834,S,Pondicherry,Pondicherry,45,Male,87,166,70,Normal,0,0,0,0,6,5.5
7837,S,Tamil Nadu,Namakkal,46,Male,94,175,80,Normal,0,0,2,6,2,5.4
7838,W,Gujarat,Navsari,21,Female,85,140,60,Normal,0,0,0,0,3,5.8
7840,W,Maharashtra,Nagpur,46,Female,89,160,61,Normal,0,0,4,4,2,5.1
7841,W,Gujarat,Navsari,38,Female,79,155,53,Normal,0,0,0,0,3,5.3
7842,W,Gujarat,Navsari,56,Female,96,153,80,Normal,1,0,0,0,3,7.2
7843,S,Pondicherry,Pondicherry,40,Female,84,156,64,Normal,0,0,2,2,2,5.2
7844,W,Gujarat,Navsari,60,Male,90,166,60,Normal,0,0,0,0,1,6.1
7847,W,Gujarat,Navsari,58,Male,114,166,83,Normal,0,0,0,0,1,9.2
7849,S,Pondicherry,Pondicherry,53,Male,103,168,88,Normal,0,0,0,0,1,6.7
7850,S,Pondicherry,Pondicherry,57,Female,104,158,77,Normal,0,0,1,1,1,10
7855,S,Pondicherry,Pondicherry,37,Female,90,149,69,Normal,0,1,6,0,4,5.3
7856,N,Haryana,Panchkula,62,Male,103,157,75,Normal,0,0,0,0,2,5.9
7857,S,Pondicherry,Pondicherry,50,Male,96,173,80,Normal,0,1,5,4,4,6.2
7859,W,Gujarat,Navsari,50,Female,105,152,79,Normal,1,1,0,0,1,7.3
7861,W,Gujarat,Navsari,36,Female,80,148,55,Normal,0,0,1,0,3,5.7
7862,W,Gujarat,Navsari,51,Male,87,167,87,Normal,0,0,1,3,1,5.6
7864,W,Maharashtra,Nagpur,43,Male,80,178,75,Normal,0,0,3,0,1,5.7
7866,W,Gujarat,Navsari,52,Female,83,148,63,Normal,0,0,0,0,3,7.5
7867,S,Pondicherry,Pondicherry,33,Female,106,156,78,Normal,1,0,0,0,1,5.1
7870,S,Pondicherry,Pondicherry,47,Female,94,145,62,Normal,0,0,6,0,2,8.2
7871,W,Gujarat,Navsari,69,Female,72,157,48,Normal,0,0,0,0,1,6.3
7875,W,Gujarat,Navsari,58,Male,90,171,66,Normal,0,0,0,0,1,10.9
7876,W,Gujarat,Navsari,51,Female,76,143,49,Normal,0,0,0,0,3,6.3
7877,W,Gujarat,Navsari,26,Male,94,168,77,Normal,0,0,0,0,1,5.1
7878,W,Gujarat,Navsari,40,Male,88,175,71,Normal,0,0,1,1,1,5.2
7885,W,Gujarat,Navsari,45,Female,94,160,61,Normal,0,0,0,0,4,5.2
7890,W,Gujarat,Navsari,61,Male,96,152,77,Normal,0,0,0,0,1,7.3
7891,W,Gujarat,Navsari,32,Male,82,165,58,Normal,0,0,6,5,1,5.3
7892,W,Gujarat,Navsari,52,Male,84,172,60,Normal,0,0,0,0,5,6
7893,S,Pondicherry,Pondicherry,42,Male,91,166,60,Normal,1,1,2,5,1,8.6
7900,N,Haryana,Panchkula,55,Male,92,152,80,Normal,0,0,0,3,1,6.5
7902,S,Pondicherry,Pondicherry,32,Female,60,150,85,Normal,0,0,0,0,1,5.6
7903,W,Gujarat,Navsari,52,Female,102,152,71,Normal,0,0,0,0,1,6.9
7904,S,Pondicherry,Pondicherry,42,Female,97,154,68,Normal,0,0,2,3,1,5.2
7905,W,Gujarat,Navsari,45,Female,94,160,80,Normal,0,0,2,2,1,5.6
7907,W,Gujarat,Navsari,42,Female,81,159,55,Normal,0,0,0,0,1,5.5
7908,S,Andaman And Nicobar,Port Blair,39,Male,90,170,78,Normal,0,0,0,0,1,5.5
7909,W,Gujarat,Navsari,63,Male,96,172,78,Normal,0,0,6,0,1,5.3
7910,S,Pondicherry,Pondicherry,37,Female,104,150,74,Normal,1,1,0,0,4,5.2
7912,S,Pondicherry,Pondicherry,36,Female,78,152,73,Normal,1,0,6,5,1,5.1
7913,S,Pondicherry,Pondicherry,48,Female,107,147,80,Normal,0,0,2,2,1,7
7914,S,Pondicherry,Pondicherry,45,Female,94,147,81,Normal,0,1,0,0,1,5.7
7917,S,Pondicherry,Pondicherry,47,Female,84,154,71,Normal,0,0,1,0,1,5.5
7919,S,Pondicherry,Pondicherry,39,Female,97,155,61,Normal,0,0,0,0,1,5.2
7920,S,Pondicherry,Pondicherry,34,Female,93,168,68,Normal,0,1,6,0,1,5.3
7922,S,Pondicherry,Pondicherry,64,Female,98,153,66,Normal,0,0,2,0,1,5.5
7924,W,Maharashtra,Nagpur,60,Male,89,157,62,Normal,0,0,4,4,1,5.3
7925,W,Gujarat,Navsari,69,Male,104,166,80,Normal,0,0,1,0,5,6
7931,W,Gujarat,Navsari,66,Male,100,167,73,Normal,0,0,0,1,2,7.4
7932,W,Maharashtra,Nagpur,42,Female,75,158,62,Normal,0,0,3,3,1,5.1
7933,S,Pondicherry,Pondicherry,43,Male,95,172,76,Normal,1,0,1,0,4,6.6
7934,W,Gujarat,Navsari,59,Female,95,146,69,Normal,0,0,0,0,4,5.8
7935,S,Pondicherry,Pondicherry,38,Female,102,158,61,Normal,0,0,0,0,1,4.7
7936,W,Gujarat,Navsari,38,Female,82,160,65,Normal,0,0,1,0,1,5.8
7937,S,Pondicherry,Pondicherry,37,Female,98,153,70,Normal,0,0,6,6,1,5.4
7940,W,Maharashtra,Nagpur,30,Female,99,155,58,Normal,1,0,4,4,1,5.3
7942,W,Gujarat,Navsari,47,Female,99,151,85,Normal,1,0,2,0,3,5.8
7943,S,Tamil Nadu,Namakkal,49,Male,87,158,58,Normal,0,0,4,0,1,5.6
7946,W,Maharashtra,Nagpur,30,Male,90,178,80,Normal,0,0,3,1,1,5.3
7948,S,Pondicherry,Pondicherry,44,Female,100,153,67,Normal,0,0,0,0,2,7.3
7950,W,Gujarat,Navsari,55,Female,121,154,88,Normal,0,1,0,0,1,7
7952,W,Gujarat,Navsari,48,Male,119,171,99,Normal,0,1,0,6,1,5.8
7953,S,Pondicherry,Pondicherry,44,Female,100,151,70,Normal,0,0,0,0,1,6.8
7954,W,Gujarat,Navsari,42,Male,94,167,74,Normal,0,0,0,0,1,5.7
7956,S,Pondicherry,Pondicherry,38,Male,96,167,77,Normal,0,0,6,0,3,5.2
7957,W,Gujarat,Navsari,47,Female,88,145,58,Normal,0,0,0,0,6,5.7
7958,W,Gujarat,Navsari,36,Female,96,167,80,Normal,0,0,0,0,2,6.3
7961,N,Delhi,North West Delhi,36,Male,91,160,75,Normal,0,0,1,2,1,5.6
7964,S,Pondicherry,Pondicherry,55,Female,100,150,67,Normal,1,0,5,0,1,10.4
7965,W,Gujarat,Navsari,66,Male,93,167,69,Normal,1,0,0,0,4,5.2
7967,W,Gujarat,Navsari,55,Female,81,148,52,Normal,0,0,6,0,3,6.6
7968,W,Maharashtra,Nagpur,22,Male,80,179,70,Normal,1,0,3,1,1,4.7
7969,W,Gujarat,Navsari,48,Female,92,152,65,Normal,0,0,0,0,4,5.8
7971,S,Andaman And Nicobar,Port Blair,34,Male,89,160,60,Normal,1,1,2,0,3,5.4
7974,W,Gujarat,Navsari,46,Female,99,156,90,Normal,0,1,2,2,2,7
7975,S,Pondicherry,Pondicherry,37,Female,83,160,61,Normal,1,1,0,1,3,5.5
7978,W,Gujarat,Navsari,46,Female,94,152,63,Normal,0,0,0,0,1,5.4
7979,W,Gujarat,Navsari,25,Female,69,157,48,Normal,0,0,0,0,4,5.5
7980,W,Gujarat,Navsari,39,Male,74,174,50,Normal,0,0,0,0,2,5
7981,W,Gujarat,Navsari,45,Female,84,152,64,Normal,0,0,6,1,6,5.6
7984,W,Gujarat,Navsari,62,Male,87,157,60,Normal,0,0,0,0,3,6.2
7985,W,Gujarat,Navsari,54,Male,99,170,82,Normal,0,0,0,0,4,8.1
7987,W,Gujarat,Navsari,62,Male,102,168,75,Normal,0,0,3,0,2,5.8
7989,W,Gujarat,Navsari,28,Female,63,153,44,Normal,0,0,0,0,2,6.1
7993,W,Gujarat,Navsari,61,Female,84,148,56,Normal,0,1,2,0,1,5.9
7996,W,Gujarat,Navsari,70,Female,93,151,67,Normal,0,0,0,0,3,5.9
7997,W,Gujarat,Navsari,29,Female,104,153,69,Normal,1,0,0,0,3,4.6
7998,W,Gujarat,Navsari,70,Female,80,152,46,Normal,0,0,2,0,6,5.6
7999,W,Maharashtra,Nagpur,53,Female,99,162,68,Normal,0,1,4,4,2,5
8004,S,Pondicherry,Pondicherry,43,Male,101,168,80,Normal,1,0,0,0,3,5.5
8005,S,Pondicherry,Pondicherry,46,Female,101,160,69,Normal,0,1,5,5,4,6
8006,S,Pondicherry,Pondicherry,32,Female,89,152,65,Normal,1,1,0,0,6,5.6
8007,W,Maharashtra,Nagpur,53,Female,70,160,70,Normal,0,0,2,1,3,6.3
8009,W,Gujarat,Navsari,45,Female,91,158,72,Normal,1,0,3,0,3,5.4
8012,W,Gujarat,Navsari,57,Male,104,170,78,Normal,0,0,0,0,1,11
8013,W,Maharashtra,Nagpur,45,Female,89,152,65,Normal,0,0,4,4,2,5.3
8014,S,Pondicherry,Pondicherry,27,Male,86,174,72,Normal,0,0,0,0,2,5.5
8016,S,Pondicherry,Pondicherry,70,Male,89,165,62,Normal,0,0,0,0,1,5.4
8017,W,Gujarat,Navsari,20,Male,66,157,45,Normal,0,0,1,0,6,5.2
8018,S,Pondicherry,Pondicherry,35,Male,90,170,72,Normal,0,0,6,0,5,5.7
8023,W,Gujarat,Navsari,47,Male,92,152,84,Normal,0,1,0,0,3,10.4
8025,S,Pondicherry,Pondicherry,50,Male,99,178,80,Normal,0,1,0,0,2,6.3
8026,S,Pondicherry,Pondicherry,35,Male,96,165,75,Normal,0,0,3,4,2,6.2
8027,W,Gujarat,Navsari,55,Female,113,162,80,Normal,1,1,3,3,4,6.7
8028,S,Pondicherry,Pondicherry,55,Female,102,148,60,Normal,0,0,1,1,1,6.7
8029,S,Pondicherry,Pondicherry,57,Male,91,174,70,Normal,0,0,0,0,1,5.3
8031,W,Maharashtra,Nagpur,39,Male,99,172,85,Normal,1,0,3,3,3,5.3
8035,S,Pondicherry,Pondicherry,63,Female,96,154,63,Normal,0,0,0,0,1,5.5
8045,E,Jharkhand,Ranchi,45,Male,82,164,62,Normal,0,0,4,4,4,6.1
8046,C,Chhattisgarh,Raipur,25,Male,89,171,71,Normal,0,0,0,0,2,4.2
8055,W,Gujarat,Surat,30,Female,76,150,50,Normal,0,0,0,0,1,5.3
8058,S,Tamil Nadu,Salem,63,Female,103,147,65,Normal,1,1,0,0,2,6.2
8060,S,Tamil Nadu,Salem,47,Female,113,152,75,Normal,1,0,0,0,1,7
8063,S,Tamil Nadu,Salem,44,Female,116,158,78,Normal,0,0,2,2,2,5.8
8070,E,Jharkhand,Ranchi,48,Female,95,141,52,Normal,0,0,4,4,5,4.7
8075,W,Gujarat,Surat,46,Female,83,155,65,Normal,0,0,0,0,1,4.8
8077,C,Chhattisgarh,Raipur,55,Female,92,154,59,Normal,0,0,6,6,1,5.7
8081,W,Gujarat,Surat,43,Male,92,160,64,Normal,0,1,0,0,1,5.7
8083,W,Gujarat,Surat,42,Male,98,165,75,Normal,0,0,0,0,1,5.8
8085,S,Tamil Nadu,Salem,37,Female,84,152,66,Normal,0,0,5,0,5,5.2
8086,W,Gujarat,Surat,46,Male,100,160,71,Normal,0,0,0,0,1,7.2
8087,S,Tamil Nadu,Salem,32,Male,82,166,58,Normal,0,0,0,0,4,5.3
8097,W,Gujarat,Surat,42,Male,96,161,69,Normal,0,0,6,0,1,4.8
8099,W,Gujarat,Surat,28,Male,87,170,53,Normal,0,0,0,0,1,5.6
8106,E,Jharkhand,Ranchi,56,Female,110,150,81,Normal,0,0,0,0,1,5.9
8107,C,Madhya Pradesh,Raisen,28,Female,67,145,45,Normal,0,0,0,0,1,5.2
8110,W,Gujarat,Surat,39,Female,84,155,61,Normal,0,1,0,0,2,10.8
8121,S,Tamil Nadu,Salem,53,Female,118,152,76,Normal,0,0,0,0,1,9.7
8122,C,Madhya Pradesh,Raisen,33,Male,87,168,60,Normal,0,0,1,1,3,4.3
8124,W,Gujarat,Surat,48,Male,98,168,78,Normal,1,0,0,0,2,5.1
8125,C,Chhattisgarh,Raipur,35,Female,94,152,64,Normal,0,0,0,0,4,4.8
8126,C,Chhattisgarh,Raipur,30,Female,87,152,46,Normal,0,0,1,0,1,5.1
8130,W,Gujarat,Surat,53,Female,84,155,63,Normal,0,0,0,0,1,5.5
8133,W,Gujarat,Surat,45,Male,89,170,64,Normal,0,0,0,0,3,5.9
8134,W,Gujarat,Surat,44,Male,105,166,84,Normal,1,1,0,0,1,5.4
8135,W,Gujarat,Surat,43,Female,88,140,59,Normal,0,1,4,0,2,6
8136,C,Madhya Pradesh,Raisen,39,Female,74,148,47,Normal,0,0,0,0,4,5.4
8137,W,Gujarat,Surat,40,Male,83,158,60,Normal,1,0,0,0,3,5.1
8139,S,Tamil Nadu,Salem,74,Male,84,164,56,Normal,0,0,0,0,2,5.6
8143,W,Gujarat,Surat,46,Female,85,150,58,Normal,0,0,0,0,1,5.6
8145,E,Jharkhand,Ranchi,30,Male,92,168,65,Normal,0,0,0,0,1,4.8
8146,C,Madhya Pradesh,Raisen,62,Female,95,142,59,Normal,0,0,0,0,4,5.6
8147,NW,Jammu And Kashmir,Samba,40,Female,82,145,60,Normal,0,0,1,2,4,5.8
8149,NW,Jammu And Kashmir,Samba,70,Male,88,184,74,Normal,0,0,3,1,1,5.9
8151,NW,Jammu And Kashmir,Samba,52,Female,88,153,82,Normal,0,0,3,1,2,6.3
8154,W,Gujarat,Surat,50,Male,87,160,65,Normal,0,0,6,0,1,6.1
8156,NW,Jammu And Kashmir,Samba,38,Male,92,162,66,Normal,0,0,3,2,4,5.8
8160,NW,Jammu And Kashmir,Samba,42,Male,88,176,78,Normal,0,0,2,2,2,5
8161,W,Gujarat,Surat,47,Female,84,148,60,Normal,0,0,0,0,1,5.7
8164,S,Tamil Nadu,Salem,45,Male,96,172,57,Normal,0,1,0,1,1,5.1
8170,NW,Jammu And Kashmir,Samba,60,Female,109,155,75,Normal,0,0,0,0,2,5
8180,W,Gujarat,Surat,37,Female,77,155,50,Normal,0,0,0,0,1,5.6
8183,S,Tamil Nadu,Salem,49,Female,102,161,69,Normal,1,0,0,5,1,6.7
8188,S,Tamil Nadu,Salem,38,Female,102,161,76,Normal,0,1,0,0,1,5.3
8190,S,Tamil Nadu,Salem,36,Female,115,154,73,Normal,0,0,0,0,1,5.4
8192,C,Madhya Pradesh,Raisen,42,Male,93,176,72,Normal,0,0,0,0,4,6.3
8197,S,Tamil Nadu,Salem,65,Male,103,163,70,Normal,0,0,0,6,1,7.4
8201,S,Tamil Nadu,Salem,49,Female,96,163,84,Normal,0,0,0,0,1,5.8
8202,S,Tamil Nadu,Salem,59,Male,88,170,72,Normal,0,0,0,0,4,5.7
8215,S,Andhra Pradesh,Visakhapatnam,44,Male,85,153,73,Normal,0,0,0,0,1,6.4
8218,S,Karnataka,Bangalore,64,Male,92,166,58,Normal,0,0,6,3,6,6
8220,W,Maharashtra,Ahmednagar,70,Male,99,165,60,Normal,0,0,1,1,2,7.2
8232,S,Karnataka,Bangalore,25,Female,76,151,54,Normal,0,0,6,2,4,4.8
8239,S,Karnataka,Bangalore,59,Female,80,167,76,Normal,0,0,3,0,1,5.1
8240,S,Karnataka,Bangalore,27,Female,85,173,75,Normal,0,0,1,0,2,5.6
8241,S,Karnataka,Bangalore,34,Female,98,155,57,Normal,0,1,4,0,5,5.7
8254,S,Karnataka,Bangalore,38,Male,75,159,50,Normal,0,0,1,1,3,5.7
8276,E,Orissa,Balasore,35,Male,90,160,68,Normal,0,0,1,2,2,5
8280,S,Karnataka,Bangalore,48,Male,121,165,99,Normal,1,0,6,0,1,6
8283,S,Karnataka,Bangalore,52,Female,92,158,69,Normal,0,0,6,0,1,6.1
8288,S,Karnataka,Bangalore,63,Female,80,154,53,Normal,0,0,1,0,2,7.2
8290,S,Karnataka,Bangalore,62,Male,89,155,57,Normal,0,0,1,6,4,6.6
8294,S,Andhra Pradesh,Anantapur,34,Male,74,155,56,Normal,0,0,0,0,1,4.7
8295,S,Andhra Pradesh,Anantapur,38,Female,85,170,75,Normal,0,0,2,2,2,4.6
8297,S,Andhra Pradesh,Anantapur,58,Male,78,170,60,Normal,0,0,0,0,4,5.4
8310,NW,Jammu And Kashmir,Anantnag,48,Female,91,140,80,Normal,0,0,0,0,1,4.5
8314,S,Karnataka,Bangalore,45,Female,91,147,61,Normal,0,0,2,1,3,5.9
8342,S,Karnataka,Bangalore,52,Male,79,161,55,Normal,0,0,0,0,1,11.8
8343,S,Karnataka,Bangalore,65,Male,84,155,43,Normal,0,0,2,2,6,5.6
8347,S,Karnataka,Bangalore,47,Female,102,152,72,Normal,0,0,6,0,3,6.2
8351,S,Karnataka,Bangalore,47,Male,77,162,54,Normal,0,0,0,6,6,5.4
8352,S,Karnataka,Bangalore,54,Female,97,146,68,Normal,0,1,6,0,1,5.1
8353,S,Karnataka,Bangalore,47,Male,103,167,73,Normal,0,0,6,4,5,6.2
8354,S,Karnataka,Bangalore,30,Female,83,159,64,Normal,0,0,5,0,2,5.3
8357,S,Karnataka,Bangalore,52,Male,105,167,82,Normal,1,1,1,2,6,5.1
8358,S,Karnataka,Bangalore,43,Male,93,168,70,Normal,0,0,6,0,1,5.1
8359,S,Karnataka,Bangalore,47,Male,105,157,85,Normal,0,0,6,0,1,6.7
8364,S,Karnataka,Bangalore,40,Female,100,148,76,Normal,0,1,5,0,1,5.6
8366,S,Karnataka,Bangalore,41,Female,81,156,62,Normal,0,1,6,0,3,5.2
8377,S,Karnataka,Bangalore,35,Male,100,160,74,Normal,0,0,3,0,2,6.6
8394,S,Andhra Pradesh,Anantapur,43,Female,88,165,62,Normal,0,0,1,1,1,5.1
8396,S,Karnataka,Bangalore,38,Female,90,160,71,Normal,0,0,2,0,1,5.5
8397,W,Rajasthan,Ajmer,46,Female,103,157,70,Normal,0,0,0,0,1,6.4
8400,S,Andhra Pradesh,Anantapur,60,Male,87,160,60,Normal,0,0,3,2,2,5.4
8401,S,Andhra Pradesh,Anantapur,43,Female,80,170,70,Normal,0,0,3,3,1,5
8403,S,Andhra Pradesh,Anantapur,52,Male,80,170,70,Normal,0,0,1,1,3,5
8404,S,Andhra Pradesh,Anantapur,45,Female,80,170,60,Normal,1,1,1,1,3,4.8
8405,S,Andhra Pradesh,Anantapur,80,Female,85,156,65,Normal,0,0,1,1,1,4.8
8413,NW,Jammu And Kashmir,Jammu,56,Male,93,180,70,Normal,0,0,5,2,4,10.6
8417,S,Andhra Pradesh,Anantapur,53,Male,80,170,70,Normal,0,0,3,3,1,5.3
8423,S,Karnataka,Bangalore,39,Male,90,165,70,Normal,1,1,6,6,1,5.2
8424,W,Rajasthan,Ajmer,67,Male,98,166,70,Normal,0,0,0,0,4,5.4
8426,W,Rajasthan,Ajmer,65,Male,87,161,50,Normal,0,0,0,0,1,6.2
8431,S,Tamil Nadu,Madurai,45,Male,87,160,71,Normal,0,1,6,6,1,11.4
8433,S,Tamil Nadu,Madurai,43,Male,98,155,70,Normal,0,1,0,6,2,8.3
8434,S,Tamil Nadu,Madurai,45,Male,87,156,52,Normal,0,0,1,6,2,6.8
8435,S,Tamil Nadu,Madurai,41,Female,94,154,64,Normal,0,0,3,5,2,5
8437,S,Andhra Pradesh,Anantapur,63,Male,70,159,95,Normal,0,0,0,0,1,6.6
8438,S,Andhra Pradesh,Anantapur,58,Male,87,164,62,Normal,0,0,0,0,1,5
8444,S,Andhra Pradesh,Anantapur,65,Female,92,152,92,Normal,0,0,1,1,1,4.5
8451,S,Karnataka,Bangalore,37,Male,97,172,80,Normal,0,0,4,6,3,4.9
8455,C,Madhya Pradesh,Bhopal,30,Female,85,167,59,Normal,0,1,0,0,1,5
8458,C,Madhya Pradesh,Bhopal,40,Female,74,152,48,Normal,1,0,6,6,1,5
8459,E,Jharkhand,Hazaribag,60,Female,100,150,60,Normal,0,0,2,3,1,4.8
8460,C,Madhya Pradesh,Bhopal,52,Male,91,171,75,Normal,0,0,0,0,2,5.3
8462,E,West Bengal,Bardhaman,40,Female,80,152,46,Normal,1,1,6,5,1,5.4
8463,NW,Jammu And Kashmir,Jammu,67,Male,98,166,65,Normal,0,0,6,0,1,6.1
8464,NE,Meghalaya,East Khasi Hills,44,Female,109,153,76,Normal,0,0,6,0,1,5.1
8465,NE,Manipur,Imphal West,40,Female,94,154,56,Normal,0,0,2,2,4,5.1
8466,NE,Meghalaya,East Khasi Hills,46,Male,82,160,52,Normal,0,0,6,0,1,9.8
8472,E,West Bengal,Bankura,56,Male,86,167,64,Normal,0,0,0,0,2,5.6
8473,NE,Meghalaya,East Khasi Hills,41,Female,149,149,63,Normal,0,0,0,0,3,5.6
8474,N,Chandigarh,Chandigarh,48,Male,82,168,55,Normal,0,0,6,0,1,12.3
8476,NE,Meghalaya,East Khasi Hills,60,Female,117,147,83,Normal,0,0,6,0,1,6.1
8477,C,Madhya Pradesh,Bhopal,27,Male,89,164,63,Normal,1,1,6,6,2,5.6
8481,NE,Manipur,Imphal West,42,Female,98,154,69,Normal,0,0,2,2,2,5.3
8492,NW,Jammu And Kashmir,Jammu,70,Female,99,150,84,Normal,0,0,0,0,1,5.5
8499,NE,Meghalaya,East Khasi Hills,52,Female,86,160,50,Normal,0,0,5,1,1,5.2
8501,C,Madhya Pradesh,Bhopal,20,Male,90,173,66,Normal,0,0,0,0,1,4.9
8504,C,Madhya Pradesh,Gwalior,53,Female,60,163,65,Normal,0,0,0,0,4,6.9
8506,S,Karnataka,Bangalore,26,Male,78,168,55,Normal,0,0,2,1,2,5.4
8515,E,Orissa,Bargarh,39,Female,78,149,78,Normal,0,0,1,1,1,5.3
8518,NE,Meghalaya,East Khasi Hills,46,Female,107,164,73,Normal,0,0,6,0,1,6.1
8522,NE,Manipur,Imphal West,63,Female,105,157,71,Normal,0,0,2,1,4,6.7
8524,C,Madhya Pradesh,Gwalior,60,Female,103,159,90,Normal,0,0,0,0,1,6.7
8527,E,West Bengal,Bardhaman,58,Male,85,167,67,Normal,0,0,4,6,4,6.5
8532,C,Madhya Pradesh,Bhopal,40,Male,84,164,55,Normal,0,0,6,6,5,5.3
8534,E,Jharkhand,Hazaribag,55,Female,100,160,50,Normal,0,0,1,3,2,5.8
8536,S,Karnataka,Bangalore,44,Female,99,163,87,Normal,0,0,6,0,4,5.9
8537,C,Madhya Pradesh,Bhopal,27,Female,115,157,78,Normal,0,0,0,0,2,5.5
8540,C,Madhya Pradesh,Bhopal,30,Female,80,151,43,Normal,0,0,1,1,1,5.4
8543,E,Orissa,Bargarh,45,Female,87,155,61,Normal,0,0,0,0,1,4.5
8544,C,Madhya Pradesh,Bhopal,60,Female,108,157,95,Normal,1,0,6,2,4,4.1
8548,NE,Meghalaya,East Khasi Hills,40,Female,80,156,64,Normal,0,1,0,0,2,6.8
8552,C,Madhya Pradesh,Bhopal,41,Male,89,164,53,Normal,0,0,0,0,5,12.9
8560,NE,Meghalaya,East Khasi Hills,48,Male,94,162,75,Normal,0,0,6,0,1,4.9
8562,NE,Meghalaya,East Khasi Hills,42,Female,106,152,70,Normal,0,0,5,4,2,5.4
8563,E,Jharkhand,Hazaribag,40,Male,96,170,73,Normal,0,1,2,1,2,5.7
8564,E,West Bengal,Bardhaman,35,Female,78,161,54,Normal,0,0,2,6,1,5.2
8566,NW,Jammu And Kashmir,Jammu,45,Male,92,165,61,Normal,0,0,0,0,2,5
8570,S,Karnataka,Bangalore,39,Female,90,155,55,Normal,0,0,6,6,3,5.5
8573,S,Karnataka,Bangalore,47,Male,92,161,66,Normal,1,0,6,0,3,5.9
8576,S,Karnataka,Bangalore,25,Male,79,164,88,Normal,0,0,6,0,1,5.3
8581,N,Chandigarh,Chandigarh,69,Female,98,160,64,Normal,0,0,0,0,4,6.2
8583,NW,Jammu And Kashmir,Jammu,40,Female,96,161,52,Normal,0,0,0,0,1,5.3
8584,NW,Jammu And Kashmir,Jammu,51,Female,107,160,75,Normal,0,0,0,0,1,5.8
8593,S,Karnataka,Bangalore,55,Female,105,160,62,Normal,0,0,0,0,3,6
8597,NW,Jammu And Kashmir,Jammu,57,Male,102,160,66,Normal,0,0,0,0,2,5.8
8603,S,Karnataka,Hassan,48,Male,87,168,62,Normal,0,0,0,0,1,9.8
8608,E,Jharkhand,Hazaribag,24,Female,137,152,105,Normal,0,0,3,3,4,5.7
8609,S,Karnataka,Bangalore,60,Male,106,164,74,Normal,1,1,2,3,3,5.9
8613,E,Jharkhand,Hazaribag,68,Male,93,165,72,Normal,1,1,1,6,2,6.5
8617,E,Jharkhand,Hazaribag,60,Female,78,160,42,Normal,1,0,2,1,1,8.3
8618,E,Jharkhand,Hazaribag,66,Male,96,170,70,Normal,0,0,0,0,1,5.5
8620,E,West Bengal,Bankura,55,Female,72,151,85,Normal,0,0,2,2,2,7.4
8624,S,Tamil Nadu,Madurai,38,Male,81,169,65,Normal,1,1,0,0,1,5.6
8626,S,Tamil Nadu,Madurai,28,Female,96,153,69,Normal,0,0,0,4,2,5.3
8627,S,Tamil Nadu,Madurai,32,Female,93,153,76,Normal,0,0,1,2,1,6
8628,W,Rajasthan,Nagaur,42,Male,93,177,80,Normal,0,0,0,0,1,5.2
8630,NW,Jammu And Kashmir,Kulgam,35,Male,90,163,64,Normal,0,0,0,0,3,5.4
8632,S,Tamil Nadu,Madurai,55,Female,98,153,61,Normal,0,0,2,0,2,6.1
8633,NW,Jammu And Kashmir,Kathua,67,Male,110,164,74,Normal,0,0,0,0,2,5
8635,S,Tamil Nadu,Kanchipuram,45,Female,76,138,59,Normal,0,1,0,0,1,6.2
8638,S,Tamil Nadu,Kanchipuram,40,Female,86,146,59,Normal,0,0,1,0,1,5.5
8644,S,Tamil Nadu,Kanchipuram,65,Male,91,176,64,Normal,0,0,0,0,2,5.6
8645,S,Tamil Nadu,Kanchipuram,42,Female,77,156,51,Normal,0,0,0,0,1,6.1
8646,S,Tamil Nadu,Kanchipuram,50,Female,89,156,74,Normal,0,0,3,2,4,6.4
8647,S,Tamil Nadu,Kanchipuram,53,Female,87,124,62,Normal,0,0,0,0,3,6
8649,S,Tamil Nadu,Madurai,48,Male,86,165,63,Normal,0,0,2,2,2,5.6
8651,S,Tamil Nadu,Kanchipuram,49,Male,99,166,52,Normal,0,0,0,0,1,5.2
8652,S,Tamil Nadu,Madurai,30,Female,82,153,56,Normal,0,0,2,3,1,5.5
8653,S,Tamil Nadu,Madurai,45,Male,92,159,65,Normal,0,0,1,2,2,5.7
8658,S,Tamil Nadu,Madurai,30,Female,87,152,66,Normal,0,0,2,2,1,5.6
8659,NW,Jammu And Kashmir,Kathua,25,Male,88,179,59,Normal,0,0,2,1,2,5.2
8660,S,Tamil Nadu,Madurai,37,Female,74,150,48,Normal,0,0,3,1,4,5.4
8662,S,Tamil Nadu,Kanchipuram,58,Female,89,162,59,Normal,0,0,4,4,2,10.4
8663,NW,Jammu And Kashmir,Kulgam,47,Male,100,168,58,Normal,0,1,0,0,4,5.7
8664,S,Tamil Nadu,Madurai,28,Female,74,150,47,Normal,0,0,1,2,2,5.6
8665,S,Tamil Nadu,Kanchipuram,50,Female,96,150,78,Normal,0,0,0,0,1,5.4
8670,S,Tamil Nadu,Kanchipuram,60,Female,67,122,52,Normal,0,0,2,4,1,5.4
8672,S,Tamil Nadu,Kanchipuram,40,Male,93,153,58,Normal,0,0,0,0,1,6.4
8673,S,Tamil Nadu,Madurai,60,Female,81,149,57,Normal,0,0,0,5,3,6
8675,S,Tamil Nadu,Madurai,37,Female,92,147,60,Normal,0,0,2,1,1,5.7
8676,S,Tamil Nadu,Kanchipuram,45,Male,86,164,55,Normal,0,0,1,0,1,4.9
8677,S,Tamil Nadu,Madurai,30,Female,84,149,57,Normal,0,0,0,1,1,5.5
8679,S,Tamil Nadu,Madurai,28,Female,89,159,64,Normal,0,0,3,2,1,6.3
8681,S,Tamil Nadu,Madurai,24,Female,69,149,48,Normal,0,0,1,1,1,5.6
8682,S,Tamil Nadu,Kanchipuram,39,Female,85,152,62,Normal,0,0,0,0,1,5.3
8684,W,Rajasthan,Nagaur,38,Female,105,156,72,Normal,0,1,0,0,1,4.8
8685,W,Rajasthan,Nagaur,42,Male,99,164,65,Normal,0,0,0,0,3,4.6
8688,S,Tamil Nadu,Kanchipuram,60,Female,82,145,56,Normal,0,0,0,0,1,6.3
8689,NW,Jammu And Kashmir,Kathua,41,Female,92,159,62,Normal,0,0,0,0,2,5.2
8690,S,Tamil Nadu,Madurai,40,Female,97,159,73,Normal,0,0,1,3,1,5.7
8691,S,Tamil Nadu,Kanchipuram,50,Female,73,153,50,Normal,0,0,0,0,1,5.5
8692,S,Tamil Nadu,Madurai,31,Female,89,178,76,Normal,1,0,1,2,3,5.1
8693,S,Tamil Nadu,Madurai,33,Female,90,147,65,Normal,0,0,3,1,1,5.7
8697,S,Karnataka,Kolar,25,Male,70,176,54,Normal,0,0,6,3,6,4.8
8699,S,Tamil Nadu,Kanchipuram,56,Male,95,170,72,Normal,0,0,4,3,1,6.9
8700,S,Tamil Nadu,Madurai,70,Male,67,167,54,Normal,0,0,3,1,1,5.7
8702,S,Tamil Nadu,Kanchipuram,32,Female,91,152,69,Normal,1,0,0,0,1,5.7
8705,NW,Jammu And Kashmir,Kathua,28,Female,88,179,75,Normal,0,0,2,2,2,4.7
8706,S,Tamil Nadu,Kanchipuram,57,Female,101,156,80,Normal,0,0,0,0,1,7
8707,S,Tamil Nadu,Madurai,45,Female,78,157,56,Normal,0,0,3,0,3,6.4
8708,S,Tamil Nadu,Kanchipuram,61,Male,72,156,51,Normal,0,0,0,0,1,6.1
8709,S,Tamil Nadu,Kanchipuram,22,Male,64,163,64,Normal,0,0,1,6,1,5.3
8711,S,Tamil Nadu,Kanchipuram,48,Male,64,155,83,Normal,0,0,0,0,1,5.9
8713,S,Tamil Nadu,Kanchipuram,60,Male,72,161,49,Normal,0,0,0,0,1,5.4
8714,S,Tamil Nadu,Kanchipuram,27,Male,90,173,69,Normal,0,0,2,3,2,4.8
8715,S,Tamil Nadu,Kanchipuram,56,Female,88,146,56,Normal,0,0,4,0,1,5.3
8717,NW,Jammu And Kashmir,Kathua,50,Female,97,158,62,Normal,0,0,0,0,3,5.2
8720,NW,Jammu And Kashmir,Kathua,30,Male,93,160,72,Normal,0,0,0,6,3,5.3
8723,W,Rajasthan,Nagaur,55,Male,116,181,95,Normal,0,0,1,1,2,6.2
8725,S,Tamil Nadu,Madurai,55,Female,89,142,50,Normal,0,0,1,1,2,6.1
8726,W,Maharashtra,Nagpur,60,Female,80,173,80,Normal,0,0,4,3,1,5.7
8729,S,Tamil Nadu,Kanchipuram,42,Female,86,124,64,Normal,0,0,6,6,3,9.6
8730,NW,Jammu And Kashmir,Kathua,22,Male,103,171,73,Normal,0,0,6,6,2,5.3
8734,S,Tamil Nadu,Madurai,47,Male,74,163,48,Normal,0,0,4,1,1,5.7
8736,W,Maharashtra,Thane,54,Female,90,159,65,Normal,0,0,0,0,3,11.9
8744,S,Andhra Pradesh,Visakhapatnam,50,Female,112,145,59,Normal,0,0,5,5,1,5.9
8747,W,Maharashtra,Thane,45,Female,98,158,68,Normal,0,0,6,0,1,5.3
8750,NE,Tripura,West Tripura,63,Male,79,177,90,Normal,0,0,6,0,2,6
8752,S,Andhra Pradesh,Visakhapatnam,59,Male,82,160,69,Normal,0,0,1,1,1,6.6
8764,W,Maharashtra,Thane,22,Female,81,157,53,Normal,0,0,0,0,3,5.4
8772,W,Maharashtra,Thane,40,Female,80,152,55,Normal,0,0,0,0,6,5.3
8788,C,Madhya Pradesh,Ujjain,55,Female,89,150,58,Normal,1,0,3,0,4,8.8
8794,W,Maharashtra,Thane,40,Female,100,173,70,Normal,0,0,0,0,2,6
8809,W,Maharashtra,Thane,24,Female,98,162,76,Normal,0,0,0,0,3,5.3
8810,W,Maharashtra,Thane,29,Female,79,157,59,Normal,0,0,0,0,2,5.8
8811,W,Maharashtra,Thane,49,Female,100,166,71,Normal,0,0,0,0,3,5.1
8812,W,Maharashtra,Thane,36,Female,86,152,54,Normal,0,1,0,0,3,6.1
8815,W,Maharashtra,Thane,48,Female,87,166,65,Normal,0,1,3,0,3,5.2
8816,S,Andhra Pradesh,Visakhapatnam,45,Female,96,152,69,Normal,0,0,5,4,2,4.9
8817,S,Andaman And Nicobar,Port Blair,44,Female,85,150,46,Normal,0,0,2,2,1,5.3
8818,W,Gujarat,Navsari,60,Male,93,158,67,Normal,0,0,0,0,3,5.7
8820,S,Andaman And Nicobar,Port Blair,58,Female,108,170,64,Normal,0,0,1,1,1,10.6
8822,S,Andaman And Nicobar,Port Blair,37,Female,98,161,84,Normal,0,1,1,1,4,5.8
8825,S,Pondicherry,Pondicherry,35,Female,103,154,75,Normal,0,0,0,0,3,5.4
8827,S,Andaman And Nicobar,Port Blair,56,Male,106,170,85,Normal,0,0,0,0,1,5.3
8829,W,Gujarat,Navsari,44,Female,85,150,62,Normal,0,0,0,0,1,5.8
8834,S,Pondicherry,Pondicherry,50,Female,82,147,64,Normal,0,0,0,0,2,5.7
8835,W,Gujarat,Navsari,39,Female,92,149,66,Normal,0,0,0,0,6,6.1
8838,S,Pondicherry,Pondicherry,59,Male,92,157,64,Normal,0,0,5,0,3,6.3
8844,W,Maharashtra,Nagpur,40,Female,99,152,62,Normal,0,1,4,4,2,4.9
8846,W,Gujarat,Navsari,52,Male,97,162,68,Normal,0,0,0,0,1,4.1
8847,S,Pondicherry,Pondicherry,53,Female,66,153,53,Normal,0,1,0,0,1,5.6
8848,S,Pondicherry,Pondicherry,40,Female,98,163,71,Normal,0,0,1,2,1,6.3
8849,S,Pondicherry,Pondicherry,34,Female,89,152,51,Normal,0,0,3,5,3,5.3
8850,W,Gujarat,Navsari,44,Female,84,147,69,Normal,0,0,0,0,1,5.7
8851,S,Pondicherry,Pondicherry,40,Male,99,172,86,Normal,0,0,3,1,4,5.5
8856,S,Pondicherry,Pondicherry,55,Male,98,158,62,Normal,0,0,0,0,5,7.3
8858,S,Pondicherry,Pondicherry,46,Male,109,167,81,Normal,1,0,0,0,1,5.8
8859,W,Gujarat,Navsari,33,Female,68,153,48,Normal,0,0,0,0,4,6.1
8860,W,Gujarat,Navsari,48,Male,100,167,74,Normal,0,0,0,0,3,6.6
8861,W,Maharashtra,Nagpur,48,Female,99,155,65,Normal,0,1,4,4,4,5.5
8862,W,Gujarat,Navsari,35,Female,97,159,65,Normal,0,0,5,4,3,5.8
8863,W,Gujarat,Navsari,35,Female,79,162,52,Normal,0,0,0,0,2,5.3
8865,W,Gujarat,Navsari,60,Male,120,167,100,Normal,0,0,0,0,2,6.2
8866,W,Gujarat,Navsari,41,Male,95,177,83,Normal,0,0,5,4,3,5.4
8867,S,Pondicherry,Pondicherry,50,Female,96,165,60,Normal,1,0,4,4,3,6.7
8868,S,Andaman And Nicobar,Port Blair,58,Male,100,155,56,Normal,0,0,1,1,1,6.4
8873,S,Pondicherry,Pondicherry,39,Male,84,168,63,Normal,0,0,6,0,1,7.7
8874,W,Gujarat,Navsari,68,Male,114,170,90,Normal,1,1,0,0,2,13.3
8875,W,Gujarat,Navsari,58,Female,99,152,70,Normal,0,0,0,0,2,11.1
8876,W,Gujarat,Navsari,41,Female,85,157,65,Normal,1,1,2,0,4,5.7
8877,W,Maharashtra,Nagpur,40,Female,79,152,61,Normal,1,0,0,0,3,6.2
8878,S,Pondicherry,Pondicherry,46,Female,98,161,58,Normal,1,0,2,2,4,5.8
8880,W,Gujarat,Navsari,39,Female,86,157,65,Normal,0,0,4,0,4,5.6
8881,S,Pondicherry,Pondicherry,50,Male,108,155,75,Normal,0,0,1,1,1,9.1
8883,W,Gujarat,Navsari,50,Female,97,144,55,Normal,0,0,0,0,3,7.9
8884,W,Gujarat,Navsari,59,Male,100,165,80,Normal,0,0,0,0,1,5.6
8885,W,Maharashtra,Nagpur,60,Female,99,151,62,Normal,0,1,4,4,2,5.5
8886,W,Gujarat,Navsari,58,Female,95,145,70,Normal,0,0,0,0,1,6.3
8888,W,Maharashtra,Nagpur,45,Male,80,179,75,Normal,1,0,3,1,1,4.8
8889,S,Pondicherry,Pondicherry,30,Female,120,159,101,Normal,0,0,0,0,4,5.5
8890,S,Pondicherry,Pondicherry,45,Female,98,157,74,Normal,1,1,0,0,1,11.1
8891,S,Pondicherry,Pondicherry,43,Female,88,139,44,Normal,1,1,5,3,1,5.7
8893,S,Andaman And Nicobar,Port Blair,51,Male,100,162,64,Normal,0,0,2,0,1,11.2
8894,S,Pondicherry,Pondicherry,52,Male,89,159,69,Normal,0,0,6,0,1,7.5
8896,S,Pondicherry,Pondicherry,46,Female,79,154,49,Normal,0,0,1,0,1,5.1
8902,S,Andaman And Nicobar,Port Blair,40,Male,102,153,79,Normal,0,0,1,1,1,5.6
8903,S,Pondicherry,Pondicherry,46,Male,110,165,81,Normal,0,0,6,5,1,7
8904,S,Pondicherry,Pondicherry,39,Female,91,152,56,Normal,0,1,0,0,1,5.3
8905,W,Gujarat,Navsari,50,Male,92,172,72,Normal,0,1,0,0,1,5.7
8906,S,Andaman And Nicobar,Port Blair,38,Female,70,154,50,Normal,0,0,4,2,5,5.2
8908,W,Gujarat,Navsari,64,Male,71,154,71,Normal,0,0,0,1,2,7
8909,W,Gujarat,Navsari,55,Female,93,151,56,Normal,0,0,0,0,1,6
8910,S,Pondicherry,Pondicherry,38,Male,87,176,74,Normal,0,0,1,1,4,5.7
8911,S,Pondicherry,Pondicherry,46,Male,92,168,68,Normal,0,0,0,0,2,5.1
8912,S,Pondicherry,Pondicherry,46,Male,95,158,70,Normal,1,0,3,3,1,6.6
8914,W,Gujarat,Navsari,46,Female,84,155,61,Normal,0,0,0,0,1,5.3
8916,W,Gujarat,Navsari,25,Female,87,152,66,Normal,0,1,6,6,4,6.2
8917,S,Tamil Nadu,Namakkal,50,Female,95,148,57,Normal,0,0,3,1,3,5.5
8919,W,Gujarat,Navsari,32,Female,88,149,53,Normal,0,0,0,0,3,5.7
8922,S,Tamil Nadu,Namakkal,33,Female,80,152,68,Normal,0,0,4,6,5,5.5
8923,S,Pondicherry,Pondicherry,50,Male,100,165,80,Normal,1,1,6,6,4,6
8930,W,Gujarat,Surat,48,Male,89,168,69,Normal,0,0,0,0,2,5.7
8931,W,Gujarat,Surat,53,Female,81,153,59,Normal,0,0,0,0,1,4.9
8933,E,Jharkhand,Ranchi,46,Male,95,162,70,Normal,1,0,1,2,1,6
8937,S,Tamil Nadu,Salem,60,Male,99,168,76,Normal,0,0,2,0,1,6.2
8940,C,Madhya Pradesh,Raisen,50,Female,80,152,49,Normal,0,0,4,1,4,5.6
8941,C,Madhya Pradesh,Raisen,60,Female,96,150,66,Normal,0,0,0,0,1,6
8942,S,Tamil Nadu,Salem,49,Female,84,157,64,Normal,0,0,0,2,4,5.4
8946,NW,Jammu And Kashmir,Samba,41,Female,88,152,68,Normal,0,0,2,2,1,5.8
8951,E,Jharkhand,Ranchi,57,Male,87,172,87,Normal,0,0,2,2,3,5.8
8953,S,Tamil Nadu,Salem,42,Male,90,165,66,Normal,0,1,1,1,1,9.1
8954,S,Tamil Nadu,Salem,39,Female,86,155,67,Normal,0,0,0,0,3,5.9
8955,S,Tamil Nadu,Salem,36,Male,74,166,58,Normal,0,0,0,4,6,7.7
8956,E,Jharkhand,Ranchi,44,Male,79,162,58,Normal,0,0,2,1,1,8.3
8963,S,Tamil Nadu,Salem,40,Female,85,158,61,Normal,0,0,0,0,4,9.8
8965,NW,Jammu And Kashmir,Samba,69,Male,88,178,84,Normal,0,0,2,2,1,11.8
8971,S,Tamil Nadu,Salem,36,Female,99,155,68,Normal,1,0,0,0,1,11
8975,S,Tamil Nadu,Salem,40,Female,94,167,75,Normal,1,0,3,4,2,5.4
8976,NW,Jammu And Kashmir,Samba,64,Male,92,169,58,Normal,0,0,2,2,2,6.9
8979,E,Jharkhand,Ranchi,32,Female,81,150,52,Normal,0,0,2,0,3,4.5
8980,W,Gujarat,Surat,42,Female,74,148,50,Normal,0,0,0,0,1,4.8
8981,W,Gujarat,Surat,20,Female,85,155,70,Normal,0,0,0,0,1,5.9
8982,W,Gujarat,Surat,43,Male,96,165,74,Normal,0,0,0,0,1,5.4
8987,W,Gujarat,Surat,38,Male,105,170,83,Normal,0,0,6,0,1,8.1
8988,W,Gujarat,Surat,44,Male,88,160,60,Normal,0,0,0,0,1,4.8
8994,S,Tamil Nadu,Salem,57,Female,111,147,69,Normal,0,0,0,0,1,5.9
8995,S,Tamil Nadu,Salem,52,Male,80,152,56,Normal,0,0,0,0,3,5.2
8997,S,Tamil Nadu,Salem,45,Male,107,175,94,Normal,0,0,0,0,3,6.1
9005,C,Chhattisgarh,Raipur,38,Male,80,152,55,Normal,0,0,0,0,2,4.8
9006,C,Chhattisgarh,Raipur,60,Female,85,157,57,Normal,0,0,0,0,4,5.5
9008,C,Chhattisgarh,Raipur,65,Female,100,152,62,Normal,0,0,0,0,4,5
9010,C,Chhattisgarh,Raipur,30,Female,96,153,59,Normal,0,0,0,0,4,4.9
9014,C,Chhattisgarh,Raipur,66,Male,101,162,67,Normal,0,0,0,0,2,5.2
9016,C,Madhya Pradesh,Raisen,46,Female,102,150,65,Normal,0,0,0,0,4,5.1
9017,C,Chhattisgarh,Raipur,24,Female,84,160,46,Normal,0,0,0,0,2,4.8
9018,C,Madhya Pradesh,Raisen,24,Male,90,170,62,Normal,0,0,0,0,4,5.3
9025,S,Karnataka,Bangalore,47,Male,89,170,55,Normal,0,0,1,1,1,6
9044,S,Karnataka,Bangalore,49,Male,83,172,66,Normal,0,0,0,0,1,5
9047,S,Karnataka,Bangalore,60,Male,86,166,54,Normal,0,0,0,0,1,5.9
9050,S,Karnataka,Bangalore,27,Female,93,166,75,Normal,0,0,1,0,4,4.9
9051,S,Karnataka,Bangalore,37,Female,78,146,52,Normal,0,0,6,0,3,5.3
9052,S,Karnataka,Bangalore,40,Male,92,180,60,Normal,0,0,6,3,1,5.8
9053,S,Karnataka,Bangalore,43,Female,91,158,73,Normal,1,1,6,0,3,5.5
9059,S,Andhra Pradesh,Anantapur,58,Male,80,153,68,Normal,0,0,1,1,1,7.7
9073,W,Maharashtra,Ahmednagar,33,Male,87,161,61,Normal,0,0,2,1,4,4.7
9081,W,Maharashtra,Ahmednagar,35,Male,92,176,71,Normal,0,0,3,3,3,5.2
9092,S,Andhra Pradesh,Anantapur,54,Male,85,162,75,Normal,0,1,2,2,2,7.4
9096,S,Karnataka,Bangalore,56,Male,82,170,49,Normal,0,0,6,2,1,5.5
9105,W,Rajasthan,Ajmer,70,Male,103,168,75,Normal,0,0,6,4,5,5.3
9107,S,Andhra Pradesh,Visakhapatnam,45,Male,87,165,80,Normal,0,0,2,2,1,7.5
9109,S,Karnataka,Bangalore,45,Female,92,159,69,Normal,0,0,1,1,2,6.7
9112,S,Karnataka,Bangalore,55,Female,91,148,55,Normal,0,0,0,0,6,6.8
9113,S,Karnataka,Bangalore,54,Male,100,168,75,Normal,1,1,6,4,2,5.6
9116,S,Karnataka,Bangalore,64,Male,97,162,76,Normal,0,1,6,0,4,5.9
9117,E,Orissa,Balasore,28,Male,82,139,45,Normal,0,0,0,0,1,4.5
9122,E,Orissa,Balasore,40,Female,86,161,78,Normal,0,0,1,1,1,5
9126,E,Orissa,Balasore,63,Male,87,156,56,Normal,0,1,2,2,2,5.1
9128,E,Orissa,Balasore,27,Female,72,145,72,Normal,0,1,3,3,1,5
9129,E,Orissa,Balasore,52,Female,87,145,87,Normal,1,0,2,3,3,5.1
9130,W,Maharashtra,Ahmednagar,65,Male,98,152,57,Normal,0,0,6,0,2,11.8
9134,S,Andhra Pradesh,Anantapur,36,Female,91,152,61,Normal,0,0,1,1,1,5.1
9136,E,Orissa,Balasore,46,Male,82,162,65,Normal,1,0,3,1,2,5.5
9142,S,Andhra Pradesh,Anantapur,56,Male,80,170,70,Normal,0,1,1,1,3,7.6
9146,S,Karnataka,Bangalore,24,Female,80,152,49,Normal,0,0,3,3,1,5.4
9148,S,Andhra Pradesh,Anantapur,46,Male,83,150,70,Normal,0,0,2,3,2,5.1
9149,S,Andhra Pradesh,Anantapur,65,Female,80,160,60,Normal,1,1,1,1,3,4.9
9150,E,Orissa,Balasore,65,Male,87,150,50,Normal,1,0,2,1,1,5.6
9151,S,Karnataka,Bangalore,62,Female,88,157,58,Normal,0,0,0,0,4,5.2
9156,S,Karnataka,Bangalore,47,Female,98,163,71,Normal,0,0,0,2,2,5.2
9158,S,Karnataka,Bangalore,29,Male,85,166,68,Normal,1,0,6,2,2,5.6
9159,W,Rajasthan,Ajmer,55,Male,85,164,54,Normal,0,0,6,6,4,6
9161,S,Karnataka,Bangalore,34,Female,89,154,70,Normal,1,0,6,1,3,5
9162,S,Karnataka,Bangalore,38,Male,91,167,75,Normal,1,0,6,0,1,5.1
9166,W,Rajasthan,Ajmer,43,Male,109,174,93,Normal,0,0,6,6,3,5.9
9172,S,Andhra Pradesh,Anantapur,44,Female,88,170,70,Normal,0,0,1,1,1,6.1
9184,S,Karnataka,Bangalore,35,Male,89,174,72,Normal,0,0,6,6,6,5.4
9202,NE,Assam,Jorhat,34,Female,78,155,60,Normal,0,0,4,2,2,5
9215,S,Tamil Nadu,Kanchipuram,58,Male,88,175,66,Normal,0,0,1,1,3,5.7
9229,S,Karnataka,Bangalore,42,Female,87,152,57,Normal,0,0,0,0,6,5.9
9230,S,Tamil Nadu,Madurai,25,Female,97,148,74,Normal,0,1,3,2,1,5.6
9231,S,Tamil Nadu,Madurai,41,Female,99,146,71,Normal,0,0,5,5,3,6.8
9237,S,Tamil Nadu,Madurai,42,Female,105,150,69,Normal,0,1,1,1,2,5.2
9239,S,Tamil Nadu,Madurai,48,Female,100,157,61,Normal,0,0,6,5,2,6
9257,N,Chandigarh,Chandigarh,62,Male,100,162,59,Normal,0,0,3,1,1,6.1
9258,C,Madhya Pradesh,Gwalior,43,Female,90,154,73,Normal,1,1,0,0,3,7.1
9261,C,Madhya Pradesh,Bhopal,58,Male,101,166,70,Normal,0,0,0,0,3,5.2
9265,E,Orissa,Bargarh,32,Male,71,154,48,Normal,0,0,0,0,2,4.7
9270,N,Chandigarh,Chandigarh,63,Female,107,159,66,Normal,0,0,1,0,4,8.2
9275,NW,Jammu And Kashmir,Jammu,60,Female,102,166,69,Normal,0,0,1,1,1,6.2
9276,S,Karnataka,Bangalore,35,Female,88,171,60,Normal,0,0,0,0,6,4.7
9278,NE,Manipur,Imphal West,54,Female,109,164,78,Normal,0,0,1,0,2,5.8
9283,E,Orissa,Bargarh,44,Female,87,150,52,Normal,1,1,4,4,1,4.9
9285,NW,Jammu And Kashmir,Jammu,48,Female,123,158,93,Normal,1,0,0,0,1,7.7
9287,S,Karnataka,Bangalore,48,Male,97,174,70,Normal,0,1,0,0,4,6.5
9289,C,Madhya Pradesh,Gwalior,24,Female,83,154,54,Normal,1,0,0,0,1,5.4
9291,E,Jharkhand,Hazaribag,50,Male,82,165,50,Normal,0,0,0,0,2,4.6
9293,E,Jharkhand,Hazaribag,40,Female,96,145,50,Normal,0,0,1,2,2,5.3
9294,S,Karnataka,Dakshina Kannada,47,Female,83,162,66,Normal,1,0,6,0,3,5.4
9296,S,Karnataka,Dakshina Kannada,43,Female,82,155,55,Normal,0,1,6,0,3,5.7
9298,C,Madhya Pradesh,Gwalior,23,Male,86,172,64,Normal,1,0,0,0,5,5
9300,S,Karnataka,Bangalore,30,Female,70,159,44,Normal,0,0,1,1,2,5.5
9302,N,Chandigarh,Chandigarh,46,Male,93,163,67,Normal,0,0,0,0,3,6.8
9305,E,Jharkhand,Hazaribag,69,Male,106,170,70,Normal,0,0,0,0,2,6.4
9306,NE,Meghalaya,East Khasi Hills,55,Female,84,144,55,Normal,0,0,6,0,1,5.4
9309,S,Karnataka,Bangalore,56,Male,91,174,75,Normal,1,1,5,3,4,5.6
9316,E,West Bengal,Bardhaman,32,Male,84,152,54,Normal,0,0,6,6,2,5.7
9321,S,Karnataka,Bangalore,59,Male,95,168,64,Normal,0,0,6,0,4,13.4
9328,N,Chandigarh,Chandigarh,51,Male,102,174,75,Normal,0,1,0,0,3,9.1
9330,E,Orissa,Bargarh,37,Female,60,149,60,Normal,0,0,1,0,2,4.8
9340,C,Madhya Pradesh,Gwalior,47,Male,80,171,60,Normal,1,0,0,0,4,5.7
9342,C,Madhya Pradesh,Gwalior,32,Female,98,155,55,Normal,0,0,0,0,2,4.9
9343,NW,Jammu And Kashmir,Jammu,45,Male,104,151,63,Normal,0,0,2,1,1,6
9344,E,Orissa,Bargarh,24,Male,79,143,47,Normal,0,0,1,2,3,4.9
9345,C,Madhya Pradesh,Bhopal,43,Female,93,161,80,Normal,0,0,6,0,1,5.7
9346,C,Madhya Pradesh,Bhopal,61,Male,150,182,67,Normal,0,0,5,0,2,4.9
9352,E,West Bengal,Bardhaman,38,Male,98,179,71,Normal,0,0,1,1,2,5.6
9353,E,Orissa,Bargarh,33,Female,80,162,70,Normal,0,0,0,0,2,4.6
9355,S,Karnataka,Hassan,58,Female,93,149,65,Normal,0,0,5,5,1,5.5
9356,C,Madhya Pradesh,Gwalior,48,Male,102,161,70,Normal,0,0,0,0,1,5.7
9359,N,Chandigarh,Chandigarh,54,Male,96,180,78,Normal,0,1,0,0,4,5.9
9361,E,West Bengal,Bankura,51,Male,96,163,65,Normal,0,0,2,2,2,6.2
9363,E,Orissa,Bargarh,28,Female,82,152,45,Normal,0,0,0,3,4,5.3
9365,C,Madhya Pradesh,Bhopal,52,Male,92,165,72,Normal,0,0,0,0,1,12.8
9368,S,Karnataka,Bangalore,29,Female,96,170,84,Normal,1,0,6,0,3,5.6
9370,S,Karnataka,Hassan,32,Male,82,162,68,Normal,1,0,0,0,1,5.2
9372,NW,Jammu And Kashmir,Jammu,52,Female,96,165,48,Normal,1,0,1,1,1,7.5
9377,C,Madhya Pradesh,Bhopal,54,Male,93,163,61,Normal,0,0,0,0,1,4.9
9378,NE,Meghalaya,East Khasi Hills,66,Male,102,162,65,Normal,0,0,6,0,1,6.9
9381,NE,Meghalaya,East Khasi Hills,44,Female,76,167,69,Normal,0,0,0,0,3,5.4
9386,C,Madhya Pradesh,Bhopal,29,Female,68,153,45,Normal,0,0,1,1,1,4.7
9387,E,West Bengal,Bankura,33,Female,83,151,53,Normal,0,0,5,0,1,5.1
9388,E,West Bengal,Bankura,27,Female,83,149,47,Normal,0,0,2,2,2,5.4
9390,C,Madhya Pradesh,Gwalior,48,Male,101,158,60,Normal,0,0,0,0,3,5
9397,E,Jharkhand,Hazaribag,52,Male,95,170,72,Normal,0,0,0,0,6,6.2
9402,NE,Assam,Dibrugarh,37,Male,89,158,75,Normal,0,0,5,0,1,5.2
9403,NE,Meghalaya,East Khasi Hills,26,Female,82,150,42,Normal,0,0,6,0,1,5.3
9404,C,Madhya Pradesh,Gwalior,40,Male,103,153,75,Normal,0,0,6,6,4,5.5
9409,C,Madhya Pradesh,Gwalior,38,Male,115,171,88,Normal,1,1,0,0,2,5
9411,C,Madhya Pradesh,Gwalior,44,Male,90,169,88,Normal,0,0,0,0,5,5.9
9414,E,Orissa,Bargarh,42,Female,85,161,61,Normal,0,0,0,0,1,5.9
9415,S,Karnataka,Bangalore,52,Female,110,163,73,Normal,0,0,2,1,4,5.4
9417,E,West Bengal,Bankura,47,Female,80,152,47,Normal,0,0,0,0,1,5
9418,S,Karnataka,Bangalore,55,Female,96,153,67,Normal,0,1,0,0,1,8.3
9419,NE,Meghalaya,East Khasi Hills,60,Male,78,168,62,Normal,0,0,0,0,3,6
9420,NW,Jammu And Kashmir,Jammu,49,Male,96,169,68,Normal,0,0,2,1,2,5.3
9425,S,Karnataka,Bangalore,36,Female,91,150,69,Normal,0,0,6,0,3,5.1
9427,NW,Jammu And Kashmir,Jammu,40,Female,92,165,48,Normal,1,0,1,1,4,5.3
9430,S,Karnataka,Bangalore,50,Female,91,153,54,Normal,0,0,1,1,1,5.6
9435,E,Jharkhand,Hazaribag,45,Male,88,150,59,Normal,0,0,2,2,2,4.9
9437,NW,Jammu And Kashmir,Kulgam,35,Female,110,154,59,Normal,0,0,1,0,3,5.5
9441,NW,Jammu And Kashmir,Kathua,58,Male,88,155,69,Normal,0,0,1,1,2,7.1
9442,S,Tamil Nadu,Kanchipuram,60,Male,82,150,60,Normal,0,0,3,2,4,5.6
9445,S,Tamil Nadu,Kanchipuram,40,Female,65,152,62,Normal,1,0,1,3,3,5.6
9446,S,Tamil Nadu,Kanchipuram,50,Male,70,172,49,Normal,0,0,2,1,4,6.2
9447,S,Tamil Nadu,Kanchipuram,68,Male,150,170,66,Normal,0,0,3,2,2,5.6
9450,S,Tamil Nadu,Madurai,60,Female,82,139,44,Normal,0,0,0,0,1,7.2
9451,S,Tamil Nadu,Madurai,60,Female,89,151,50,Normal,0,0,2,0,2,7.7
9452,S,Tamil Nadu,Madurai,60,Female,70,147,43,Normal,0,0,1,2,2,6.5
9455,S,Tamil Nadu,Madurai,40,Male,100,160,76,Normal,0,0,3,1,1,8.9
9457,S,Tamil Nadu,Madurai,30,Male,70,158,49,Normal,0,0,2,1,1,5.6
9458,S,Tamil Nadu,Madurai,65,Female,89,142,41,Normal,0,0,0,0,2,6.2
9461,S,Tamil Nadu,Kanchipuram,31,Male,81,162,60,Normal,0,0,0,0,1,4.8
9463,S,Tamil Nadu,Madurai,22,Male,88,165,55,Normal,0,0,2,0,2,4.9
9465,NW,Jammu And Kashmir,Kathua,38,Male,89,155,60,Normal,0,0,2,1,1,4.9
9467,S,Tamil Nadu,Madurai,60,Male,85,160,56,Normal,0,0,2,1,1,5.9
9468,S,Tamil Nadu,Madurai,48,Male,85,152,46,Normal,0,0,3,1,1,5.5
9471,W,Rajasthan,Nagaur,50,Female,84,155,56,Normal,0,0,6,6,4,6.5
9472,S,Tamil Nadu,Kanchipuram,47,Male,105,175,95,Normal,1,0,0,0,4,7.5
9473,NW,Jammu And Kashmir,Kulgam,58,Female,98,156,67,Normal,0,0,2,1,2,9.5
9474,S,Tamil Nadu,Kanchipuram,53,Male,96,167,65,Normal,0,0,0,2,3,5.2
9475,S,Tamil Nadu,Madurai,64,Female,84,148,61,Normal,0,0,0,0,2,5.7
9483,S,Tamil Nadu,Madurai,48,Female,105,151,63,Normal,0,0,1,1,1,6.2
9484,W,Rajasthan,Nagaur,54,Male,93,165,67,Normal,0,0,1,4,2,6.7
9485,W,Rajasthan,Nagaur,45,Male,102,163,80,Normal,0,0,6,3,2,5.5
9486,S,Tamil Nadu,Kanchipuram,40,Male,97,179,80,Normal,0,0,2,2,3,5.1
9487,S,Tamil Nadu,Madurai,63,Female,80,138,45,Normal,0,0,0,0,6,6.7
9488,W,Rajasthan,Nagaur,70,Male,82,150,50,Normal,0,0,0,0,1,5
9490,S,Tamil Nadu,Kanchipuram,60,Male,90,170,66,Normal,0,0,0,6,2,6.4
9492,S,Tamil Nadu,Madurai,32,Female,88,150,55,Normal,0,0,2,5,3,5.6
9493,S,Tamil Nadu,Kanchipuram,49,Female,96,152,72,Normal,0,1,5,0,2,8.6
9495,S,Tamil Nadu,Madurai,39,Female,88,162,73,Normal,0,0,3,0,3,6.1
9497,S,Tamil Nadu,Kanchipuram,62,Female,89,147,60,Normal,1,0,0,0,1,9.9
9498,S,Tamil Nadu,Kanchipuram,38,Female,73,145,43,Normal,0,0,5,0,2,5.5
9505,W,Rajasthan,Nagaur,53,Male,76,171,55,Normal,0,0,6,6,4,5.3
9506,S,Tamil Nadu,Kanchipuram,41,Male,71,153,44,Normal,0,0,0,0,1,5
9509,W,Maharashtra,Nagpur,55,Male,100,162,96,Normal,0,0,3,3,3,5.4
9510,NW,Jammu And Kashmir,Kulgam,38,Male,96,168,62,Normal,0,0,0,0,1,5.3
9511,S,Tamil Nadu,Madurai,52,Female,92,154,65,Normal,0,0,0,0,2,5.8
9513,S,Tamil Nadu,Kanchipuram,48,Male,105,169,75,Normal,0,0,0,0,1,6.4
9514,S,Tamil Nadu,Kanchipuram,70,Male,88,163,56,Normal,0,0,0,0,1,6.4
9515,W,Rajasthan,Nagaur,56,Male,99,169,74,Normal,0,0,0,0,2,6.4
9516,S,Tamil Nadu,Kanchipuram,43,Female,83,145,58,Normal,0,0,0,0,1,4.9
9520,S,Tamil Nadu,Kanchipuram,58,Male,88,175,66,Normal,0,0,1,1,3,5.7
9521,S,Tamil Nadu,Madurai,50,Female,85,154,54,Normal,0,0,1,2,2,5.9
9522,S,Tamil Nadu,Madurai,31,Female,88,143,64,Normal,0,0,3,1,3,5.6
9525,W,Rajasthan,Nagaur,45,Female,93,158,64,Normal,0,0,0,0,6,5.8
9527,W,Rajasthan,Nagaur,55,Male,113,178,103,Normal,0,0,3,0,6,12.3
9529,NW,Jammu And Kashmir,Kathua,60,Female,90,150,75,Normal,0,0,0,0,2,7.7
9532,S,Tamil Nadu,Madurai,38,Female,90,155,62,Normal,0,0,3,1,3,5.6
9534,NW,Jammu And Kashmir,Kulgam,57,Male,84,164,61,Normal,0,0,0,0,1,5
9535,S,Tamil Nadu,Madurai,50,Female,77,151,54,Normal,0,0,2,2,1,8.2
9537,S,Tamil Nadu,Kanchipuram,48,Male,92,175,92,Normal,1,1,1,2,4,5.3
9538,W,Rajasthan,Nagaur,64,Male,87,171,60,Normal,0,0,0,0,1,4.9
9564,S,Andhra Pradesh,Visakhapatnam,30,Female,60,158,60,Normal,0,0,0,0,1,6.3
9566,S,Andhra Pradesh,Visakhapatnam,65,Male,90,157,70,Normal,0,1,0,0,1,6.6
9570,S,Andhra Pradesh,Visakhapatnam,34,Male,96,168,70,Normal,0,0,0,0,4,5.6
9573,S,Andhra Pradesh,Visakhapatnam,65,Male,82,160,69,Normal,0,0,3,2,1,6.9
9577,S,Andhra Pradesh,Visakhapatnam,42,Female,80,150,50,Normal,0,0,4,3,3,6
9580,S,Andhra Pradesh,Visakhapatnam,60,Male,89,155,70,Normal,0,0,1,1,1,6.7
9581,W,Maharashtra,Thane,46,Male,100,162,79,Normal,0,0,6,6,1,6.1
9583,W,Maharashtra,Thane,28,Female,98,157,60,Normal,1,0,0,0,4,5.1
9584,S,Andhra Pradesh,Visakhapatnam,46,Female,80,153,48,Normal,0,0,3,2,2,6.2
9586,W,Maharashtra,Thane,38,Female,73,157,50,Normal,0,0,0,0,2,5.3
9589,W,Maharashtra,Thane,32,Female,98,160,85,Normal,0,1,0,0,3,5.6
9593,W,Maharashtra,Thane,62,Male,92,165,60,Normal,1,0,0,0,1,6
9600,S,Pondicherry,Pondicherry,45,Female,86,159,76,Normal,1,1,6,1,5,5.7
9602,S,Pondicherry,Pondicherry,50,Female,92,153,63,Normal,0,0,1,0,1,7.8
9603,C,Chhattisgarh,Raipur,35,Female,98,154,50,Normal,0,0,0,0,1,4.4
9606,W,Maharashtra,Nagpur,48,Female,89,163,60,Normal,0,0,1,0,3,5.4
9608,N,Haryana,Panchkula,20,Female,81,162,55,Normal,0,1,1,0,1,5
9611,S,Andaman And Nicobar,Port Blair,38,Female,105,145,73,Normal,0,0,1,1,1,5.4
9614,W,Gujarat,Navsari,35,Female,94,143,62,Normal,0,0,0,0,1,6.7
9615,W,Gujarat,Navsari,65,Male,80,165,48,Normal,0,0,0,0,2,5.3
9619,W,Gujarat,Navsari,35,Female,79,145,49,Normal,1,0,0,0,3,5.2
9622,W,Gujarat,Navsari,38,Female,93,151,65,Normal,0,0,0,0,1,5.6
9623,W,Gujarat,Navsari,50,Female,83,145,45,Normal,0,0,6,0,1,5.2
9626,S,Pondicherry,Pondicherry,65,Male,84,165,61,Normal,1,1,0,6,1,5.4
9627,N,Haryana,Panchkula,32,Male,104,175,83,Normal,0,1,0,0,1,5.7
9628,W,Maharashtra,Nagpur,28,Male,65,173,60,Normal,0,1,3,3,3,5.9
9632,S,Pondicherry,Pondicherry,40,Male,96,163,76,Normal,1,0,5,4,1,6.3
9634,S,Pondicherry,Pondicherry,65,Male,84,157,50,Normal,0,0,6,0,1,6
9639,W,Gujarat,Navsari,63,Female,93,152,65,Normal,1,1,0,0,2,9.3
9641,S,Pondicherry,Pondicherry,52,Male,75,170,50,Normal,0,0,1,0,3,5.2
9642,W,Gujarat,Navsari,60,Female,83,147,53,Normal,0,0,0,0,2,5.6
9643,W,Gujarat,Navsari,64,Male,93,172,64,Normal,0,0,0,0,5,5.8
9644,W,Gujarat,Navsari,53,Female,94,154,63,Normal,0,0,0,0,2,5.4
9645,W,Gujarat,Navsari,58,Female,92,149,69,Normal,0,0,0,0,3,6.1
9646,S,Andaman And Nicobar,Port Blair,29,Female,76,150,44,Normal,0,0,0,0,1,5.3
9647,S,Pondicherry,Pondicherry,63,Male,92,161,55,Normal,0,0,2,1,1,5
9648,S,Pondicherry,Pondicherry,47,Male,100,184,99,Normal,1,0,0,0,6,6.4
9649,S,Andaman And Nicobar,Port Blair,65,Male,109,159,64,Normal,0,0,1,1,2,7.3
9651,S,Pondicherry,Pondicherry,52,Male,80,170,60,Normal,0,0,2,0,1,8.8
9652,W,Gujarat,Navsari,38,Male,76,152,56,Normal,1,1,0,4,5,5.7
9653,S,Pondicherry,Pondicherry,37,Male,86,185,77,Normal,0,0,0,0,1,4.9
9655,W,Gujarat,Navsari,58,Female,86,153,53,Normal,1,0,0,1,3,8.8
9657,S,Pondicherry,Pondicherry,41,Male,80,167,60,Normal,0,1,6,0,6,6
9658,S,Pondicherry,Pondicherry,56,Female,109,165,74,Normal,1,1,0,0,1,6.2
9659,N,Haryana,Panchkula,42,Male,100,159,71,Normal,0,0,0,0,5,6
9661,S,Tamil Nadu,Namakkal,48,Female,90,154,53,Normal,0,0,0,6,3,5.5
9662,S,Tamil Nadu,Namakkal,59,Male,83,155,59,Normal,0,0,5,3,1,6
9663,W,Gujarat,Navsari,23,Female,95,167,74,Normal,0,0,0,0,3,5.4
9665,W,Maharashtra,Nagpur,45,Female,95,164,45,Normal,0,1,6,0,1,5.4
9666,S,Andaman And Nicobar,Port Blair,60,Male,99,164,59,Normal,0,0,2,0,1,5.7
9667,W,Gujarat,Navsari,38,Male,107,175,91,Normal,0,0,0,0,1,5.5
9668,W,Maharashtra,Nagpur,25,Male,89,161,68,Normal,1,0,4,4,2,5.2
9669,S,Andaman And Nicobar,Port Blair,47,Male,82,163,74,Normal,1,0,2,3,1,6.1
9670,S,Pondicherry,Pondicherry,58,Male,90,167,70,Normal,0,0,0,0,1,5.6
9672,W,Maharashtra,Nagpur,60,Male,90,170,70,Normal,0,0,1,1,4,5.3
9676,W,Gujarat,Navsari,42,Male,109,167,85,Normal,0,0,0,0,1,5.7
9681,W,Gujarat,Navsari,67,Female,98,152,67,Normal,0,0,0,0,3,13.8
9682,S,Pondicherry,Pondicherry,43,Male,110,168,80,Normal,0,0,6,6,2,6.1
9683,W,Gujarat,Navsari,52,Female,84,147,55,Normal,0,0,0,0,3,6.2
9684,S,Tamil Nadu,Namakkal,51,Male,64,155,65,Normal,0,0,2,5,6,5.2
9686,W,Maharashtra,Nagpur,24,Male,89,161,65,Normal,0,1,4,2,1,5.2
9689,W,Gujarat,Navsari,49,Female,95,147,66,Normal,0,0,0,0,1,5.3
9690,S,Pondicherry,Pondicherry,48,Female,95,152,60,Normal,0,0,0,0,4,5.6
9692,W,Gujarat,Surat,49,Female,100,145,90,Normal,0,0,0,0,2,6.2
9693,W,Gujarat,Surat,54,Male,92,170,80,Normal,0,0,6,6,2,5.2
9695,W,Gujarat,Surat,58,Male,100,176,77,Normal,0,0,0,0,1,6.7
9705,S,Tamil Nadu,Salem,70,Female,92,151,64,Normal,0,0,0,0,1,5.6
9710,C,Chhattisgarh,Raipur,60,Female,107,156,69,Normal,0,0,0,0,2,5.4
9711,S,Tamil Nadu,Salem,55,Female,91,146,46,Normal,0,0,2,2,3,5.8
9712,NW,Jammu And Kashmir,Samba,38,Female,88,154,68,Normal,0,0,2,3,2,4.9
9714,NW,Jammu And Kashmir,Samba,47,Male,88,168,71,Normal,0,0,2,2,1,10.3
9715,NW,Jammu And Kashmir,Samba,70,Female,88,149,68,Normal,0,0,2,2,2,5.2
9716,S,Tamil Nadu,Salem,43,Female,120,164,80,Normal,1,1,0,0,2,5.5
9717,W,Gujarat,Surat,48,Female,93,155,70,Normal,0,0,3,0,2,5.4
9720,S,Tamil Nadu,Salem,41,Female,94,156,61,Normal,1,1,0,0,2,5.7
9728,C,Madhya Pradesh,Raisen,41,Female,91,161,61,Normal,0,0,0,0,4,5.6
9735,E,Jharkhand,Ranchi,32,Male,80,165,54,Normal,0,0,1,1,1,4.4
9739,E,Jharkhand,Ranchi,54,Male,86,163,64,Normal,0,0,4,4,5,4.1
9740,E,Jharkhand,Ranchi,31,Male,94,171,68,Normal,0,0,0,0,1,4.5
9743,W,Gujarat,Surat,46,Female,106,155,89,Normal,0,0,0,0,1,6
9744,NW,Jammu And Kashmir,Samba,60,Female,88,156,71,Normal,0,0,1,1,1,8.5
9745,NW,Jammu And Kashmir,Samba,49,Female,88,153,70,Normal,0,0,2,1,2,5.4
9748,E,Jharkhand,Ranchi,39,Male,94,168,69,Normal,0,0,0,0,5,5
9749,C,Chhattisgarh,Raipur,26,Male,88,163,53,Normal,0,0,0,0,2,5.2
9751,S,Tamil Nadu,Salem,50,Female,106,141,71,Normal,0,0,6,0,1,5.5
9752,W,Gujarat,Surat,32,Male,100,175,74,Normal,0,0,0,0,1,6
9753,C,Chhattisgarh,Raipur,50,Female,90,149,60,Normal,0,0,0,0,1,5
9755,S,Tamil Nadu,Salem,33,Female,91,155,60,Normal,0,0,6,0,1,5.3
9757,W,Gujarat,Surat,45,Female,82,148,60,Normal,0,0,0,0,1,5.6
9758,W,Gujarat,Surat,30,Female,72,158,48,Normal,0,0,0,0,1,5.7
9760,NW,Jammu And Kashmir,Samba,42,Female,94,150,45,Normal,0,0,1,1,2,5.1
9769,S,Tamil Nadu,Salem,35,Male,95,164,65,Normal,0,0,0,4,1,5.6
9770,S,Tamil Nadu,Salem,48,Female,90,147,66,Normal,0,0,0,0,4,6.5
9774,S,Tamil Nadu,Salem,35,Female,90,166,66,Normal,0,0,0,0,2,5.5
9776,C,Chhattisgarh,Raipur,57,Male,91,168,64,Normal,0,1,0,0,4,5.3
9777,NW,Jammu And Kashmir,Samba,60,Female,88,162,80,Normal,0,0,1,2,1,8.4
9779,C,Madhya Pradesh,Raisen,28,Female,70,158,52,Normal,0,1,0,0,4,5.3
9780,C,Madhya Pradesh,Raisen,32,Female,76,159,49,Normal,0,0,0,0,4,5.3
9782,S,Tamil Nadu,Salem,42,Male,79,171,59,Normal,0,0,1,1,3,7
9785,W,Gujarat,Surat,51,Female,78,155,60,Normal,0,0,0,0,2,4.9
9787,W,Gujarat,Surat,39,Female,101,148,90,Normal,0,0,0,0,1,5.7
9788,S,Tamil Nadu,Salem,54,Male,86,173,63,Normal,0,0,0,0,1,6.5
9792,NW,Jammu And Kashmir,Samba,48,Female,88,152,84,Normal,0,0,1,1,2,7.3
9793,C,Madhya Pradesh,Raisen,37,Female,87,151,50,Normal,0,0,0,0,4,5.3
9794,C,Madhya Pradesh,Raisen,45,Female,96,152,70,Normal,0,0,0,0,3,5
9796,C,Madhya Pradesh,Raisen,45,Male,89,170,65,Normal,0,0,1,2,4,4.9
9797,W,Gujarat,Surat,55,Female,88,155,56,Normal,0,0,1,1,6,5.9
9798,E,Orissa,Balasore,47,Male,78,155,58,Normal,1,0,2,1,1,5.5
9801,W,Maharashtra,Ahmednagar,45,Male,92,159,63,Normal,0,0,0,2,3,5.5
9807,E,Orissa,Balasore,70,Male,72,145,60,Normal,1,0,2,1,1,6.4
9808,W,Maharashtra,Ahmednagar,59,Male,82,172,66,Normal,0,0,1,1,1,5.8
9815,S,Andhra Pradesh,Anantapur,49,Male,80,159,65,Normal,0,0,3,2,1,9.6
9821,S,Karnataka,Bangalore,55,Female,92,153,62,Normal,0,0,3,3,1,5.8
9826,W,Maharashtra,Ahmednagar,35,Male,93,170,74,Normal,1,0,1,1,1,4
9831,S,Karnataka,Bangalore,35,Male,106,170,85,Normal,0,0,6,3,4,5.6
9832,S,Andhra Pradesh,Anantapur,57,Male,72,150,69,Normal,1,1,2,2,3,5.8
9841,S,Tamil Nadu,Madurai,62,Female,103,152,74,Normal,0,0,5,0,1,6.3
9842,S,Karnataka,Bangalore,49,Female,80,166,74,Normal,0,0,0,0,3,5.5
9844,S,Karnataka,Bangalore,43,Male,105,175,92,Normal,1,1,3,4,2,5.5
9846,NE,Assam,Jorhat,40,Female,82,145,44,Normal,0,0,0,0,3,5.6
9852,W,Maharashtra,Ahmednagar,45,Male,95,170,72,Normal,0,0,2,2,2,5
9853,W,Rajasthan,Ajmer,35,Male,101,178,89,Normal,0,0,5,5,1,5.1
9862,S,Karnataka,Bangalore,49,Male,85,158,54,Normal,0,0,6,6,5,5.5
9863,E,Orissa,Balasore,44,Female,87,156,60,Normal,1,0,1,1,2,6.5
9865,W,Rajasthan,Ajmer,45,Male,97,173,74,Normal,0,0,0,0,2,6.4
9866,E,Orissa,Balasore,61,Male,90,165,75,Normal,0,0,0,1,1,5.9
9867,E,Orissa,Balasore,50,Male,80,143,50,Normal,1,0,2,1,1,12
9868,W,Rajasthan,Ajmer,60,Female,118,154,102,Normal,1,1,0,0,4,5.6
9870,S,Tamil Nadu,Madurai,54,Female,103,157,89,Normal,0,0,0,0,1,5.4
9877,W,Maharashtra,Ahmednagar,53,Male,100,161,72,Normal,0,1,1,1,1,5.6
9881,E,Orissa,Balasore,48,Female,80,158,68,Normal,0,0,2,2,1,5
9882,W,Rajasthan,Ajmer,68,Male,107,165,76,Normal,0,0,0,0,1,6.1
9891,S,Karnataka,Bangalore,45,Female,92,154,72,Normal,0,0,0,0,3,5.1
9894,S,Karnataka,Bangalore,39,Female,91,159,69,Normal,0,0,6,0,3,5.8
9896,W,Rajasthan,Ajmer,50,Male,84,157,52,Normal,0,0,0,0,1,4.7
9897,S,Karnataka,Bangalore,64,Female,78,158,55,Normal,0,0,0,0,1,6
9902,W,Maharashtra,Ahmednagar,48,Male,94,136,62,Normal,0,0,0,0,1,7.6
9903,S,Andhra Pradesh,Anantapur,76,Male,83,160,52,Normal,0,0,0,0,1,6.1
9904,S,Karnataka,Bangalore,38,Male,85,160,62,Normal,0,0,0,0,4,5.4
9908,S,Tamil Nadu,Madurai,38,Male,90,163,73,Normal,0,0,0,0,1,5.6
9911,W,Maharashtra,Ahmednagar,47,Male,121,169,99,Normal,1,0,4,2,3,6.5
9914,W,Maharashtra,Ahmednagar,65,Male,102,166,72,Normal,0,0,1,0,3,5.9
9918,W,Rajasthan,Ajmer,42,Male,90,159,68,Normal,0,0,1,0,1,7
9924,S,Karnataka,Bangalore,54,Female,89,164,76,Normal,0,0,2,3,3,6
9927,S,Karnataka,Bangalore,49,Female,99,156,67,Normal,0,0,0,0,2,5.6
9928,S,Karnataka,Bangalore,34,Female,92,163,66,Normal,0,0,4,0,2,4.2
9929,E,West Bengal,Bardhaman,67,Male,86,161,55,Normal,0,0,0,0,3,5.9
9934,C,Madhya Pradesh,Bhopal,68,Male,98,168,70,Normal,0,1,6,0,5,5.5
9942,S,Karnataka,Bangalore,39,Male,100,167,70,Normal,0,0,3,3,5,5
9943,NW,Jammu And Kashmir,Jammu,31,Female,102,167,92,Normal,0,0,1,1,2,5.2
9945,C,Madhya Pradesh,Bhopal,52,Female,107,160,63,Normal,0,0,1,1,4,6.1
9946,E,West Bengal,Bardhaman,43,Female,74,164,55,Normal,0,0,2,2,2,5.4
9947,N,Chandigarh,Chandigarh,73,Male,99,166,71,Normal,0,0,0,0,3,5.3
9948,S,Karnataka,Bangalore,35,Male,88,173,70,Normal,1,0,1,0,1,4.6
9949,N,Chandigarh,Chandigarh,47,Female,93,150,65,Normal,0,0,6,0,2,5.7
9952,S,Karnataka,Bangalore,42,Male,82,173,70,Normal,0,0,6,6,1,5.2
9966,NE,Meghalaya,East Khasi Hills,20,Male,90,154,55,Normal,0,0,6,5,1,4.5
9970,NE,Manipur,Imphal West,50,Female,86,155,49,Normal,0,0,6,0,2,5.8
9971,C,Madhya Pradesh,Gwalior,60,Male,80,168,72,Normal,0,0,0,0,6,6.1
9975,S,Karnataka,Bangalore,36,Female,80,160,53,Normal,0,0,0,0,1,5.2
9977,NE,Manipur,Imphal West,42,Female,94,153,60,Normal,0,0,3,0,2,5.8
9979,E,Jharkhand,Hazaribag,66,Male,95,170,60,Normal,0,0,1,1,2,5.2
9980,C,Madhya Pradesh,Bhopal,45,Male,84,156,55,Normal,0,0,0,0,5,5.6
9981,NE,Meghalaya,East Khasi Hills,48,Female,108,153,60,Normal,0,0,6,0,1,5.9
9983,NE,Meghalaya,East Khasi Hills,63,Male,92,164,70,Normal,0,0,6,0,1,5.2
9986,NW,Jammu And Kashmir,Jammu,45,Female,96,165,65,Normal,0,0,0,0,1,9.9
9987,NE,Meghalaya,East Khasi Hills,38,Female,111,162,67,Normal,0,0,5,1,1,5.1
9998,NE,Manipur,Imphal West,70,Female,143,143,56,Normal,0,0,0,0,4,5.9
9999,C,Madhya Pradesh,Bhopal,40,Female,110,151,85,Normal,0,0,0,0,1,7.7
10000,S,Karnataka,Bangalore,42,Female,96,160,65,Normal,1,1,1,1,2,5.3
10001,NE,Manipur,Imphal West,42,Female,95,152,60,Normal,0,0,2,1,2,5.2
10003,NE,Manipur,Imphal West,53,Female,88,157,60,Normal,0,0,0,0,1,5.5
10004,NW,Jammu And Kashmir,Jammu,34,Male,103,175,58,Normal,0,0,0,0,1,5.6
10005,E,Jharkhand,Hazaribag,40,Male,73,152,45,Normal,0,0,0,0,2,5.8
10015,NE,Manipur,Imphal West,28,Female,94,155,56,Normal,0,0,5,0,2,6.2
10016,E,Orissa,Bargarh,65,Male,93,150,55,Normal,0,0,2,2,3,8.2
10022,E,West Bengal,Bardhaman,38,Female,105,152,64,Normal,0,0,0,0,4,5.8
10023,E,Jharkhand,Hazaribag,49,Female,75,150,45,Normal,0,0,3,1,3,5.3
10024,E,West Bengal,Bankura,61,Male,85,168,74,Normal,0,0,0,0,1,4.9
10026,E,West Bengal,Bardhaman,35,Female,108,152,76,Normal,0,0,1,1,2,5.7
10028,N,Chandigarh,Chandigarh,34,Female,96,161,57,Normal,0,0,0,0,5,5.3
10029,C,Madhya Pradesh,Gwalior,40,Male,100,169,87,Normal,1,0,2,1,1,5.3
10030,N,Chandigarh,Chandigarh,37,Female,86,150,53,Normal,1,1,0,0,4,5.2
10031,E,West Bengal,Bankura,38,Female,82,153,82,Normal,0,1,0,0,2,5
10035,S,Karnataka,Hassan,45,Male,77,166,49,Normal,0,0,0,0,3,4.7
10038,N,Chandigarh,Chandigarh,65,Female,93,156,55,Normal,0,0,0,0,4,5.3
10042,NW,Jammu And Kashmir,Jammu,78,Female,105,160,65,Normal,0,0,0,0,1,7.2
10046,S,Karnataka,Hassan,26,Female,81,163,42,Normal,0,0,0,0,1,4.7
10047,C,Madhya Pradesh,Gwalior,43,Male,108,180,92,Normal,1,0,5,3,3,6.2
10049,N,Chandigarh,Chandigarh,43,Female,95,149,65,Normal,0,1,1,0,4,5.8
10050,N,Chandigarh,Chandigarh,57,Female,102,166,71,Normal,0,0,3,4,4,5.8
10052,E,West Bengal,Bankura,40,Female,80,152,51,Normal,0,0,0,0,3,5.5
10054,N,Chandigarh,Chandigarh,54,Male,92,160,65,Normal,0,0,0,0,4,5.5
10057,C,Madhya Pradesh,Bhopal,27,Female,89,150,41,Normal,1,0,0,0,1,5.7
10058,NW,Jammu And Kashmir,Jammu,50,Female,106,165,74,Normal,0,0,0,0,1,5.9
10060,S,Karnataka,Hassan,56,Male,114,167,90,Normal,0,0,0,0,3,5.6
10066,NW,Jammu And Kashmir,Jammu,64,Female,98,156,84,Normal,0,0,1,1,1,5.6
10067,NW,Jammu And Kashmir,Jammu,52,Female,96,155,67,Normal,0,0,0,0,1,5
10068,E,Jharkhand,Hazaribag,40,Female,70,152,50,Normal,0,0,2,6,2,5.7
10069,NW,Jammu And Kashmir,Kathua,54,Female,115,155,78,Normal,0,0,2,1,1,13.5
10070,NW,Jammu And Kashmir,Kulgam,47,Female,104,160,79,Normal,0,0,0,0,3,4.9
10073,S,Tamil Nadu,Kanchipuram,40,Male,96,177,79,Normal,0,0,3,1,4,5.8
10074,S,Tamil Nadu,Madurai,60,Male,99,139,44,Normal,0,0,1,0,1,6.3
10076,S,Tamil Nadu,Madurai,40,Female,71,144,45,Normal,0,0,1,0,1,5.6
10077,NW,Jammu And Kashmir,Kulgam,36,Male,91,173,63,Normal,0,0,1,1,5,5.3
10080,W,Maharashtra,Nagpur,40,Female,60,160,65,Normal,0,0,0,0,1,5.2
10081,S,Tamil Nadu,Kanchipuram,63,Female,82,126,60,Normal,0,0,0,0,1,6.2
10085,N,Himachal Pradesh,Kangra,54,Female,97,167,46,Normal,0,0,3,3,1,4.9
10087,S,Tamil Nadu,Kanchipuram,41,Male,112,173,95,Normal,0,0,1,1,1,5.6
10089,S,Tamil Nadu,Madurai,35,Female,98,152,80,Normal,0,1,0,0,1,5.7
10093,NW,Jammu And Kashmir,Kulgam,50,Male,90,162,62,Normal,0,0,1,1,1,5.4
10095,S,Tamil Nadu,Madurai,31,Male,94,178,82,Normal,0,0,1,1,3,5.1
10096,S,Tamil Nadu,Madurai,29,Female,95,148,60,Normal,0,0,3,1,1,6
10097,S,Tamil Nadu,Madurai,60,Female,88,148,47,Normal,0,0,0,0,2,6.1
10098,S,Tamil Nadu,Kanchipuram,44,Male,90,162,61,Normal,0,0,4,3,1,4.9
10101,S,Tamil Nadu,Madurai,45,Male,85,163,68,Normal,0,0,0,0,2,11.4
10103,S,Tamil Nadu,Madurai,68,Female,109,145,66,Normal,0,0,1,1,1,7.1
10104,NW,Jammu And Kashmir,Kathua,44,Female,94,143,61,Normal,0,0,1,2,2,5.5
10107,S,Tamil Nadu,Madurai,30,Female,96,153,41,Normal,0,0,0,1,1,6
10110,W,Rajasthan,Nagaur,60,Male,95,162,63,Normal,0,0,6,0,4,5.2
10111,W,Maharashtra,Nagpur,60,Male,100,170,80,Normal,0,0,2,4,1,5.6
10112,W,Rajasthan,Nagaur,40,Male,83,162,65,Normal,0,0,5,0,6,5.5
10120,S,Tamil Nadu,Madurai,40,Male,72,160,45,Normal,0,0,3,1,1,5.4
10121,S,Tamil Nadu,Kanchipuram,59,Female,83,147,50,Normal,0,0,0,0,4,5.4
10122,NW,Jammu And Kashmir,Kathua,50,Female,100,156,60,Normal,0,0,2,1,1,5.5
10123,NW,Jammu And Kashmir,Kulgam,45,Male,90,170,80,Normal,0,0,0,0,2,6.1
10126,W,Maharashtra,Nagpur,60,Female,100,150,67,Normal,1,0,0,0,2,5.7
10130,S,Karnataka,Kolar,27,Male,83,168,59,Normal,0,0,6,0,2,4.8
10131,S,Tamil Nadu,Kanchipuram,45,Male,89,161,62,Normal,0,0,0,0,1,9.1
10133,S,Tamil Nadu,Madurai,57,Female,91,155,64,Normal,0,0,1,0,3,6.5
10134,NW,Jammu And Kashmir,Kulgam,39,Male,82,155,73,Normal,0,0,3,0,2,6
10135,S,Tamil Nadu,Madurai,63,Female,90,144,46,Normal,1,0,0,0,1,9.1
10136,S,Tamil Nadu,Madurai,52,Male,102,170,82,Normal,1,1,0,0,1,7.5
10137,S,Tamil Nadu,Kanchipuram,65,Female,75,151,49,Normal,0,0,0,3,1,9.3
10144,S,Tamil Nadu,Kanchipuram,38,Female,71,151,49,Normal,0,0,2,2,3,5.6
10146,W,Rajasthan,Nagaur,28,Male,88,170,63,Normal,0,1,0,0,1,4.7
10147,S,Karnataka,Kolar,40,Male,99,167,74,Normal,0,0,6,6,6,5.8
10148,S,Tamil Nadu,Madurai,58,Female,84,149,50,Normal,0,0,1,0,1,6.4
10149,S,Tamil Nadu,Kanchipuram,54,Male,88,172,74,Normal,0,0,6,6,1,6.3
10150,S,Karnataka,Kolar,25,Male,99,167,84,Normal,1,0,6,6,4,5.2
10151,NE,Assam,Kamrup,43,Male,92,174,75,Normal,0,0,6,0,2,6
10153,S,Karnataka,Kolar,25,Male,78,175,56,Normal,0,0,6,0,4,4.8
10154,S,Tamil Nadu,Madurai,51,Male,89,163,60,Normal,0,0,0,0,1,9.6
10155,S,Tamil Nadu,Kanchipuram,50,Male,90,168,68,Normal,0,1,6,0,2,9.6
10158,W,Maharashtra,Nagpur,45,Female,60,152,60,Normal,0,1,0,0,1,5.3
10159,S,Karnataka,Kolar,27,Male,79,167,54,Normal,0,0,0,0,3,5.6
10161,NW,Jammu And Kashmir,Kathua,38,Female,89,170,62,Normal,0,0,0,0,2,4.7
10164,NW,Jammu And Kashmir,Kulgam,23,Female,82,162,55,Normal,0,0,0,0,2,4.8
10165,S,Tamil Nadu,Madurai,45,Female,72,153,51,Normal,0,0,6,0,3,5.8
10166,S,Tamil Nadu,Kanchipuram,35,Female,67,146,67,Normal,0,0,1,1,3,5.2
10170,W,Maharashtra,Thane,42,Female,96,165,78,Normal,0,1,3,0,3,5.6
10172,W,Maharashtra,Thane,46,Female,101,160,75,Normal,0,1,0,0,3,5.2
10181,S,Andhra Pradesh,Visakhapatnam,44,Female,80,155,65,Normal,0,0,2,2,2,6.9
10184,W,Maharashtra,Thane,38,Female,80,140,49,Normal,0,0,0,0,1,10.8
10192,S,Andhra Pradesh,Visakhapatnam,56,Male,84,157,65,Normal,0,0,2,2,4,7.3
10202,W,Maharashtra,Thane,63,Male,91,170,66,Normal,0,0,0,0,2,8.8
10207,NE,Tripura,West Tripura,33,Male,77,172,58,Normal,0,0,5,0,1,5.1
10211,S,Andhra Pradesh,Visakhapatnam,38,Male,85,155,61,Normal,0,0,2,2,4,7.5
10213,S,Andhra Pradesh,Visakhapatnam,45,Female,80,145,59,Normal,0,0,1,1,3,6.8
10216,W,Gujarat,Navsari,58,Female,89,159,66,Normal,0,0,0,0,1,6.6
10217,W,Gujarat,Navsari,50,Female,74,150,48,Normal,1,0,0,0,4,5.2
10220,S,Tamil Nadu,Namakkal,43,Male,60,170,77,Normal,0,0,1,0,1,5.4
10221,N,Haryana,Panchkula,31,Female,83,153,54,Normal,0,0,1,0,3,5.8
10227,W,Gujarat,Navsari,47,Male,99,172,82,Normal,0,0,0,0,1,5.5
10228,N,Haryana,Panchkula,52,Male,97,168,74,Normal,0,0,6,1,5,5.4
10230,W,Gujarat,Navsari,50,Female,86,152,66,Normal,0,0,6,6,3,8.6
10233,S,Andaman And Nicobar,Port Blair,49,Male,85,166,55,Normal,0,0,0,0,2,4.9
10235,S,Pondicherry,Pondicherry,48,Female,112,156,74,Normal,0,0,6,6,1,5.8
10236,S,Pondicherry,Pondicherry,62,Female,99,137,59,Normal,0,0,5,0,1,5.4
10237,W,Gujarat,Navsari,46,Male,94,178,69,Normal,0,1,0,0,3,6.3
10239,S,Pondicherry,Pondicherry,53,Male,104,173,88,Normal,0,0,0,0,4,5.6
10240,NE,Arunachal Pradesh,Papum Pare,53,Male,95,153,60,Normal,0,0,1,0,1,5.6
10241,W,Maharashtra,Nagpur,44,Female,95,167,66,Normal,1,0,4,0,1,5.9
10243,W,Gujarat,Navsari,46,Female,92,157,72,Normal,0,1,6,4,1,5.1
10244,W,Gujarat,Navsari,37,Male,89,174,75,Normal,1,0,0,0,3,6.1
10245,W,Gujarat,Navsari,61,Female,78,146,52,Normal,0,0,0,6,1,5.7
10246,S,Andaman And Nicobar,Port Blair,68,Male,77,153,45,Normal,0,0,0,0,1,5.4
10249,W,Gujarat,Navsari,70,Female,102,149,78,Normal,0,0,0,0,4,8.2
10251,W,Gujarat,Navsari,40,Female,87,147,60,Normal,1,0,0,0,2,6.4
10252,S,Andaman And Nicobar,Port Blair,42,Male,110,170,94,Normal,0,0,0,0,1,6
10254,W,Maharashtra,Nagpur,40,Female,85,153,60,Normal,0,0,5,0,1,4.8
10255,C,Chhattisgarh,Raipur,50,Female,120,162,91,Normal,0,0,0,0,1,6.6
10256,N,Haryana,Panchkula,61,Male,111,179,84,Normal,0,0,0,0,4,5.8
10259,S,Andaman And Nicobar,Port Blair,40,Male,88,163,70,Normal,1,0,0,0,4,7.8
10260,S,Andaman And Nicobar,Port Blair,23,Female,80,152,46,Normal,1,1,1,1,1,5.4
10262,S,Pondicherry,Pondicherry,37,Female,93,153,60,Normal,1,1,2,0,4,5.3
10263,S,Andaman And Nicobar,Port Blair,48,Male,82,165,55,Normal,0,0,0,0,4,8.7
10265,S,Pondicherry,Pondicherry,37,Female,106,162,77,Normal,1,1,0,0,3,4.8
10266,S,Pondicherry,Pondicherry,22,Female,94,160,74,Normal,0,0,6,3,1,5.5
10267,W,Gujarat,Navsari,50,Female,91,163,64,Normal,0,0,1,2,4,5.6
10268,W,Gujarat,Navsari,39,Female,80,152,55,Normal,0,0,0,0,1,5.9
10269,W,Gujarat,Navsari,64,Female,74,136,44,Normal,0,0,2,0,1,5.4
10270,S,Pondicherry,Pondicherry,24,Female,108,170,92,Normal,0,0,1,3,1,5.5
10279,W,Gujarat,Navsari,50,Female,87,150,54,Normal,1,0,0,0,4,5.9
10280,S,Pondicherry,Pondicherry,50,Female,77,155,67,Normal,1,0,6,1,3,6.4
10282,W,Gujarat,Navsari,63,Female,82,153,61,Normal,0,0,0,1,3,6.9
10285,N,Delhi,North West Delhi,38,Female,91,159,82,Normal,0,0,2,1,5,4.4
10286,S,Pondicherry,Pondicherry,62,Male,85,160,60,Normal,1,0,6,0,1,5.6
10290,N,Haryana,Panchkula,59,Female,114,150,85,Normal,0,0,0,0,1,5.3
10292,W,Gujarat,Navsari,58,Female,93,142,63,Normal,0,0,3,0,3,12.2
10296,N,Haryana,Panchkula,35,Male,87,162,62,Normal,0,0,6,6,5,5.4
10297,N,Haryana,Panchkula,61,Female,100,158,59,Normal,0,0,4,0,4,6.8
10301,W,Gujarat,Surat,44,Female,93,160,79,Normal,0,1,6,4,1,6.6
10302,S,Tamil Nadu,Salem,46,Female,97,155,69,Normal,0,0,0,0,3,5.4
10304,W,Gujarat,Surat,50,Female,125,155,100,Normal,1,0,1,0,2,6.9
10311,S,Tamil Nadu,Salem,51,Male,110,168,85,Normal,1,1,0,0,1,4.9
10316,C,Madhya Pradesh,Raisen,45,Female,92,162,60,Normal,0,0,0,0,4,5.7
10317,W,Gujarat,Surat,26,Male,91,185,66,Normal,0,0,0,0,1,5.9
10318,C,Chhattisgarh,Raipur,40,Female,72,142,44,Normal,0,0,6,6,1,5.3
10320,S,Tamil Nadu,Salem,43,Female,95,152,62,Normal,0,1,0,0,3,5.7
10321,C,Madhya Pradesh,Raisen,37,Female,104,169,74,Normal,0,0,0,0,1,5.4
10323,E,Jharkhand,Ranchi,55,Female,86,150,46,Normal,0,0,6,2,2,4.9
10325,C,Madhya Pradesh,Raisen,63,Female,96,163,69,Normal,0,0,1,0,2,5.4
10328,C,Madhya Pradesh,Raisen,54,Male,92,168,72,Normal,0,0,0,0,4,5.1
10329,S,Tamil Nadu,Salem,21,Female,68,150,42,Normal,0,0,0,1,1,4.7
10330,NW,Jammu And Kashmir,Samba,20,Female,88,156,60,Normal,0,0,3,1,2,4.8
10335,W,Gujarat,Surat,54,Male,91,165,63,Normal,0,0,0,0,1,7.6
10339,W,Gujarat,Surat,48,Male,102,166,84,Normal,0,0,0,0,1,6.1
10340,S,Tamil Nadu,Salem,49,Female,97,149,62,Normal,0,0,0,2,4,5.5
10343,NW,Jammu And Kashmir,Samba,57,Male,122,168,114,Normal,0,0,0,0,2,9.1
10348,S,Tamil Nadu,Salem,60,Male,80,164,50,Normal,0,0,0,0,1,5.4
10349,W,Gujarat,Surat,59,Male,107,165,86,Normal,0,1,0,0,3,7
10355,S,Tamil Nadu,Salem,50,Male,102,167,72,Normal,0,1,0,0,2,9.6
10357,S,Tamil Nadu,Salem,34,Male,92,179,72,Normal,1,0,1,0,1,5.2
10360,W,Maharashtra,Thane,51,Female,93,162,88,Normal,0,0,0,6,1,6.2
10361,S,Tamil Nadu,Salem,40,Female,116,154,80,Normal,0,0,0,0,3,5.1
10362,S,Tamil Nadu,Salem,62,Female,93,156,70,Normal,0,0,0,0,1,7.8
10365,S,Tamil Nadu,Salem,62,Female,113,153,68,Normal,0,0,0,0,1,6.2
10366,S,Tamil Nadu,Salem,28,Female,97,160,66,Normal,0,0,0,1,1,4.9
10371,W,Gujarat,Surat,39,Male,81,180,76,Normal,0,0,0,0,1,5
10376,W,Rajasthan,Ajmer,58,Female,94,158,64,Normal,0,0,0,0,1,5.7
10378,W,Maharashtra,Ahmednagar,52,Male,106,171,102,Normal,0,0,5,0,1,6.6
10381,NE,Assam,Jorhat,52,Male,75,157,53,Normal,0,0,5,2,2,5.7
10384,S,Karnataka,Bangalore,38,Male,125,178,152,Normal,0,0,4,6,5,8.4
10387,W,Maharashtra,Ahmednagar,30,Female,89,142,61,Normal,0,0,3,3,2,5.2
10388,S,Karnataka,Bangalore,46,Female,74,153,41,Normal,0,0,6,5,2,5.3
10395,W,Maharashtra,Ahmednagar,53,Female,90,150,60,Normal,0,0,4,5,2,5
10400,S,Tamil Nadu,Madurai,43,Male,88,174,71,Normal,0,0,6,6,2,5.5
10408,NE,Assam,Jorhat,55,Female,84,158,60,Normal,0,0,6,6,1,6.8
10411,W,Maharashtra,Ahmednagar,59,Male,118,165,99,Normal,0,0,3,3,2,5.8
10418,S,Tamil Nadu,Madurai,71,Male,78,150,51,Normal,0,0,0,0,2,7.2
10436,W,Maharashtra,Ahmednagar,51,Male,84,166,61,Normal,0,0,3,0,2,5.7
10437,W,Maharashtra,Ahmednagar,74,Female,95,146,41,Normal,0,0,0,0,1,6.6
10445,N,Punjab,Ajitgarh,38,Female,88,156,66,Normal,1,0,0,4,4,5.7
10449,S,Andhra Pradesh,Anantapur,27,Female,76,153,57,Normal,0,0,0,1,1,4.8
10460,W,Maharashtra,Ahmednagar,36,Male,91,167,69,Normal,0,0,2,1,3,5
10463,S,Karnataka,Bangalore,26,Female,74,156,51,Normal,0,0,2,1,2,5.4
10464,E,Orissa,Balasore,63,Male,86,160,65,Normal,1,0,3,2,4,6.7
10465,S,Karnataka,Bangalore,24,Female,86,154,53,Normal,1,0,2,2,3,5.6
10469,S,Karnataka,Bangalore,59,Male,97,166,97,Normal,0,0,0,0,2,5.4
10472,E,Orissa,Balasore,28,Female,85,153,62,Normal,1,0,2,3,1,4.7
10475,W,Maharashtra,Ahmednagar,42,Female,98,162,70,Normal,0,0,5,0,2,5.1
10477,S,Karnataka,Bangalore,43,Female,105,159,97,Normal,0,0,5,0,1,6.1
10478,S,Tamil Nadu,Madurai,36,Female,85,156,52,Normal,0,0,0,0,1,5
10486,E,Orissa,Balasore,37,Male,85,152,65,Normal,1,0,0,0,2,5.3
10491,W,Maharashtra,Ahmednagar,48,Female,92,140,55,Normal,1,0,3,2,2,5.9
10493,S,Andhra Pradesh,Anantapur,40,Female,85,159,59,Normal,0,0,3,3,2,5.8
10501,W,Rajasthan,Ajmer,42,Female,78,165,56,Normal,0,0,0,0,2,5.2
10503,W,Rajasthan,Ajmer,59,Female,98,152,55,Normal,0,0,0,0,2,11.8
10504,S,Karnataka,Bangalore,57,Male,74,155,75,Normal,0,0,4,3,6,5.7
10505,E,Orissa,Balasore,66,Male,87,160,65,Normal,1,0,2,2,4,10.7
10508,S,Andhra Pradesh,Anantapur,49,Male,80,170,70,Normal,0,0,3,3,1,5
10515,N,Chandigarh,Chandigarh,36,Female,114,141,68,Normal,0,0,2,2,4,6.1
10516,N,Chandigarh,Chandigarh,55,Female,100,166,70,Normal,0,0,0,0,1,10.2
10518,C,Madhya Pradesh,Gwalior,57,Female,80,148,76,Normal,0,0,0,0,4,14.4
10520,NE,Manipur,Imphal West,40,Female,89,149,55,Normal,0,0,2,1,2,5.7
10522,N,Chandigarh,Chandigarh,62,Male,88,160,68,Normal,0,0,5,0,1,5.6
10523,N,Chandigarh,Chandigarh,57,Female,107,156,64,Normal,0,0,2,3,4,6.4
10524,N,Chandigarh,Chandigarh,43,Female,95,156,85,Normal,0,0,0,0,3,6
10528,C,Madhya Pradesh,Bhopal,68,Male,92,160,60,Normal,0,0,0,0,1,5.9
10531,E,West Bengal,Bankura,28,Male,82,152,55,Normal,0,0,2,2,2,5.7
10532,E,Orissa,Bargarh,35,Male,78,153,52,Normal,0,0,1,0,1,5.2
10533,E,Jharkhand,Hazaribag,38,Male,80,163,53,Normal,0,0,1,1,3,5.2
10534,E,West Bengal,Bankura,45,Female,91,161,54,Normal,0,0,2,2,2,5.7
10536,E,West Bengal,Bankura,48,Female,86,157,57,Normal,0,0,4,3,1,4.9
10545,NE,Manipur,Imphal West,45,Female,88,159,65,Normal,1,0,0,1,2,5.4
10546,NE,Manipur,Imphal West,25,Female,91,152,63,Normal,0,0,0,0,1,5.5
10548,C,Madhya Pradesh,Gwalior,45,Male,102,171,97,Normal,0,0,0,0,1,6.1
10553,E,Jharkhand,Hazaribag,30,Female,87,153,52,Normal,0,0,1,1,6,5.2
10555,C,Madhya Pradesh,Bhopal,25,Female,84,158,49,Normal,0,0,0,0,4,5.3
10556,S,Karnataka,Bangalore,53,Male,94,157,72,Normal,0,0,2,0,1,6
10558,C,Madhya Pradesh,Gwalior,48,Male,88,169,88,Normal,1,0,3,0,1,6.4
10561,E,Orissa,Bargarh,35,Male,65,152,55,Normal,0,0,3,6,3,4.7
10562,NW,Jammu And Kashmir,Jammu,59,Male,101,189,65,Normal,0,0,1,0,2,5.2
10566,N,Chandigarh,Chandigarh,48,Female,114,159,88,Normal,0,0,0,0,1,5.7
10567,C,Madhya Pradesh,Gwalior,45,Female,100,160,70,Normal,0,0,0,0,2,7.3
10572,N,Chandigarh,Chandigarh,38,Female,88,156,66,Normal,0,0,0,4,4,5.7
10573,N,Chandigarh,Chandigarh,27,Female,92,157,55,Normal,0,1,0,0,2,5.4
10576,NE,Meghalaya,East Khasi Hills,60,Male,84,158,52,Normal,0,0,6,0,1,5.6
10579,NW,Jammu And Kashmir,Jammu,70,Male,90,180,74,Normal,0,0,2,0,1,5.8
10586,C,Madhya Pradesh,Gwalior,38,Male,108,155,85,Normal,0,0,0,0,4,5.9
10588,N,Chandigarh,Chandigarh,36,Female,112,150,77,Normal,1,0,0,0,5,5
10590,N,Chandigarh,Chandigarh,66,Male,93,169,69,Normal,0,0,0,0,1,5.9
10593,NW,Jammu And Kashmir,Jammu,58,Female,88,160,70,Normal,0,0,5,2,4,5.9
10598,N,Chandigarh,Chandigarh,63,Female,107,162,62,Normal,0,0,0,0,4,5.6
10601,E,West Bengal,Bardhaman,56,Male,95,170,91,Normal,1,0,0,0,2,7.5
10602,N,Chandigarh,Chandigarh,60,Female,98,159,59,Normal,0,1,0,0,3,6.7
10604,N,Chandigarh,Chandigarh,57,Female,83,145,44,Normal,0,0,0,0,1,5.6
10605,NW,Jammu And Kashmir,Jammu,57,Male,102,167,54,Normal,0,0,0,0,1,5.5
10606,NE,Meghalaya,East Khasi Hills,50,Female,95,138,77,Normal,0,0,6,0,1,6.4
10607,C,Madhya Pradesh,Gwalior,59,Male,90,169,73,Normal,0,0,6,3,6,5.4
10608,N,Chandigarh,Chandigarh,50,Female,91,158,67,Normal,1,1,0,3,4,5.8
10610,NW,Jammu And Kashmir,Jammu,70,Female,96,163,63,Normal,0,0,0,0,1,4.7
10611,N,Chandigarh,Chandigarh,54,Male,106,172,92,Normal,1,1,0,1,3,5.9
10618,W,Maharashtra,Nagpur,40,Female,95,153,60,Normal,0,0,5,0,1,4.6
10619,S,Tamil Nadu,Madurai,60,Female,99,150,72,Normal,0,0,1,1,1,6.8
10620,S,Karnataka,Kolar,26,Male,66,163,45,Normal,0,0,6,6,6,4.9
10622,S,Karnataka,Kolar,27,Male,77,163,57,Normal,0,0,6,6,6,5.1
10626,NW,Jammu And Kashmir,Kathua,57,Male,98,167,71,Normal,0,0,2,1,5,5.1
10628,S,Karnataka,Kolar,25,Male,70,168,55,Normal,0,0,0,0,3,5
10630,S,Tamil Nadu,Madurai,55,Male,75,145,45,Normal,0,0,0,1,2,5.8
10633,S,Tamil Nadu,Madurai,55,Female,88,159,63,Normal,0,0,1,2,1,7
10636,NW,Jammu And Kashmir,Kulgam,60,Male,90,162,62,Normal,0,0,0,0,1,5.6
10639,W,Rajasthan,Nagaur,20,Male,79,179,79,Normal,0,0,0,0,1,4.8
10644,NW,Jammu And Kashmir,Kulgam,38,Male,74,177,55,Normal,0,0,1,1,1,4.9
10645,S,Tamil Nadu,Madurai,35,Female,80,155,55,Normal,0,0,1,3,2,5.8
10650,S,Tamil Nadu,Kanchipuram,42,Male,79,161,51,Normal,0,0,1,1,1,5.4
10652,S,Tamil Nadu,Kanchipuram,47,Female,76,150,44,Normal,0,0,0,0,1,9.6
10653,S,Tamil Nadu,Kanchipuram,45,Female,86,145,55,Normal,0,0,3,1,1,5.6
10654,S,Tamil Nadu,Kanchipuram,45,Female,70,145,41,Normal,0,0,3,3,3,5.5
10655,S,Tamil Nadu,Kanchipuram,62,Female,82,155,60,Normal,0,0,3,4,2,11.9
10657,NW,Jammu And Kashmir,Kathua,64,Male,102,162,65,Normal,0,0,0,0,2,5.7
10658,S,Tamil Nadu,Madurai,30,Female,74,139,48,Normal,0,0,0,0,1,5.9
10659,S,Tamil Nadu,Madurai,25,Female,84,143,54,Normal,0,0,0,0,2,5.7
10660,S,Tamil Nadu,Kanchipuram,68,Male,106,164,85,Normal,0,0,0,0,1,6.4
10661,S,Tamil Nadu,Madurai,38,Male,93,173,80,Normal,0,0,0,0,4,5.6
10663,S,Tamil Nadu,Madurai,58,Female,82,158,54,Normal,0,0,0,1,1,6.6
10664,NE,Assam,Kamrup,65,Male,91,157,51,Normal,0,0,0,0,1,6.7
10665,S,Tamil Nadu,Madurai,25,Female,88,151,74,Normal,1,0,0,0,6,5.6
10666,S,Tamil Nadu,Kanchipuram,46,Male,89,121,89,Normal,0,0,0,0,1,5.9
10667,S,Tamil Nadu,Madurai,66,Male,73,164,73,Normal,0,0,0,0,1,6.5
10668,S,Tamil Nadu,Kanchipuram,65,Male,60,156,75,Normal,0,0,0,0,1,6.1
10669,S,Tamil Nadu,Kanchipuram,60,Male,89,157,62,Normal,0,0,0,0,1,5.7
10672,S,Tamil Nadu,Madurai,61,Male,85,167,55,Normal,0,0,1,0,3,10.4
10674,S,Tamil Nadu,Kanchipuram,40,Male,83,152,56,Normal,0,0,0,0,2,5.9
10675,S,Tamil Nadu,Kanchipuram,45,Female,76,145,49,Normal,0,0,0,2,6,5.5
10677,S,Tamil Nadu,Madurai,45,Male,83,155,49,Normal,0,0,0,0,1,6.1
10679,N,Himachal Pradesh,Kangra,52,Female,106,164,55,Normal,0,0,5,3,4,4.6
10680,NE,Assam,Kamrup,40,Female,86,150,50,Normal,0,1,4,2,2,6
10681,S,Tamil Nadu,Kanchipuram,46,Female,80,158,69,Normal,1,0,0,0,2,5.9
10682,NE,Assam,Kamrup,45,Female,97,160,65,Normal,0,0,6,2,2,6.6
10683,S,Tamil Nadu,Madurai,55,Male,79,169,60,Normal,0,0,1,1,2,7.1
10685,W,Maharashtra,Nagpur,32,Male,100,175,87,Normal,0,1,2,0,1,5.3
10686,S,Tamil Nadu,Madurai,65,Female,96,149,64,Normal,0,0,1,1,1,5.9
10688,S,Tamil Nadu,Madurai,31,Female,82,146,48,Normal,0,0,0,0,1,5.8
10689,N,Himachal Pradesh,Kangra,47,Male,94,169,60,Normal,0,0,3,2,4,4.7
10690,S,Tamil Nadu,Kanchipuram,43,Female,100,155,60,Normal,0,0,1,1,1,5.4
10691,S,Tamil Nadu,Kanchipuram,63,Male,96,158,61,Normal,0,0,1,0,1,6.6
10692,S,Tamil Nadu,Madurai,50,Female,94,155,65,Normal,0,0,0,0,1,6.7
10708,C,Madhya Pradesh,Ujjain,47,Female,94,159,68,Normal,0,0,0,0,1,5.8
10720,W,Maharashtra,Thane,54,Female,102,142,69,Normal,0,0,6,0,1,6.4
10722,W,Maharashtra,Thane,40,Male,66,164,66,Normal,1,0,5,0,1,5.3
10723,W,Maharashtra,Thane,47,Female,93,152,63,Normal,0,0,4,2,4,6.1
10724,W,Maharashtra,Thane,40,Female,86,148,60,Normal,0,0,0,0,3,6
10725,W,Maharashtra,Thane,38,Male,101,180,66,Normal,0,1,0,0,1,6
10726,W,Maharashtra,Thane,30,Female,69,150,43,Normal,0,0,3,0,1,5.3
10729,W,Maharashtra,Thane,32,Female,87,160,62,Normal,0,0,0,0,1,5
10731,W,Maharashtra,Thane,42,Male,96,157,65,Normal,0,0,0,1,1,5.6
10732,W,Maharashtra,Thane,25,Female,87,167,46,Normal,0,0,0,0,3,5.3
10738,S,Andaman And Nicobar,Port Blair,55,Female,105,151,75,Normal,0,0,4,1,1,6.1
10739,S,Pondicherry,Pondicherry,60,Male,90,169,68,Normal,0,0,2,2,2,5.6
10740,W,Gujarat,Navsari,40,Female,80,158,59,Normal,0,0,0,0,2,5.5
10744,W,Gujarat,Navsari,47,Female,88,152,58,Normal,1,1,1,0,1,5.5
10745,S,Andaman And Nicobar,Port Blair,80,Female,96,193,70,Normal,0,0,0,0,1,6.1
10751,W,Gujarat,Navsari,51,Male,98,172,76,Normal,0,0,0,3,3,5.7
10753,S,Pondicherry,Pondicherry,45,Male,103,180,100,Normal,1,1,0,0,3,5.5
10755,S,Pondicherry,Pondicherry,47,Male,100,163,78,Normal,0,0,1,1,1,6.4
10756,W,Gujarat,Navsari,44,Male,88,168,66,Normal,0,1,0,0,1,5.6
10759,S,Andaman And Nicobar,Port Blair,55,Male,86,160,50,Normal,0,0,4,3,2,5.8
10760,S,Andaman And Nicobar,Port Blair,63,Female,90,162,58,Normal,0,0,0,2,1,5.1
10761,S,Pondicherry,Pondicherry,52,Female,109,148,59,Normal,0,0,0,0,1,6.4
10763,N,Haryana,Panchkula,50,Male,102,157,71,Normal,0,0,6,0,4,5.5
10764,W,Gujarat,Navsari,60,Female,103,147,66,Normal,0,0,0,0,1,6.4
10767,W,Gujarat,Navsari,60,Male,101,167,80,Normal,0,0,2,0,5,7
10769,S,Pondicherry,Pondicherry,57,Male,94,161,66,Normal,0,1,3,0,1,9.1
10772,NE,Arunachal Pradesh,Papum Pare,56,Male,99,162,66,Normal,0,0,2,1,2,5.9
10773,W,Gujarat,Navsari,32,Female,94,157,73,Normal,0,1,5,0,3,5.6
10774,S,Pondicherry,Pondicherry,35,Female,91,148,93,Normal,0,0,0,0,2,5.4
10775,S,Pondicherry,Pondicherry,31,Male,90,171,80,Normal,1,0,6,1,1,5.7
10777,W,Gujarat,Navsari,47,Male,101,165,76,Normal,1,0,0,0,3,9.9
10783,S,Pondicherry,Pondicherry,49,Female,86,167,80,Normal,1,1,0,0,1,5.7
10785,S,Andaman And Nicobar,Port Blair,47,Male,111,170,90,Normal,0,0,0,0,1,6.1
10789,W,Gujarat,Navsari,48,Female,89,148,56,Normal,0,0,0,0,3,5.2
10790,W,Gujarat,Navsari,24,Female,74,162,53,Normal,0,0,0,0,1,5.6
10791,S,Andaman And Nicobar,Port Blair,45,Female,87,155,76,Normal,1,1,0,0,1,5.7
10792,W,Gujarat,Navsari,43,Female,103,153,84,Normal,0,0,0,0,3,5.9
10793,W,Gujarat,Navsari,50,Female,83,159,62,Normal,0,0,0,0,3,5.2
10794,S,Tamil Nadu,Namakkal,68,Male,83,165,63,Normal,0,0,1,3,1,6.4
10795,S,Andaman And Nicobar,Port Blair,58,Female,100,145,60,Normal,1,0,0,0,1,6.1
10796,W,Gujarat,Navsari,42,Female,91,154,67,Normal,0,0,0,0,3,6.6
10798,W,Gujarat,Navsari,68,Male,103,170,87,Normal,0,0,4,4,2,11.4
10799,W,Gujarat,Navsari,66,Male,107,171,83,Normal,0,0,0,0,4,6.3
10800,W,Gujarat,Navsari,62,Male,103,172,72,Normal,0,0,1,0,1,5.8
10802,W,Gujarat,Navsari,60,Female,88,165,75,Normal,0,0,6,0,1,5.9
10804,N,Haryana,Panchkula,32,Female,90,160,70,Normal,0,0,0,0,4,5.8
10806,W,Gujarat,Navsari,60,Male,100,162,70,Normal,0,0,0,6,2,6.3
10808,W,Gujarat,Navsari,47,Female,65,148,50,Normal,0,0,1,1,5,5.7
10809,S,Pondicherry,Pondicherry,37,Male,85,167,64,Normal,0,0,0,0,1,5.9
10810,S,Pondicherry,Pondicherry,44,Male,93,176,76,Normal,0,1,1,1,1,9.2
10811,W,Maharashtra,Nagpur,48,Male,90,170,65,Normal,0,0,1,1,4,10.6
10814,NE,Arunachal Pradesh,Papum Pare,42,Female,95,150,54,Normal,0,0,0,0,1,9.5
10816,W,Gujarat,Navsari,25,Male,88,180,71,Normal,0,0,0,6,1,5
10818,C,Chhattisgarh,Raipur,35,Male,72,156,51,Normal,0,0,0,0,2,4.6
10819,W,Gujarat,Navsari,51,Female,90,158,61,Normal,0,1,0,0,4,5.8
10820,W,Gujarat,Navsari,38,Male,75,170,45,Normal,0,0,0,0,1,5.1
10821,S,Tamil Nadu,Salem,52,Male,92,156,67,Normal,1,0,0,1,1,5.6
10822,W,Gujarat,Surat,50,Female,78,140,50,Normal,0,0,0,0,5,5.1
10823,S,Tamil Nadu,Salem,60,Female,94,150,63,Normal,0,0,0,0,1,5.9
10824,C,Madhya Pradesh,Raisen,32,Male,96,175,65,Normal,0,0,0,0,1,4.3
10826,S,Tamil Nadu,Salem,50,Male,121,157,83,Normal,1,1,0,6,1,6.8
10827,E,Jharkhand,Ranchi,35,Male,78,150,52,Normal,0,0,0,2,6,4.4
10831,S,Tamil Nadu,Salem,45,Male,76,140,50,Normal,0,0,0,0,1,5.8
10834,S,Tamil Nadu,Salem,29,Female,86,163,68,Normal,1,0,0,0,1,5
10835,S,Tamil Nadu,Salem,42,Male,90,164,70,Normal,0,0,6,0,1,6.2
10840,W,Gujarat,Surat,53,Male,98,170,75,Normal,0,0,6,6,1,5.6
10848,S,Tamil Nadu,Salem,68,Female,85,150,64,Normal,0,0,1,1,2,5.8
10849,S,Tamil Nadu,Salem,68,Female,110,146,65,Normal,0,0,0,0,1,6.1
10855,C,Madhya Pradesh,Raisen,46,Male,102,158,70,Normal,0,0,0,0,1,5.4
10856,W,Maharashtra,Thane,42,Female,100,157,92,Normal,1,0,0,0,3,5.8
10859,NW,Jammu And Kashmir,Samba,60,Male,94,169,62,Normal,0,0,1,1,1,4.9
10872,W,Rajasthan,Ajmer,41,Female,112,161,74,Normal,0,0,0,0,1,5
10884,W,Maharashtra,Ahmednagar,36,Male,99,163,74,Normal,0,0,2,2,1,6.1
10885,S,Karnataka,Bangalore,50,Male,95,166,84,Normal,1,0,1,6,2,5.4
10886,S,Karnataka,Bangalore,53,Female,91,162,69,Normal,0,0,6,5,1,5.9
10889,W,Maharashtra,Ahmednagar,39,Female,100,155,69,Normal,1,0,5,3,3,5.9
10890,W,Maharashtra,Ahmednagar,47,Female,96,154,60,Normal,0,0,3,3,1,5.6
10892,E,Orissa,Balasore,55,Male,86,148,75,Normal,0,1,2,3,3,5.9
10893,N,Punjab,Ajitgarh,62,Male,94,182,61,Normal,0,0,0,0,1,11.9
10894,N,Punjab,Ajitgarh,52,Male,93,168,60,Normal,0,0,0,0,1,5.6
10895,N,Punjab,Ajitgarh,67,Male,106,165,71,Normal,0,0,0,0,1,5.9
10897,W,Maharashtra,Ahmednagar,53,Female,109,159,70,Normal,0,0,2,0,2,6.5
10899,W,Rajasthan,Ajmer,55,Male,91,170,64,Normal,0,0,0,0,3,6.2
10900,W,Maharashtra,Ahmednagar,50,Female,101,159,66,Normal,0,0,0,2,2,6
10907,W,Maharashtra,Ahmednagar,42,Female,124,154,91,Normal,1,0,1,0,1,5.8
10908,S,Karnataka,Bangalore,45,Male,90,169,76,Normal,0,1,6,6,6,7.3
10909,E,Orissa,Balasore,46,Male,90,160,78,Normal,0,0,1,0,2,4.9
10914,E,Orissa,Balasore,52,Female,80,148,60,Normal,0,0,1,0,2,5
10915,E,Orissa,Balasore,22,Male,80,158,62,Normal,0,0,1,1,1,5.5
10939,S,Tamil Nadu,Madurai,53,Female,91,146,60,Normal,0,0,0,0,1,6.3
10941,NW,Jammu And Kashmir,Anantnag,24,Female,102,162,59,Normal,0,0,1,1,2,4.8
10942,S,Tamil Nadu,Madurai,60,Male,90,154,59,Normal,0,0,0,2,2,5.6
10948,S,Tamil Nadu,Madurai,61,Female,108,148,73,Normal,0,0,0,0,2,5.4
10949,W,Rajasthan,Ajmer,38,Male,90,145,48,Normal,1,0,4,2,6,14.2
10953,C,Madhya Pradesh,Bhopal,40,Female,96,144,55,Normal,0,0,6,6,4,6
10954,N,Chandigarh,Chandigarh,35,Female,101,154,73,Normal,0,0,0,0,6,5
10956,C,Madhya Pradesh,Bhopal,47,Female,99,148,54,Normal,0,0,4,5,2,5.7
10958,C,Madhya Pradesh,Bhopal,38,Male,98,160,82,Normal,0,0,0,3,2,6.8
10960,C,Madhya Pradesh,Bhopal,35,Female,85,130,44,Normal,0,0,0,0,4,5.9
10962,N,Chandigarh,Chandigarh,40,Female,110,152,71,Normal,0,0,0,0,1,5.8
10965,S,Karnataka,Hassan,30,Male,108,148,75,Normal,0,0,0,0,4,5.9
10966,C,Madhya Pradesh,Bhopal,52,Female,83,154,53,Normal,0,0,6,1,1,5.6
10970,C,Madhya Pradesh,Bhopal,50,Female,84,145,49,Normal,0,0,6,6,4,4.5
10971,S,Karnataka,Hassan,38,Male,86,167,64,Normal,0,0,0,0,1,5.2
10972,N,Chandigarh,Chandigarh,25,Male,104,167,84,Normal,0,0,0,0,6,5.1
10973,C,Madhya Pradesh,Bhopal,51,Male,113,172,95,Normal,0,0,0,0,1,6.1
10977,E,Jharkhand,Hazaribag,46,Male,90,150,52,Normal,0,0,0,0,2,4.5
10978,E,Jharkhand,Hazaribag,60,Male,92,150,92,Normal,0,0,1,1,2,5.4
10981,C,Madhya Pradesh,Gwalior,65,Female,80,160,72,Normal,0,0,0,0,2,7.5
10982,NE,Manipur,Imphal West,36,Female,76,161,53,Normal,0,0,1,0,1,5.4
10984,N,Chandigarh,Chandigarh,35,Female,98,159,65,Normal,0,1,0,0,2,5.6
10985,C,Madhya Pradesh,Bhopal,72,Male,80,165,65,Normal,0,0,0,0,1,6
10986,NE,Manipur,Imphal West,44,Female,102,161,77,Normal,0,0,1,6,1,5.3
10987,C,Madhya Pradesh,Gwalior,38,Male,70,181,87,Normal,0,0,2,0,2,5.3
10989,NE,Meghalaya,East Khasi Hills,38,Female,80,150,60,Normal,1,1,1,1,1,4.8
10990,NE,Manipur,Imphal West,38,Female,86,159,52,Normal,0,0,2,1,2,5.4
10992,C,Madhya Pradesh,Bhopal,70,Female,80,164,50,Normal,0,0,6,1,1,5.7
10993,NE,Manipur,Imphal West,57,Female,98,150,98,Normal,0,0,4,5,4,6.7
10996,NE,Manipur,Imphal West,41,Male,93,164,69,Normal,0,0,3,6,2,5.1
10997,N,Chandigarh,Chandigarh,50,Female,125,148,90,Normal,0,0,0,0,1,7.1
10998,C,Madhya Pradesh,Gwalior,60,Female,70,158,78,Normal,0,0,1,1,2,6
10999,N,Chandigarh,Chandigarh,31,Female,104,165,65,Normal,1,0,0,0,4,4.6
11000,C,Madhya Pradesh,Bhopal,21,Female,74,150,43,Normal,0,0,0,0,1,5.3
11002,C,Madhya Pradesh,Gwalior,55,Female,71,165,71,Normal,0,0,0,0,2,5.5
11003,N,Chandigarh,Chandigarh,48,Male,97,171,84,Normal,0,1,0,0,4,5.6
11006,C,Madhya Pradesh,Bhopal,39,Male,92,155,72,Normal,0,0,0,1,1,5.7
11008,N,Chandigarh,Chandigarh,45,Female,113,160,76,Normal,0,0,5,0,4,5.5
11009,NE,Meghalaya,East Khasi Hills,60,Female,87,142,50,Normal,0,0,1,0,1,6.4
11010,C,Madhya Pradesh,Gwalior,20,Female,88,161,62,Normal,1,0,0,0,1,5.7
11011,N,Chandigarh,Chandigarh,35,Male,81,162,70,Normal,1,0,0,0,3,5.2
11012,N,Chandigarh,Chandigarh,20,Male,90,174,65,Normal,0,0,0,0,1,5.1
11013,NE,Manipur,Imphal West,37,Female,76,158,76,Normal,0,1,4,0,2,5.5
11019,N,Chandigarh,Chandigarh,48,Female,104,152,70,Normal,0,0,0,0,4,11.1
11023,NW,Jammu And Kashmir,Jammu,62,Male,101,160,62,Normal,0,0,2,1,1,5.8
11024,E,West Bengal,Bankura,60,Male,77,166,56,Normal,0,0,2,1,1,5.4
11043,NW,Jammu And Kashmir,Jammu,62,Female,95,168,75,Normal,0,0,1,1,1,5.5
11045,S,Karnataka,Bangalore,36,Male,120,171,120,Normal,1,0,1,1,2,5.3
11048,NW,Jammu And Kashmir,Jammu,70,Female,94,148,51,Normal,0,0,2,1,1,6.5
11049,NW,Jammu And Kashmir,Jammu,50,Female,92,161,62,Normal,0,0,0,0,1,5.2
11055,NW,Jammu And Kashmir,Jammu,68,Male,108,166,73,Normal,0,0,0,0,1,5.6
11063,S,Tamil Nadu,Madurai,65,Female,93,148,55,Normal,0,0,6,5,3,5.6
11065,S,Tamil Nadu,Madurai,65,Female,94,156,55,Normal,0,0,1,1,1,6.1
11066,S,Tamil Nadu,Kanchipuram,52,Male,76,160,54,Normal,0,0,2,0,1,5.6
11067,S,Tamil Nadu,Kanchipuram,36,Male,116,156,83,Normal,1,1,3,3,2,6.5
11071,S,Tamil Nadu,Kanchipuram,42,Male,93,169,70,Normal,0,0,2,3,2,6.1
11073,S,Tamil Nadu,Kanchipuram,55,Female,103,162,80,Normal,0,0,6,0,6,8.3
11076,S,Tamil Nadu,Kanchipuram,50,Female,72,153,41,Normal,0,0,1,0,1,6.2
11077,NW,Jammu And Kashmir,Kulgam,22,Female,85,156,47,Normal,0,0,0,0,1,5.3
11078,S,Tamil Nadu,Madurai,20,Female,72,150,45,Normal,1,1,0,0,1,5.1
11080,NW,Jammu And Kashmir,Kulgam,50,Male,104,161,80,Normal,0,0,0,0,1,6.1
11082,S,Tamil Nadu,Madurai,55,Male,84,157,52,Normal,0,0,1,0,2,5.9
11083,S,Tamil Nadu,Madurai,56,Female,86,156,45,Normal,0,0,2,5,3,5.9
11084,S,Tamil Nadu,Madurai,56,Male,112,159,78,Normal,0,0,1,2,2,6.3
11085,S,Tamil Nadu,Kanchipuram,38,Female,71,156,51,Normal,0,1,0,0,1,5.2
11087,S,Tamil Nadu,Madurai,50,Female,95,147,53,Normal,0,0,4,0,6,5.8
11089,NW,Jammu And Kashmir,Kulgam,35,Male,91,161,65,Normal,0,0,1,1,1,5.9
11091,NW,Jammu And Kashmir,Kulgam,33,Male,95,160,60,Normal,0,0,1,1,1,4.4
11092,NW,Jammu And Kashmir,Kulgam,45,Male,90,169,65,Normal,0,0,1,1,2,4.5
11095,S,Tamil Nadu,Madurai,31,Female,98,146,73,Normal,0,1,3,0,2,5.8
11096,NW,Jammu And Kashmir,Kulgam,43,Male,86,162,78,Normal,0,0,2,0,2,5.4
11098,S,Tamil Nadu,Kanchipuram,58,Male,72,160,50,Normal,0,0,2,2,2,4.8
11099,S,Tamil Nadu,Madurai,58,Female,92,144,60,Normal,1,0,0,0,1,6.7
11100,S,Tamil Nadu,Kanchipuram,52,Male,97,163,67,Normal,0,0,6,6,3,5.2
11102,S,Tamil Nadu,Madurai,50,Male,98,180,106,Normal,0,1,0,0,2,5.6
11105,NW,Jammu And Kashmir,Kulgam,36,Female,110,155,100,Normal,0,0,0,0,3,5.5
11108,S,Tamil Nadu,Madurai,45,Female,71,145,48,Normal,0,0,3,1,1,6.2
11112,S,Karnataka,Kolar,25,Male,75,165,57,Normal,0,1,6,1,4,5.5
11113,S,Karnataka,Kolar,32,Male,69,170,52,Normal,0,0,6,0,3,5
11115,S,Karnataka,Kolar,25,Male,85,165,55,Normal,0,0,6,0,4,5.5
11116,NE,Assam,Kamrup,40,Female,81,152,50,Normal,0,0,6,0,3,6.4
11117,S,Tamil Nadu,Madurai,45,Male,68,162,50,Normal,0,0,1,2,3,5.6
11122,NW,Jammu And Kashmir,Kathua,42,Male,88,170,90,Normal,0,0,1,1,1,5.6
11124,S,Tamil Nadu,Madurai,37,Female,111,159,90,Normal,0,0,0,0,2,8.3
11126,S,Tamil Nadu,Kanchipuram,33,Female,89,148,67,Normal,0,0,0,0,1,5.6
11128,S,Tamil Nadu,Kanchipuram,67,Male,82,155,50,Normal,1,0,0,1,1,5.2
11130,S,Tamil Nadu,Kanchipuram,63,Male,100,127,79,Normal,0,0,0,1,2,5.9
11131,S,Tamil Nadu,Kanchipuram,59,Female,70,141,70,Normal,0,0,1,0,1,6.3
11132,S,Tamil Nadu,Madurai,55,Female,78,140,54,Normal,0,0,2,0,2,5.8
11135,S,Tamil Nadu,Madurai,53,Female,118,147,87,Normal,0,0,0,0,2,9.3
11137,S,Tamil Nadu,Kanchipuram,57,Male,76,163,51,Normal,0,0,6,6,1,5.7
11138,S,Tamil Nadu,Madurai,70,Male,87,147,41,Normal,0,0,0,1,1,6.5
11139,S,Tamil Nadu,Madurai,25,Female,66,149,49,Normal,0,0,3,4,2,5.1
11142,NW,Jammu And Kashmir,Kulgam,35,Female,91,150,54,Normal,0,0,0,0,4,5
11146,S,Tamil Nadu,Madurai,28,Female,80,148,60,Normal,0,0,0,0,2,5.6
11148,S,Tamil Nadu,Kanchipuram,57,Female,95,153,58,Normal,0,0,0,0,1,6.4
11150,S,Tamil Nadu,Madurai,55,Male,89,172,65,Normal,0,0,1,1,1,6.3
11151,S,Tamil Nadu,Madurai,60,Male,101,182,84,Normal,0,0,0,0,2,7
11152,W,Rajasthan,Nagaur,24,Male,90,171,71,Normal,0,0,0,0,1,4.4
11153,S,Tamil Nadu,Madurai,52,Male,82,147,45,Normal,0,0,0,0,2,6
11154,S,Tamil Nadu,Madurai,37,Female,95,154,58,Normal,0,0,0,0,1,5.3
11155,S,Tamil Nadu,Kanchipuram,34,Female,82,149,57,Normal,0,0,0,0,1,5.6
11156,W,Dadra And Nagar Haveli,Ujjain,48,Female,78,167,76,Normal,0,1,6,6,3,5.8
11173,W,Maharashtra,Thane,20,Female,80,152,65,Normal,0,0,0,0,1,5.2
11178,S,Andhra Pradesh,Visakhapatnam,53,Female,81,165,80,Normal,0,0,0,2,1,7
11180,W,Maharashtra,Thane,50,Male,97,158,76,Normal,0,0,0,0,1,5.8
11184,W,Maharashtra,Thane,38,Female,115,152,95,Normal,0,0,4,1,1,9.5
11188,W,Maharashtra,Thane,22,Male,90,159,77,Normal,0,0,0,0,4,5.8
11189,W,Maharashtra,Thane,30,Female,80,154,65,Normal,0,0,0,0,3,4.9
11195,NE,Tripura,West Tripura,35,Female,80,170,64,Normal,0,0,6,0,1,4.8
11205,S,Andhra Pradesh,Visakhapatnam,48,Female,83,158,43,Normal,1,0,0,0,1,7.5
11208,S,Andaman And Nicobar,Port Blair,42,Female,110,157,62,Normal,1,1,1,1,1,7.8
11209,NE,Arunachal Pradesh,Papum Pare,53,Male,94,164,66,Normal,0,0,0,0,1,6.2
11210,W,Maharashtra,Nagpur,55,Female,80,176,70,Normal,0,0,6,2,2,5.4
11211,S,Andaman And Nicobar,Port Blair,65,Male,90,170,68,Normal,0,0,0,1,1,5.6
11214,W,Gujarat,Navsari,58,Male,80,142,48,Normal,0,0,0,0,5,6
11215,W,Maharashtra,Nagpur,44,Male,99,152,68,Normal,1,0,3,2,3,5.7
11217,S,Pondicherry,Pondicherry,60,Female,89,150,54,Normal,0,0,1,3,1,4.8
11221,W,Gujarat,Navsari,36,Female,82,152,63,Normal,1,0,2,0,3,5.7
11224,S,Andaman And Nicobar,Port Blair,71,Male,100,156,64,Normal,0,0,0,0,1,6.4
11233,W,Gujarat,Navsari,43,Male,108,182,93,Normal,0,0,0,0,2,6.1
11234,S,Pondicherry,Pondicherry,53,Female,90,157,62,Normal,0,0,4,0,1,5.7
11235,W,Maharashtra,Nagpur,60,Male,80,170,68,Normal,0,0,3,1,1,5.4
11237,W,Gujarat,Navsari,47,Female,87,148,61,Normal,1,1,0,0,2,5.8
11245,W,Gujarat,Navsari,49,Female,88,157,68,Normal,0,0,0,0,1,5.1
11246,S,Pondicherry,Pondicherry,56,Male,106,169,83,Normal,1,0,0,0,1,6.4
11247,W,Gujarat,Navsari,60,Male,95,167,67,Normal,0,0,0,0,1,5.8
11249,C,Chhattisgarh,Raipur,50,Female,87,162,81,Normal,0,0,0,0,6,5.9
11250,S,Andaman And Nicobar,Port Blair,28,Female,92,151,55,Normal,0,0,0,0,1,5.6
11251,W,Maharashtra,Nagpur,47,Male,90,176,80,Normal,0,0,0,0,1,5.7
11252,W,Maharashtra,Nagpur,57,Male,92,175,83,Normal,0,0,0,0,1,5.8
11254,W,Gujarat,Navsari,32,Female,77,147,53,Normal,0,0,0,0,6,5.6
11255,S,Pondicherry,Pondicherry,36,Female,117,148,96,Normal,0,1,0,0,1,5.9
11256,S,Pondicherry,Pondicherry,48,Male,106,173,87,Normal,0,0,0,0,6,6.5
11257,S,Andaman And Nicobar,Port Blair,79,Male,85,155,54,Normal,0,0,1,1,1,6.1
11263,S,Pondicherry,Pondicherry,49,Female,77,153,66,Normal,0,1,4,0,1,6
11264,W,Maharashtra,Nagpur,36,Female,70,160,65,Normal,1,0,0,0,1,5.4
11267,S,Andaman And Nicobar,Port Blair,72,Male,102,172,60,Normal,0,0,0,0,2,6.8
11269,W,Gujarat,Navsari,39,Female,84,152,62,Normal,0,0,1,1,1,5.4
11270,W,Gujarat,Navsari,50,Female,105,157,98,Normal,0,1,5,0,3,5.3
11271,N,Delhi,North West Delhi,66,Male,117,178,100,Normal,0,0,1,1,2,6.3
11274,N,Haryana,Panchkula,58,Male,109,169,83,Normal,0,0,6,0,1,6
11276,S,Pondicherry,Pondicherry,60,Female,106,159,66,Normal,0,0,6,6,1,5.7
11281,N,Delhi,North West Delhi,25,Female,103,161,88,Normal,0,0,1,1,1,5.4
11282,W,Gujarat,Navsari,70,Male,93,162,62,Normal,0,0,2,1,1,6.8
11285,C,Chhattisgarh,Raipur,65,Male,101,164,65,Normal,0,0,1,1,3,6.6
11286,W,Gujarat,Surat,56,Male,95,157,69,Normal,0,0,0,0,1,5.2
11288,C,Madhya Pradesh,Raisen,45,Female,97,149,56,Normal,0,0,0,0,1,5.1
11289,E,Jharkhand,Ranchi,34,Female,93,150,65,Normal,0,0,0,0,1,5.3
11292,NW,Jammu And Kashmir,Samba,43,Female,88,154,56,Normal,0,0,2,1,1,6.3
11293,S,Tamil Nadu,Salem,63,Male,114,156,68,Normal,0,0,0,0,1,10.1
11296,S,Tamil Nadu,Salem,42,Female,86,152,70,Normal,0,1,0,4,5,5.8
11297,S,Tamil Nadu,Salem,71,Male,102,162,68,Normal,0,0,0,0,1,5.6
11298,S,Tamil Nadu,Salem,41,Female,124,152,99,Normal,0,0,0,0,1,5.3
11301,S,Tamil Nadu,Salem,33,Female,88,150,58,Normal,0,1,4,3,1,5.1
11306,E,Jharkhand,Ranchi,42,Female,100,164,78,Normal,1,1,0,0,2,5.2
11309,S,Tamil Nadu,Salem,60,Male,105,160,69,Normal,0,0,0,0,2,5.2
11311,S,Tamil Nadu,Salem,45,Female,60,153,60,Normal,0,0,0,0,6,9.1
11312,S,Tamil Nadu,Salem,58,Female,91,155,63,Normal,0,0,0,0,5,6
11313,C,Chhattisgarh,Raipur,60,Female,87,143,43,Normal,0,0,0,0,4,5.1
11315,C,Madhya Pradesh,Raisen,50,Female,101,152,78,Normal,0,0,2,0,5,5.4
11316,E,Jharkhand,Ranchi,21,Male,93,165,76,Normal,1,0,6,6,5,4.9
11320,S,Tamil Nadu,Salem,68,Male,104,165,70,Normal,0,0,0,0,4,5.2
11324,S,Tamil Nadu,Salem,50,Female,89,145,67,Normal,0,0,2,1,1,5.2
11326,S,Tamil Nadu,Salem,52,Male,90,168,70,Normal,0,0,0,0,3,5.2
11337,NW,Jammu And Kashmir,Samba,46,Female,94,159,56,Normal,0,0,1,1,2,5.2
11342,NW,Jammu And Kashmir,Samba,38,Female,94,164,60,Normal,0,0,2,1,1,5.7
11345,S,Tamil Nadu,Salem,30,Male,85,165,60,Normal,0,0,0,0,2,4.6
11349,S,Tamil Nadu,Salem,70,Male,87,165,67,Normal,0,0,0,0,1,9.7
11350,S,Tamil Nadu,Salem,43,Male,94,173,76,Normal,0,1,0,0,1,10
11351,S,Tamil Nadu,Salem,37,Male,92,170,68,Normal,0,0,6,0,1,5.7
11357,S,Andhra Pradesh,Anantapur,40,Male,88,157,79,Normal,1,1,4,3,3,5
11361,S,Karnataka,Bangalore,50,Male,99,165,70,Normal,0,0,0,0,2,9.7
11362,S,Andhra Pradesh,Anantapur,37,Male,101,154,84,Normal,0,0,1,1,2,5.8
11367,S,Karnataka,Bangalore,50,Female,101,160,77,Normal,0,0,0,0,1,6.2
11370,S,Andhra Pradesh,Anantapur,50,Female,86,146,49,Normal,0,0,0,0,1,5.4
11372,E,Orissa,Balasore,35,Female,80,156,56,Normal,0,0,2,2,2,5.3
11376,W,Rajasthan,Ajmer,52,Male,104,164,71,Normal,0,0,0,0,1,5
11379,S,Tamil Nadu,Madurai,33,Female,116,155,78,Normal,0,0,1,5,2,7.9
11380,W,Rajasthan,Ajmer,25,Female,66,140,44,Normal,0,0,1,1,6,5.4
11390,E,Orissa,Balasore,40,Male,82,175,65,Normal,1,0,2,1,1,5
11393,S,Andhra Pradesh,Anantapur,36,Female,88,170,70,Normal,0,0,1,2,1,4.6
11396,W,Rajasthan,Ajmer,35,Male,76,159,45,Normal,0,0,0,0,1,4.7
11399,S,Karnataka,Bangalore,62,Female,97,148,74,Normal,1,0,6,0,3,6.1
11400,S,Karnataka,Bangalore,36,Female,103,169,90,Normal,0,0,6,1,5,5.4
11406,S,Karnataka,Bangalore,40,Male,89,176,65,Normal,0,1,2,6,1,5.6
11441,C,Madhya Pradesh,Bhopal,55,Male,89,158,58,Normal,0,0,6,0,3,5.5
11442,C,Madhya Pradesh,Bhopal,40,Male,84,168,60,Normal,0,0,0,3,5,5
11447,C,Madhya Pradesh,Bhopal,37,Male,100,149,65,Normal,0,0,6,2,1,5.6
11449,C,Madhya Pradesh,Bhopal,36,Female,90,156,67,Normal,0,0,0,0,4,5.6
11450,NE,Assam,Dibrugarh,55,Female,95,152,58,Normal,1,1,6,6,2,5.3
11456,E,Jharkhand,Hazaribag,57,Male,82,145,46,Normal,0,0,2,2,5,4.7
11461,NE,Manipur,Imphal West,45,Male,93,160,68,Normal,1,0,1,1,1,5.9
11467,N,Chandigarh,Chandigarh,32,Female,93,155,60,Normal,0,0,0,0,4,5.4
11468,E,Jharkhand,Hazaribag,39,Male,89,153,63,Normal,0,0,3,3,4,5.8
11471,N,Chandigarh,Chandigarh,64,Male,92,164,74,Normal,0,1,0,1,5,5.8
11472,S,Karnataka,Bangalore,67,Male,90,164,63,Normal,0,0,6,0,1,7.4
11473,NW,Jammu And Kashmir,Jammu,50,Male,96,158,63,Normal,0,0,0,0,1,5
11474,N,Chandigarh,Chandigarh,37,Female,97,151,77,Normal,0,1,4,3,2,5.6
11475,E,West Bengal,Bankura,34,Female,90,152,60,Normal,0,0,0,0,3,5.1
11476,NW,Jammu And Kashmir,Jammu,60,Male,84,167,69,Normal,0,0,0,0,1,5.4
11484,E,West Bengal,Bankura,69,Male,87,157,60,Normal,0,0,3,6,1,5.4
11487,C,Madhya Pradesh,Gwalior,59,Male,60,177,75,Normal,0,0,2,2,2,5.9
11489,NE,Manipur,Imphal West,52,Female,94,145,53,Normal,0,0,1,5,3,5.7
11495,C,Madhya Pradesh,Gwalior,31,Female,86,155,60,Normal,0,1,0,0,3,5.5
11496,NE,Meghalaya,East Khasi Hills,80,Female,78,140,69,Normal,0,0,6,0,1,5.4
11498,C,Madhya Pradesh,Gwalior,55,Female,70,140,47,Normal,0,0,2,2,2,5.3
11501,NE,Meghalaya,East Khasi Hills,60,Female,96,153,59,Normal,0,0,5,1,3,6.1
11503,C,Madhya Pradesh,Bhopal,38,Male,92,178,74,Normal,0,0,0,0,4,5.5
11506,NE,Meghalaya,East Khasi Hills,44,Male,90,172,92,Normal,0,0,6,0,1,6
11507,C,Madhya Pradesh,Gwalior,61,Male,88,165,59,Normal,0,0,6,6,5,5.5
11514,E,Orissa,Bargarh,40,Male,81,157,57,Normal,0,0,1,1,2,6.5
11515,NE,Manipur,Imphal West,52,Female,73,145,43,Normal,0,0,4,3,2,5.4
11516,NE,Meghalaya,East Khasi Hills,32,Female,96,160,65,Normal,0,0,6,0,1,5
11519,E,Orissa,Bargarh,32,Female,93,165,70,Normal,0,0,5,6,6,5.7
11521,NE,Manipur,Imphal West,53,Male,91,159,63,Normal,0,0,3,0,1,5.5
11522,C,Madhya Pradesh,Bhopal,39,Female,98,151,76,Normal,0,0,0,2,5,4.7
11524,S,Tamil Nadu,Kanchipuram,64,Female,105,153,80,Normal,0,0,4,1,2,5.6
11526,S,Tamil Nadu,Kanchipuram,50,Female,90,158,55,Normal,0,0,1,4,3,5.3
11528,NW,Jammu And Kashmir,Kathua,45,Male,98,148,52,Normal,0,0,6,6,1,4.8
11531,W,Maharashtra,Nagpur,45,Male,80,169,72,Normal,0,0,3,3,3,10.5
11533,W,Rajasthan,Nagaur,59,Male,103,167,70,Normal,0,0,0,0,2,8.2
11534,NW,Jammu And Kashmir,Kulgam,45,Female,90,148,70,Normal,0,0,0,0,1,11.1
11537,S,Tamil Nadu,Kanchipuram,60,Female,87,151,49,Normal,0,0,1,1,3,10.2
11539,NW,Jammu And Kashmir,Kulgam,42,Female,90,150,75,Normal,0,0,0,0,1,4.8
11543,NW,Jammu And Kashmir,Kathua,62,Male,92,168,57,Normal,0,0,2,1,2,4.7
11544,NW,Jammu And Kashmir,Kathua,60,Male,105,165,64,Normal,0,0,1,0,1,5.1
11546,NW,Jammu And Kashmir,Kathua,46,Female,95,168,72,Normal,0,0,1,0,3,5
11548,S,Tamil Nadu,Madurai,41,Female,72,156,49,Normal,0,0,1,1,1,5.4
11549,S,Karnataka,Kolar,25,Male,71,167,55,Normal,0,0,0,0,3,5.6
11554,W,Rajasthan,Nagaur,57,Male,87,164,58,Normal,0,0,0,0,2,5.6
11555,S,Tamil Nadu,Madurai,42,Female,112,158,62,Normal,0,0,0,1,1,6.2
11556,W,Rajasthan,Nagaur,27,Male,98,171,75,Normal,0,0,0,0,1,4.9
11557,S,Tamil Nadu,Madurai,23,Female,85,148,63,Normal,0,0,0,0,1,5.4
11561,S,Tamil Nadu,Kanchipuram,46,Female,95,145,72,Normal,0,0,0,1,1,5.3
11562,S,Tamil Nadu,Madurai,55,Male,93,173,70,Normal,0,0,1,2,5,6.7
11563,S,Tamil Nadu,Madurai,50,Female,89,145,57,Normal,0,0,2,5,3,5.7
11564,S,Tamil Nadu,Kanchipuram,49,Female,87,144,63,Normal,0,0,0,0,1,5.4
11565,NW,Jammu And Kashmir,Kulgam,50,Male,97,160,62,Normal,0,0,0,0,4,4.9
11566,S,Tamil Nadu,Kanchipuram,37,Female,90,156,73,Normal,0,1,0,0,1,5.5
11568,NW,Jammu And Kashmir,Kathua,42,Female,90,149,59,Normal,0,0,2,2,2,13.3
11570,S,Tamil Nadu,Madurai,43,Male,87,166,75,Normal,0,1,0,1,3,5.2
11571,NW,Jammu And Kashmir,Kathua,36,Female,99,147,68,Normal,0,0,0,0,4,5.4
11572,S,Tamil Nadu,Madurai,58,Male,88,159,60,Normal,0,0,2,1,1,8.4
11573,S,Tamil Nadu,Madurai,47,Male,88,158,50,Normal,0,0,0,6,4,5.8
11574,NW,Jammu And Kashmir,Kulgam,45,Female,87,167,69,Normal,0,0,1,1,1,5.9
11575,S,Tamil Nadu,Madurai,47,Male,87,168,79,Normal,0,0,1,1,2,5.6
11577,S,Tamil Nadu,Kanchipuram,67,Male,82,157,53,Normal,0,0,1,1,1,6
11578,S,Tamil Nadu,Kanchipuram,37,Female,75,150,54,Normal,0,0,4,1,4,5.4
11580,NW,Jammu And Kashmir,Kathua,45,Female,88,155,70,Normal,0,0,2,2,2,5.9
11581,NW,Jammu And Kashmir,Kulgam,37,Female,98,155,74,Normal,0,0,0,0,4,5.1
11582,S,Tamil Nadu,Kanchipuram,39,Female,88,151,50,Normal,1,1,3,3,1,5.8
11583,S,Tamil Nadu,Kanchipuram,59,Female,100,143,78,Normal,0,1,0,0,1,5.7
11585,S,Tamil Nadu,Kanchipuram,60,Male,67,166,41,Normal,0,0,0,0,1,13.8
11587,NW,Jammu And Kashmir,Kathua,24,Male,90,169,71,Normal,0,0,6,6,2,5.3
11588,NW,Jammu And Kashmir,Kulgam,48,Female,90,166,62,Normal,0,0,0,0,1,5.1
11590,NW,Jammu And Kashmir,Kulgam,45,Female,93,159,70,Normal,0,0,0,0,1,10.5
11595,S,Tamil Nadu,Kanchipuram,38,Male,101,170,71,Normal,1,0,0,0,1,5.4
11596,NW,Jammu And Kashmir,Kulgam,51,Female,80,150,58,Normal,0,0,0,0,1,5.5
11620,NE,Tripura,West Tripura,35,Female,76,155,51,Normal,0,0,6,0,1,5.4
11627,C,Madhya Pradesh,Ujjain,62,Male,64,169,64,Normal,0,0,6,0,2,8.2
11628,C,Madhya Pradesh,Ujjain,36,Female,85,158,56,Normal,1,0,2,0,2,9.4
11633,W,Maharashtra,Thane,55,Female,85,155,68,Normal,0,0,0,1,1,6.4
11635,W,Maharashtra,Thane,52,Female,100,154,71,Normal,0,0,0,0,1,5.6
11638,S,Andaman And Nicobar,Port Blair,44,Female,80,152,55,Normal,0,0,0,0,1,5.7
11640,W,Gujarat,Navsari,51,Female,100,152,65,Normal,0,0,0,0,2,5.5
11643,S,Pondicherry,Pondicherry,44,Female,128,155,98,Normal,0,0,0,1,2,6.2
11644,S,Andaman And Nicobar,Port Blair,58,Male,101,151,52,Normal,0,0,0,0,1,6
11645,S,Andaman And Nicobar,Port Blair,40,Female,103,160,65,Normal,0,1,0,0,1,5.7
11646,W,Gujarat,Navsari,50,Male,101,167,80,Normal,0,0,0,0,1,7.8
11649,S,Andaman And Nicobar,Port Blair,65,Female,102,150,60,Normal,0,0,1,1,1,7.1
11650,S,Andaman And Nicobar,Port Blair,49,Female,89,151,48,Normal,0,0,0,0,2,6.7
11651,S,Andaman And Nicobar,Port Blair,43,Female,85,157,58,Normal,0,0,0,0,1,5.6
11653,W,Gujarat,Navsari,39,Male,98,162,70,Normal,0,1,3,0,2,5.7
11658,W,Gujarat,Navsari,40,Female,101,167,80,Normal,0,0,4,1,3,5
11661,S,Pondicherry,Pondicherry,52,Male,86,162,62,Normal,0,0,6,0,1,6.2
11665,NE,Arunachal Pradesh,Papum Pare,51,Male,101,166,71,Normal,0,0,4,0,1,6.2
11670,W,Gujarat,Navsari,66,Male,98,163,69,Normal,0,0,6,6,2,6.7
11672,N,Haryana,Panchkula,65,Male,98,167,68,Normal,0,0,0,0,4,4.7
11678,W,Gujarat,Navsari,20,Female,74,158,52,Normal,0,0,3,0,3,5.3
11680,S,Andaman And Nicobar,Port Blair,47,Female,82,152,55,Normal,0,0,0,0,4,7.4
11681,W,Gujarat,Navsari,49,Male,92,160,65,Normal,0,0,0,0,2,6.1
11685,C,Chhattisgarh,Raipur,30,Female,76,150,49,Normal,0,0,0,0,6,5.8
11687,S,Andaman And Nicobar,Port Blair,50,Female,90,148,58,Normal,0,0,0,0,3,6.2
11689,C,Chhattisgarh,Raipur,28,Male,87,164,59,Normal,1,0,4,2,3,5
11692,S,Pondicherry,Pondicherry,33,Female,107,159,96,Normal,0,1,6,0,1,5.9
11695,W,Gujarat,Navsari,46,Female,92,155,72,Normal,0,0,6,2,2,5.5
11696,S,Pondicherry,Pondicherry,35,Female,94,164,76,Normal,0,0,2,3,3,6.1
11697,S,Andaman And Nicobar,Port Blair,53,Female,110,165,90,Normal,1,0,1,1,1,6.2
11698,W,Gujarat,Navsari,46,Male,89,170,66,Normal,0,0,6,1,1,6.3
11705,NW,Jammu And Kashmir,Samba,32,Female,88,152,64,Normal,0,0,2,2,2,5.3
11707,W,Gujarat,Surat,45,Male,95,160,66,Normal,0,0,0,0,1,5.8
11711,S,Tamil Nadu,Salem,60,Female,92,153,71,Normal,0,0,6,0,1,5.7
11715,S,Tamil Nadu,Salem,50,Female,88,157,71,Normal,0,1,0,0,1,5.9
11717,C,Chhattisgarh,Raipur,27,Female,88,170,65,Normal,0,0,1,0,1,4.4
11718,S,Tamil Nadu,Salem,62,Male,105,169,73,Normal,1,0,0,0,5,8.2
11719,NW,Jammu And Kashmir,Samba,40,Female,88,156,80,Normal,0,0,3,0,1,7.4
11726,C,Chhattisgarh,Raipur,40,Female,104,145,58,Normal,0,0,0,0,3,5.6
11727,E,Jharkhand,Ranchi,35,Male,92,156,65,Normal,1,1,0,0,2,8.9
11728,E,Jharkhand,Ranchi,40,Female,85,150,50,Normal,0,0,2,2,6,5.2
11729,NW,Jammu And Kashmir,Samba,29,Male,89,168,54,Normal,0,0,3,2,2,5.4
11732,C,Chhattisgarh,Raipur,52,Female,98,150,59,Normal,0,0,0,4,1,5.6
11734,C,Madhya Pradesh,Raisen,40,Female,92,164,69,Normal,0,0,0,0,1,4.8
11738,W,Maharashtra,Thane,25,Female,90,159,54,Normal,0,0,6,0,3,5.1
11740,E,Jharkhand,Ranchi,30,Female,78,165,44,Normal,0,0,2,2,6,4.6
11741,NW,Jammu And Kashmir,Samba,32,Male,84,165,162,Normal,0,0,1,1,1,4.8
11745,NW,Jammu And Kashmir,Samba,40,Female,88,148,57,Normal,0,0,2,2,2,5.2
11746,W,Gujarat,Surat,42,Male,72,155,50,Normal,0,0,0,0,3,5.4
11748,W,Gujarat,Surat,55,Male,83,155,58,Normal,0,0,0,0,1,5.6
11749,NW,Jammu And Kashmir,Samba,52,Male,92,164,58,Normal,0,0,1,2,1,7.6
11750,NW,Jammu And Kashmir,Samba,65,Female,88,150,57,Normal,0,0,2,2,2,6
11753,NW,Jammu And Kashmir,Samba,30,Female,88,150,69,Normal,0,0,1,2,1,4.9
11755,NW,Jammu And Kashmir,Samba,45,Female,88,150,84,Normal,0,0,1,2,2,4.9
11756,W,Gujarat,Surat,42,Male,115,168,88,Normal,0,0,0,0,3,5.8
11757,W,Gujarat,Surat,49,Male,103,170,81,Normal,0,0,0,0,1,4.9
11758,E,Jharkhand,Ranchi,47,Male,105,172,87,Normal,0,1,0,0,3,4.8
11759,E,Jharkhand,Ranchi,52,Male,88,162,70,Normal,0,0,0,0,1,4.9
11760,W,Gujarat,Surat,44,Male,93,167,65,Normal,0,0,6,3,1,5.6
11762,C,Madhya Pradesh,Raisen,61,Male,98,158,54,Normal,0,0,0,0,2,6.2
11765,NW,Jammu And Kashmir,Samba,50,Male,94,167,65,Normal,0,0,1,1,1,7
11770,NW,Jammu And Kashmir,Samba,70,Male,98,170,168,Normal,0,0,1,1,1,5.5
11771,NW,Jammu And Kashmir,Samba,36,Male,90,169,65,Normal,0,0,1,2,2,11.7
11772,NW,Jammu And Kashmir,Samba,45,Female,88,152,70,Normal,0,0,1,1,1,5
11787,S,Tamil Nadu,Salem,60,Female,85,143,44,Normal,0,0,0,0,1,6.5
11788,S,Tamil Nadu,Salem,24,Female,88,155,55,Normal,0,0,0,1,1,5.1
11790,S,Tamil Nadu,Salem,47,Female,77,157,69,Normal,0,0,0,0,3,5.3
11791,S,Tamil Nadu,Salem,35,Female,90,144,70,Normal,1,0,0,0,3,6.6
11794,S,Tamil Nadu,Salem,36,Female,83,156,49,Normal,0,0,0,1,2,5.6
11797,S,Tamil Nadu,Salem,71,Male,104,160,69,Normal,0,0,2,0,2,5.3
11798,S,Tamil Nadu,Salem,68,Female,103,153,53,Normal,0,0,0,0,2,6.3
11799,S,Tamil Nadu,Salem,60,Female,117,143,67,Normal,0,0,0,0,1,6.1
11800,S,Tamil Nadu,Salem,42,Female,100,165,60,Normal,0,0,0,0,1,4.6
11801,S,Tamil Nadu,Salem,30,Female,96,154,57,Normal,0,0,1,0,1,5.4
11803,W,Gujarat,Surat,38,Male,85,165,62,Normal,0,1,5,4,2,5.8
11804,S,Tamil Nadu,Salem,29,Female,107,153,59,Normal,0,0,0,0,1,5.3
11805,S,Tamil Nadu,Salem,69,Male,106,158,66,Normal,0,0,0,0,3,5.5
11811,C,Chhattisgarh,Raipur,58,Female,72,152,42,Normal,0,0,0,0,1,5.6
11814,S,Tamil Nadu,Salem,50,Female,110,149,70,Normal,0,0,1,0,3,5.3
11817,C,Madhya Pradesh,Raisen,45,Male,89,169,57,Normal,0,0,5,1,2,4.5
11826,S,Andhra Pradesh,Anantapur,56,Female,85,159,70,Normal,0,0,2,2,1,5.1
11829,W,Maharashtra,Ahmednagar,50,Female,94,156,61,Normal,0,0,6,0,3,5.6
11834,S,Karnataka,Bangalore,42,Female,84,150,56,Normal,0,0,0,0,1,5.7
11841,S,Tamil Nadu,Madurai,75,Male,92,160,60,Normal,0,0,0,0,1,5.8
11842,S,Tamil Nadu,Madurai,63,Female,83,138,44,Normal,0,0,6,1,2,6.7
11845,W,Rajasthan,Ajmer,42,Male,82,160,56,Normal,0,0,0,0,3,5.8
11850,E,Orissa,Balasore,39,Female,82,153,70,Normal,1,0,2,1,1,10.6
11851,W,Rajasthan,Ajmer,46,Female,108,163,72,Normal,0,0,0,0,4,4.7
11859,S,Karnataka,Bangalore,50,Male,101,168,78,Normal,0,0,6,0,1,5.7
11869,S,Karnataka,Bangalore,64,Male,91,168,66,Normal,0,0,0,0,1,6.1
11870,S,Karnataka,Bangalore,60,Female,89,157,54,Normal,0,0,0,0,2,5.9
11876,S,Andhra Pradesh,Anantapur,48,Male,107,125,76,Normal,0,0,0,0,1,5.4
11885,W,Rajasthan,Ajmer,52,Male,100,171,80,Normal,0,0,0,0,2,6
11886,E,Orissa,Balasore,50,Male,80,150,60,Normal,0,0,1,1,1,5
11891,NW,Jammu And Kashmir,Jammu,60,Male,84,167,69,Normal,0,0,0,0,1,5.4
11893,S,Tamil Nadu,Kanchipuram,45,Male,86,164,55,Normal,0,0,1,0,1,4.9
11894,S,Karnataka,Bangalore,58,Male,93,173,61,Normal,0,0,1,1,1,5.5
11895,W,Rajasthan,Ajmer,50,Female,99,144,55,Normal,0,0,0,1,1,5.6
11896,S,Andaman And Nicobar,Ajmer,47,Female,93,153,73,Normal,1,1,0,0,1,7.4
11910,W,Rajasthan,Ajmer,34,Male,84,165,65,Normal,0,0,6,6,5,4.8
11933,S,Karnataka,Bangalore,69,Male,88,170,56,Normal,0,0,6,0,4,6.6
11934,S,Tamil Nadu,Madurai,63,Male,97,159,76,Normal,0,0,0,0,1,8.4
11935,S,Karnataka,Bangalore,52,Male,101,159,60,Normal,0,0,0,0,3,5.4
11937,W,Rajasthan,Ajmer,51,Female,87,154,64,Normal,0,0,0,0,4,4.9
11946,W,Rajasthan,Ajmer,27,Female,81,163,57,Normal,0,0,3,1,3,4.9
11955,S,Karnataka,Bangalore,51,Female,85,175,80,Normal,0,0,1,2,4,8.5
11956,S,Karnataka,Bangalore,47,Female,92,152,45,Normal,0,0,0,6,4,5.8
11961,S,Karnataka,Bangalore,50,Female,114,155,71,Normal,0,0,2,0,1,6.2
11962,S,Karnataka,Bangalore,36,Male,89,168,70,Normal,0,0,4,5,5,6.3
11970,W,Maharashtra,Ahmednagar,45,Female,99,156,65,Normal,0,0,6,3,2,5.5
11976,E,Orissa,Balasore,36,Female,72,140,50,Normal,0,0,2,4,3,4.7
11978,S,Karnataka,Bangalore,27,Male,83,170,70,Normal,0,0,1,2,6,5.1
11979,W,Maharashtra,Ahmednagar,49,Female,87,164,49,Normal,0,0,2,1,4,5.4
11980,NW,Jammu And Kashmir,Anantnag,35,Female,96,149,59,Normal,0,0,0,0,1,4.9
11981,S,Karnataka,Bangalore,44,Female,89,153,58,Normal,0,0,6,0,3,5.7
11983,W,Maharashtra,Ahmednagar,51,Male,92,156,67,Normal,0,0,1,1,2,9.7
11986,W,Maharashtra,Ahmednagar,70,Male,95,164,69,Normal,0,0,0,0,1,4.4
11988,W,Rajasthan,Ajmer,49,Male,86,166,62,Normal,0,0,0,0,4,5.2
11991,S,Karnataka,Bangalore,38,Male,101,175,88,Normal,0,0,3,1,1,5.5
12002,C,Madhya Pradesh,Bhopal,70,Male,110,169,86,Normal,0,0,1,1,2,6.2
12007,N,Chandigarh,Chandigarh,40,Male,104,179,73,Normal,0,0,6,0,2,5.6
12008,C,Madhya Pradesh,Bhopal,49,Male,111,173,105,Normal,1,1,6,6,1,6.4
12010,S,Karnataka,Bangalore,40,Female,91,159,66,Normal,0,0,1,1,2,5.8
12011,E,Jharkhand,Hazaribag,42,Female,79,150,55,Normal,0,0,1,1,1,6.7
12012,E,Jharkhand,Hazaribag,32,Female,84,165,60,Normal,0,0,0,0,3,4.6
12013,NW,Jammu And Kashmir,Jammu,59,Female,101,152,79,Normal,0,0,4,1,4,6.5
12017,C,Madhya Pradesh,Gwalior,42,Female,80,163,65,Normal,0,0,0,0,3,5.2
12018,E,Jharkhand,Hazaribag,23,Female,83,152,49,Normal,0,0,0,0,2,5.1
12021,E,West Bengal,Bankura,47,Female,83,145,56,Normal,0,0,3,0,1,5.7
12022,S,Karnataka,Bangalore,43,Female,65,154,65,Normal,0,0,6,0,3,6.3
12023,E,West Bengal,Bankura,45,Female,78,136,50,Normal,0,0,0,0,1,5.2
12040,E,Jharkhand,Hazaribag,48,Male,96,156,93,Normal,0,0,2,3,4,5.9
12042,NE,Assam,Jorhat,50,Female,90,153,62,Normal,0,0,0,0,4,5.6
12045,C,Madhya Pradesh,Gwalior,65,Male,80,166,59,Normal,0,0,0,0,6,5.8
12047,S,Karnataka,Bangalore,41,Male,94,177,80,Normal,0,0,6,3,5,5.2
12050,C,Madhya Pradesh,Bhopal,63,Male,97,170,60,Normal,0,0,0,0,2,5.7
12051,N,Uttarakhand,Dehradun,38,Male,93,168,67,Normal,0,0,3,4,3,9.9
12053,C,Madhya Pradesh,Gwalior,42,Male,70,169,50,Normal,0,0,0,0,2,5.1
12055,N,Chandigarh,Chandigarh,65,Male,101,168,65,Normal,0,0,4,0,4,6.3
12057,E,Jharkhand,Hazaribag,58,Male,79,170,56,Normal,0,0,0,0,1,5.4
12058,E,West Bengal,Bankura,41,Male,94,181,75,Normal,0,0,6,5,1,5.5
12059,N,Chandigarh,Chandigarh,36,Female,111,157,80,Normal,0,0,0,0,5,7.1
12060,N,Chandigarh,Chandigarh,40,Female,104,147,74,Normal,0,0,0,0,4,5.3
12062,E,Jharkhand,Hazaribag,60,Male,95,155,56,Normal,0,0,3,3,6,5.2
12063,S,Karnataka,Bangalore,47,Male,97,155,59,Normal,0,0,0,0,3,5.4
12066,C,Madhya Pradesh,Gwalior,34,Male,104,176,80,Normal,0,0,0,0,1,5.4
12071,S,Karnataka,Hassan,50,Male,89,158,64,Normal,0,0,6,6,4,4.9
12074,NE,Manipur,Imphal West,48,Male,90,167,66,Normal,0,0,5,1,2,5.1
12075,E,Jharkhand,Hazaribag,40,Male,95,150,47,Normal,0,0,4,4,2,5.2
12079,S,Karnataka,Hassan,58,Male,92,173,70,Normal,0,0,0,0,2,5.6
12080,C,Madhya Pradesh,Bhopal,26,Female,80,164,52,Normal,0,0,6,4,3,5.1
12082,C,Madhya Pradesh,Gwalior,53,Male,105,165,80,Normal,0,1,3,0,4,10.5
12083,C,Madhya Pradesh,Bhopal,47,Female,114,162,86,Normal,0,1,6,0,3,5.4
12086,C,Madhya Pradesh,Gwalior,54,Female,119,156,72,Normal,0,1,1,0,4,6.1
12087,S,Karnataka,Hassan,25,Male,84,159,69,Normal,0,0,6,6,4,4.9
12090,C,Madhya Pradesh,Bhopal,65,Female,101,151,73,Normal,0,0,1,1,1,6.7
12095,S,Karnataka,Hassan,40,Male,82,168,60,Normal,0,0,0,0,4,5.1
12097,C,Madhya Pradesh,Gwalior,40,Female,82,149,52,Normal,0,0,0,6,1,5.1
12098,C,Madhya Pradesh,Bhopal,35,Female,78,145,48,Normal,0,0,6,6,3,5.7
12099,C,Madhya Pradesh,Bhopal,24,Male,84,164,55,Normal,0,0,4,3,2,5.5
12101,C,Madhya Pradesh,Bhopal,60,Male,97,162,62,Normal,0,0,3,5,2,5.8
12103,C,Madhya Pradesh,Bhopal,25,Male,85,154,60,Normal,0,0,0,0,2,4.4
12105,C,Madhya Pradesh,Gwalior,44,Male,105,171,80,Normal,0,0,0,0,3,5.9
12106,NE,Manipur,Imphal West,50,Male,93,157,69,Normal,0,0,2,2,2,5.5
12107,C,Madhya Pradesh,Gwalior,60,Male,103,176,76,Normal,0,0,5,4,1,5.2
12111,C,Madhya Pradesh,Gwalior,37,Male,93,178,80,Normal,0,0,0,0,3,5.7
12112,C,Madhya Pradesh,Gwalior,45,Female,103,158,90,Normal,0,0,6,6,6,5.7
12113,E,Jharkhand,Hazaribag,43,Female,109,155,80,Normal,0,0,6,1,1,11
12114,S,Karnataka,Hassan,32,Female,74,158,46,Normal,0,0,0,0,4,4.9
12116,C,Madhya Pradesh,Bhopal,49,Female,105,146,71,Normal,0,0,6,4,4,6.7
12117,NE,Manipur,Imphal West,51,Male,96,171,81,Normal,0,0,2,1,2,5.4
12120,S,Karnataka,Hassan,45,Female,93,145,67,Normal,0,0,0,0,4,9.1
12122,C,Madhya Pradesh,Gwalior,50,Male,101,168,75,Normal,1,0,6,1,3,5
12125,C,Madhya Pradesh,Gwalior,63,Male,100,162,78,Normal,0,1,0,3,1,6.2
12128,C,Madhya Pradesh,Bhopal,40,Female,97,152,57,Normal,0,0,0,0,4,7.7
12129,C,Madhya Pradesh,Bhopal,30,Female,102,165,72,Normal,0,0,4,6,1,5.6
12130,NE,Assam,Dibrugarh,51,Female,95,158,76,Normal,0,0,6,3,1,11.6
12131,C,Madhya Pradesh,Bhopal,50,Female,101,156,75,Normal,0,0,0,0,1,4.4
12134,C,Madhya Pradesh,Bhopal,36,Male,89,151,48,Normal,0,0,0,1,1,6.6
12135,C,Madhya Pradesh,Bhopal,40,Female,82,153,54,Normal,0,0,6,6,2,5.4
12137,C,Madhya Pradesh,Bhopal,23,Female,79,146,51,Normal,0,0,6,0,1,5.2
12139,NE,Manipur,Imphal West,67,Male,90,162,68,Normal,0,0,1,1,2,5.8
12141,C,Madhya Pradesh,Bhopal,50,Male,66,152,42,Normal,0,0,3,6,4,5.6
12142,NW,Jammu And Kashmir,Jammu,26,Male,101,168,76,Normal,0,0,4,4,5,5.1
12145,C,Madhya Pradesh,Gwalior,60,Male,105,162,81,Normal,0,0,3,0,1,7.9
12146,NE,Manipur,Imphal West,38,Female,97,162,66,Normal,0,0,2,1,2,5.3
12147,C,Madhya Pradesh,Gwalior,49,Male,94,158,62,Normal,1,1,0,0,3,5.3
12152,NE,Manipur,Imphal West,41,Male,121,171,109,Normal,0,0,4,6,5,11.6
12153,C,Madhya Pradesh,Gwalior,65,Female,106,140,70,Normal,0,0,0,0,2,8.9
12156,E,West Bengal,Bardhaman,50,Male,102,172,84,Normal,0,0,1,0,4,6
12160,NW,Jammu And Kashmir,Kathua,53,Male,98,165,69,Normal,1,1,0,0,2,5.3
12162,NW,Jammu And Kashmir,Kathua,36,Female,101,158,65,Normal,0,0,3,1,4,5.1
12164,W,Rajasthan,Nagaur,51,Female,85,150,56,Normal,0,0,0,0,1,5.7
12166,NW,Jammu And Kashmir,Kathua,52,Female,100,147,66,Normal,0,0,1,1,2,5.5
12167,NW,Jammu And Kashmir,Kathua,32,Male,105,170,79,Normal,0,0,1,2,2,5.9
12170,NW,Jammu And Kashmir,Kathua,45,Female,88,158,62,Normal,0,0,1,1,2,5.9
12171,NW,Jammu And Kashmir,Kathua,55,Female,98,160,49,Normal,0,0,2,1,2,6.2
12172,W,Rajasthan,Nagaur,60,Male,87,164,62,Normal,0,0,0,0,1,6.6
12175,NW,Jammu And Kashmir,Kathua,68,Female,92,165,75,Normal,0,0,0,0,2,6.9
12177,NW,Jammu And Kashmir,Kathua,28,Female,88,153,77,Normal,0,0,2,2,2,5.2
12179,NW,Jammu And Kashmir,Kathua,70,Male,88,150,65,Normal,0,0,2,2,2,5.5
12180,NW,Jammu And Kashmir,Kathua,39,Female,88,155,65,Normal,0,0,1,1,2,5.2
12181,NW,Jammu And Kashmir,Kathua,25,Male,88,165,60,Normal,0,0,1,1,2,5.4
12183,S,Tamil Nadu,Madurai,28,Female,66,144,42,Normal,0,0,2,2,1,5.4
12184,S,Tamil Nadu,Madurai,40,Female,90,151,60,Normal,0,0,2,4,1,6.1
12188,NW,Jammu And Kashmir,Kulgam,40,Female,97,152,68,Normal,0,0,6,6,1,5.8
12189,NW,Jammu And Kashmir,Kulgam,56,Male,96,168,74,Normal,0,0,2,0,2,4.8
12190,S,Tamil Nadu,Madurai,30,Female,89,148,65,Normal,0,0,0,0,1,5.6
12191,S,Tamil Nadu,Kanchipuram,38,Male,80,159,50,Normal,0,0,0,1,4,4.9
12193,S,Tamil Nadu,Kanchipuram,55,Male,99,162,76,Normal,0,0,2,4,4,6.2
12195,S,Tamil Nadu,Madurai,55,Female,80,143,41,Normal,0,0,0,0,1,5.3
12196,W,Maharashtra,Nagpur,42,Female,72,165,70,Normal,0,1,0,0,1,5.5
12200,NW,Jammu And Kashmir,Kulgam,27,Female,93,162,65,Normal,0,0,0,0,1,5.5
12202,NW,Jammu And Kashmir,Kulgam,28,Female,98,162,78,Normal,0,1,2,2,1,4.6
12203,W,Maharashtra,Nagpur,49,Male,70,178,63,Normal,1,0,3,3,3,5.4
12205,NW,Jammu And Kashmir,Kulgam,48,Female,85,155,52,Normal,0,0,0,0,1,5.3
12206,NW,Jammu And Kashmir,Kulgam,35,Female,99,169,85,Normal,0,0,0,0,6,4.8
12207,S,Tamil Nadu,Kanchipuram,43,Male,103,173,92,Normal,0,0,6,1,2,5.6
12208,NW,Jammu And Kashmir,Kulgam,55,Male,86,160,51,Normal,0,0,0,0,3,5.4
12210,S,Tamil Nadu,Kanchipuram,52,Female,93,164,73,Normal,0,1,0,0,1,5.8
12212,S,Tamil Nadu,Madurai,49,Male,83,154,63,Normal,0,0,0,0,3,5.6
12213,NW,Jammu And Kashmir,Kulgam,36,Male,92,158,78,Normal,0,0,0,0,1,6.3
12216,W,Maharashtra,Nagpur,45,Male,76,160,53,Normal,1,0,3,3,1,5.9
12218,S,Tamil Nadu,Kanchipuram,70,Female,92,151,69,Normal,0,0,0,0,1,5.9
12220,S,Tamil Nadu,Kanchipuram,47,Male,91,170,74,Normal,0,0,6,6,1,6.8
12221,S,Tamil Nadu,Kanchipuram,43,Female,83,154,63,Normal,1,0,0,0,1,5.8
12223,S,Tamil Nadu,Madurai,62,Female,73,139,46,Normal,0,0,0,0,1,7
12226,NW,Jammu And Kashmir,Kulgam,36,Female,87,155,60,Normal,0,0,0,0,3,5.7
12227,NW,Jammu And Kashmir,Kathua,38,Female,97,152,62,Normal,0,0,1,2,2,5.6
12228,NW,Jammu And Kashmir,Kulgam,40,Female,94,164,74,Normal,0,0,3,0,2,5.1
12229,NW,Jammu And Kashmir,Kathua,45,Female,98,140,59,Normal,0,0,1,2,2,4.7
12230,S,Tamil Nadu,Kanchipuram,59,Male,92,165,68,Normal,0,0,0,0,1,5.7
12231,S,Tamil Nadu,Madurai,62,Male,101,155,74,Normal,0,0,0,0,1,6.2
12235,NW,Jammu And Kashmir,Kulgam,27,Female,103,151,78,Normal,1,0,1,1,1,5.4
12237,S,Tamil Nadu,Kanchipuram,45,Male,104,155,71,Normal,0,0,0,0,6,5.5
12240,S,Tamil Nadu,Madurai,44,Female,90,151,62,Normal,0,0,2,1,3,6.7
12241,S,Tamil Nadu,Kanchipuram,68,Female,85,144,50,Normal,0,0,0,0,1,10.3
12242,NW,Jammu And Kashmir,Kulgam,36,Female,84,150,54,Normal,0,0,0,0,3,5.6
12243,NW,Jammu And Kashmir,Kulgam,42,Female,84,162,62,Normal,0,0,0,0,2,5.1
12245,S,Tamil Nadu,Kanchipuram,60,Female,103,154,60,Normal,0,0,0,0,1,10.1
12247,S,Tamil Nadu,Madurai,62,Male,80,162,54,Normal,0,0,1,1,2,5.7
12248,NW,Jammu And Kashmir,Kulgam,52,Female,90,144,75,Normal,0,0,6,0,1,12.4
12249,S,Tamil Nadu,Kanchipuram,40,Female,90,154,65,Normal,0,0,0,0,1,5.7
12251,S,Tamil Nadu,Madurai,58,Male,78,162,54,Normal,0,0,1,0,2,5.6
12252,NW,Jammu And Kashmir,Kulgam,65,Female,88,154,67,Normal,0,0,0,0,1,7.6
12254,S,Tamil Nadu,Kanchipuram,45,Female,78,148,60,Normal,0,0,2,3,1,5.7
12255,NW,Jammu And Kashmir,Kulgam,40,Female,84,154,64,Normal,0,0,0,0,1,5.4
12256,NW,Jammu And Kashmir,Kulgam,45,Male,92,167,78,Normal,0,0,4,1,1,5.2
12259,NW,Jammu And Kashmir,Kulgam,40,Female,100,164,81,Normal,0,0,0,0,3,5.5
12260,NW,Jammu And Kashmir,Kathua,42,Female,82,170,65,Normal,0,0,0,0,2,5.6
12261,S,Tamil Nadu,Madurai,32,Female,110,173,83,Normal,0,0,1,1,2,5.4
12263,S,Karnataka,Kolar,31,Male,92,164,71,Normal,0,0,0,0,3,11.2
12265,NW,Jammu And Kashmir,Kulgam,52,Male,79,164,61,Normal,0,0,0,0,1,6.1
12266,NW,Jammu And Kashmir,Kulgam,34,Female,81,150,65,Normal,0,0,0,0,1,9.5
12267,NW,Jammu And Kashmir,Kulgam,45,Female,100,153,65,Normal,0,0,0,0,3,6.3
12268,S,Karnataka,Kolar,26,Male,89,167,58,Normal,0,0,6,0,1,5.9
12270,NW,Jammu And Kashmir,Kulgam,40,Female,102,161,71,Normal,0,0,0,0,1,5.1
12272,NE,Assam,Kamrup,40,Female,86,152,55,Normal,0,0,6,4,6,5.8
12274,NE,Assam,Kamrup,61,Male,93,145,63,Normal,0,0,6,0,1,10.2
12276,NW,Jammu And Kashmir,Kulgam,43,Female,85,152,53,Normal,0,0,2,0,1,5.7
12282,NE,Assam,Kamrup,45,Female,87,152,60,Normal,0,0,6,1,4,5.2
12283,NW,Jammu And Kashmir,Kulgam,45,Female,87,155,70,Normal,0,0,0,0,1,9.1
12284,NE,Assam,Kamrup,45,Female,94,154,58,Normal,0,0,0,0,1,6.3
12286,NW,Jammu And Kashmir,Kulgam,36,Female,80,160,70,Normal,0,0,0,0,1,5.2
12290,S,Tamil Nadu,Madurai,38,Female,80,150,67,Normal,0,0,0,1,1,5.8
12291,NE,Assam,Kamrup,56,Female,93,150,55,Normal,0,0,6,0,3,6.4
12292,NE,Assam,Kamrup,50,Female,89,156,65,Normal,0,0,6,0,4,4.3
12293,NW,Jammu And Kashmir,Kulgam,24,Female,90,168,65,Normal,0,0,2,2,2,5.6
12295,NE,Assam,Kamrup,50,Female,103,145,70,Normal,0,0,6,0,4,6.2
12308,W,Maharashtra,Thane,43,Male,96,162,70,Normal,0,0,2,3,1,5.3
12315,W,Maharashtra,Thane,48,Male,83,158,63,Normal,0,0,0,1,1,5.8
12317,S,Andhra Pradesh,Visakhapatnam,43,Female,88,146,45,Normal,0,0,2,2,2,11.6
12322,W,Maharashtra,Thane,58,Female,94,152,61,Normal,0,0,0,0,2,10
12324,W,Maharashtra,Thane,49,Female,81,157,69,Normal,0,0,0,0,1,6.2
12328,W,Maharashtra,Thane,51,Female,75,155,59,Normal,0,0,0,0,1,6.8
12330,W,Maharashtra,Thane,44,Female,94,159,54,Normal,0,0,0,0,3,6
12347,NE,Tripura,West Tripura,55,Male,87,160,48,Normal,0,0,6,0,2,5.1
12357,S,Andaman And Nicobar,Port Blair,54,Female,96,153,63,Normal,0,0,0,0,6,4.7
12358,NE,Arunachal Pradesh,Papum Pare,35,Female,100,153,66,Normal,0,0,1,1,1,5.1
12359,S,Pondicherry,Pondicherry,58,Male,90,174,81,Normal,0,0,0,0,6,7.4
12362,W,Gujarat,Navsari,57,Male,94,158,60,Normal,0,0,6,0,2,7
12363,NE,Arunachal Pradesh,Papum Pare,38,Male,95,164,67,Normal,1,1,1,1,2,5.4
12367,S,Andaman And Nicobar,Port Blair,38,Female,100,155,70,Normal,0,0,1,3,1,5.7
12368,S,Andaman And Nicobar,Port Blair,49,Female,109,147,65,Normal,0,0,0,0,1,6.5
12369,W,Gujarat,Navsari,43,Female,92,152,61,Normal,1,1,4,4,2,6.3
12374,W,Maharashtra,Nagpur,60,Male,95,178,82,Normal,0,0,3,1,1,5.5
12377,S,Pondicherry,Pondicherry,40,Male,99,154,65,Normal,1,1,1,4,2,13.4
12379,S,Andaman And Nicobar,Port Blair,45,Female,79,152,48,Normal,0,0,0,0,1,4.9
12387,N,Haryana,Panchkula,60,Female,90,157,75,Normal,0,0,0,0,2,4.4
12392,S,Andaman And Nicobar,Port Blair,42,Female,89,149,50,Normal,0,0,1,1,1,5.7
12393,S,Pondicherry,Pondicherry,60,Female,89,156,69,Normal,1,1,0,0,3,6.5
12395,W,Gujarat,Navsari,70,Male,111,160,83,Normal,0,0,0,0,4,5.9
12396,S,Pondicherry,Pondicherry,41,Male,93,160,70,Normal,0,0,2,6,3,5.1
12397,S,Pondicherry,Pondicherry,49,Male,102,178,87,Normal,1,1,6,6,1,9.2
12399,S,Andaman And Nicobar,Port Blair,41,Female,100,150,60,Normal,0,0,0,0,1,5.3
12400,S,Andaman And Nicobar,Port Blair,39,Female,101,155,77,Normal,0,1,2,2,2,5.4
12402,W,Gujarat,Navsari,31,Male,93,167,74,Normal,0,0,6,6,1,5.9
12405,C,Chhattisgarh,Raipur,67,Male,90,158,43,Normal,1,0,0,0,3,12.8
12406,W,Gujarat,Navsari,41,Male,104,160,69,Normal,0,0,0,0,6,5.4
12408,S,Andaman And Nicobar,Port Blair,33,Female,106,150,63,Normal,1,1,1,1,4,5.7
12410,W,Gujarat,Navsari,70,Male,81,163,45,Normal,0,0,0,0,6,5.7
12411,S,Pondicherry,Pondicherry,44,Female,88,149,70,Normal,0,0,6,1,1,5.3
12413,W,Gujarat,Navsari,56,Male,106,172,90,Normal,1,1,0,0,4,6.7
12414,S,Andaman And Nicobar,Port Blair,50,Male,92,158,68,Normal,0,0,0,0,4,6.2
12415,W,Gujarat,Navsari,64,Female,92,147,76,Normal,0,0,0,0,1,6
12416,S,Andaman And Nicobar,Port Blair,40,Female,87,146,60,Normal,0,0,0,0,4,4.9
12418,W,Gujarat,Navsari,61,Male,106,167,75,Normal,0,0,0,0,1,6.1
12420,S,Andaman And Nicobar,Port Blair,60,Male,81,154,48,Normal,0,0,1,1,4,7.9
12422,W,Gujarat,Navsari,37,Female,113,155,73,Normal,0,0,0,0,3,6.1
12424,W,Gujarat,Navsari,58,Female,107,157,78,Normal,0,0,0,0,2,6.5
12427,S,Andaman And Nicobar,Port Blair,49,Female,91,159,54,Normal,0,0,1,1,1,5.2
12428,S,Tamil Nadu,Namakkal,57,Male,101,174,82,Normal,0,0,1,0,2,9.9
12429,W,Gujarat,Navsari,63,Male,92,167,61,Normal,0,0,0,0,1,4.7
12430,S,Pondicherry,Pondicherry,50,Male,92,165,74,Normal,0,0,3,3,1,5.7
12431,W,Gujarat,Navsari,52,Male,95,157,65,Normal,0,0,6,3,1,7.4
12432,W,Gujarat,Navsari,35,Female,76,147,45,Normal,0,0,4,0,3,5.7
12434,W,Gujarat,Navsari,43,Male,84,175,66,Normal,0,0,0,0,3,5.3
12436,NE,Arunachal Pradesh,Papum Pare,42,Female,96,155,60,Normal,0,0,1,1,2,6
12440,W,Gujarat,Navsari,51,Male,98,165,59,Normal,0,1,0,0,4,5.7
12441,S,Pondicherry,Pondicherry,40,Female,94,153,60,Normal,0,0,3,3,4,6
12442,W,Gujarat,Navsari,51,Female,98,166,55,Normal,0,0,0,0,2,4.9
12444,S,Andaman And Nicobar,Port Blair,59,Female,87,151,59,Normal,0,0,1,0,1,10.09
12446,W,Gujarat,Navsari,42,Female,90,167,65,Normal,0,0,0,0,5,5.7
12447,NE,Arunachal Pradesh,Papum Pare,28,Female,102,153,69,Normal,1,0,1,0,2,4.5
12448,S,Andaman And Nicobar,Port Blair,67,Male,110,161,72,Normal,0,0,0,0,1,6.1
12450,W,Maharashtra,Nagpur,55,Male,95,161,67,Normal,0,0,6,0,1,6.5
12451,W,Maharashtra,Nagpur,45,Female,99,153,65,Normal,1,0,4,4,2,5.6
12455,NW,Jammu And Kashmir,Samba,70,Male,88,170,68,Normal,0,0,1,3,1,5.5
12456,C,Chhattisgarh,Raipur,33,Male,75,167,50,Normal,0,0,0,0,2,5.2
12459,W,Gujarat,Surat,43,Male,100,170,80,Normal,0,0,0,0,1,6
12460,E,Jharkhand,Ranchi,50,Female,66,156,41,Normal,0,0,0,1,4,4.8
12464,E,Jharkhand,Ranchi,52,Male,82,157,50,Normal,0,0,2,2,1,4.5
12465,C,Chhattisgarh,Raipur,40,Female,105,157,66,Normal,0,0,6,6,4,7.4
12467,NW,Jammu And Kashmir,Samba,40,Male,106,158,64,Normal,0,0,2,0,1,5.9
12468,W,Gujarat,Surat,40,Male,90,180,69,Normal,0,1,0,0,1,5.1
12470,C,Chhattisgarh,Raipur,63,Male,72,179,47,Normal,0,0,0,0,3,5.7
12472,S,Tamil Nadu,Salem,47,Female,95,159,64,Normal,0,0,6,0,1,5.4
12475,NW,Jammu And Kashmir,Samba,48,Male,89,164,55,Normal,0,0,2,1,2,10.5
12477,W,Gujarat,Surat,40,Male,102,165,75,Normal,0,0,0,0,1,4.6
12479,W,Gujarat,Surat,51,Male,94,160,74,Normal,1,0,0,0,1,5.6
12483,C,Chhattisgarh,Raipur,32,Female,90,152,53,Normal,0,0,0,0,2,4.9
12485,S,Tamil Nadu,Salem,37,Female,124,162,94,Normal,1,1,0,1,1,5
12489,C,Chhattisgarh,Raipur,60,Female,90,139,46,Normal,0,0,0,0,2,6.1
12492,S,Tamil Nadu,Salem,64,Male,87,160,60,Normal,0,0,0,0,3,5.9
12495,C,Madhya Pradesh,Raisen,57,Male,108,168,82,Normal,1,0,0,0,1,5.8
12496,S,Tamil Nadu,Salem,38,Male,88,165,67,Normal,0,0,0,0,5,9.1
12497,NW,Jammu And Kashmir,Samba,63,Male,88,178,72,Normal,0,0,1,2,2,8
12499,S,Tamil Nadu,Salem,42,Female,83,155,57,Normal,0,0,0,0,5,5.4
12506,S,Tamil Nadu,Salem,44,Female,90,154,65,Normal,0,0,0,0,1,5.4
12509,NW,Jammu And Kashmir,Samba,38,Female,96,164,56,Normal,0,0,2,2,1,4.7
12511,S,Tamil Nadu,Salem,55,Female,90,150,55,Normal,0,0,2,1,2,5.8
12514,NW,Jammu And Kashmir,Samba,62,Male,88,188,78,Normal,0,0,2,2,2,4.8
12518,S,Tamil Nadu,Salem,59,Male,89,150,60,Normal,0,0,6,0,1,5.5
12525,S,Tamil Nadu,Salem,78,Male,99,149,54,Normal,0,1,0,0,1,6.7
12526,W,Gujarat,Surat,39,Female,85,145,50,Normal,0,0,0,0,1,5.3
12527,NW,Jammu And Kashmir,Samba,47,Female,88,184,72,Normal,0,0,1,1,2,5.5
12530,S,Tamil Nadu,Salem,68,Male,116,170,88,Normal,1,1,0,0,1,11.9
12531,NW,Jammu And Kashmir,Samba,70,Male,90,164,52,Normal,0,0,1,2,1,6.3
12534,E,Jharkhand,Ranchi,37,Male,93,168,75,Normal,0,0,2,2,6,5.1
12535,NW,Jammu And Kashmir,Samba,70,Male,98,169,65,Normal,0,0,1,1,2,5.8
12537,S,Tamil Nadu,Salem,55,Male,97,163,72,Normal,0,0,0,0,1,5.6
12541,S,Tamil Nadu,Salem,56,Female,113,155,85,Normal,0,0,2,1,1,10.1
12542,S,Tamil Nadu,Salem,39,Male,96,162,75,Normal,0,0,0,1,3,6.5
12547,E,Jharkhand,Ranchi,55,Female,89,156,46,Normal,0,0,2,1,4,6.2
12550,W,Gujarat,Surat,49,Female,83,144,60,Normal,0,0,0,0,2,5.8
12552,C,Madhya Pradesh,Raisen,34,Female,97,170,79,Normal,0,0,0,0,1,6.1
12553,C,Madhya Pradesh,Raisen,60,Male,100,160,69,Normal,0,0,1,4,1,7.4
12554,E,Jharkhand,Ranchi,20,Female,68,144,41,Normal,0,0,2,2,6,5.4
12555,NW,Jammu And Kashmir,Samba,40,Female,88,149,57,Normal,0,0,2,2,2,7.5
12560,NW,Jammu And Kashmir,Samba,60,Female,88,147,53,Normal,0,0,1,1,1,5.4
12561,W,Gujarat,Surat,31,Male,89,176,71,Normal,0,0,6,0,1,5.1
12564,NW,Jammu And Kashmir,Samba,70,Male,88,177,61,Normal,0,0,1,1,2,10.1
12567,W,Gujarat,Surat,55,Male,92,160,67,Normal,1,0,6,0,3,7.6
12579,C,Madhya Pradesh,Raisen,30,Male,92,162,67,Normal,0,0,0,0,1,5.7
12580,C,Chhattisgarh,Raipur,25,Male,90,175,73,Normal,0,0,0,0,1,5.4
12583,W,Gujarat,Surat,29,Male,109,185,104,Normal,0,0,0,0,2,5.6
12584,W,Gujarat,Surat,63,Male,109,173,81,Normal,0,0,0,0,3,11.2
12588,C,Madhya Pradesh,Raisen,56,Male,98,167,65,Normal,0,1,0,0,4,5
12591,NW,Jammu And Kashmir,Samba,50,Female,88,154,52,Normal,0,0,3,0,1,4.8
12592,E,Jharkhand,Ranchi,35,Female,90,152,50,Normal,0,0,4,4,5,5.4
12593,C,Chhattisgarh,Raipur,54,Male,96,146,63,Normal,1,0,4,1,3,5.6
12598,W,Rajasthan,Ajmer,55,Male,90,176,67,Normal,0,0,0,0,2,5.8
12599,S,Karnataka,Bangalore,57,Female,99,152,61,Normal,0,1,6,0,3,5.4
12603,S,Karnataka,Bangalore,45,Male,102,170,82,Normal,0,0,0,0,1,6.3
12605,E,Orissa,Balasore,48,Male,81,159,66,Normal,0,0,2,2,2,5.6
12609,NW,Jammu And Kashmir,Anantnag,54,Male,99,172,80,Normal,0,0,2,1,2,5.1
12612,W,Maharashtra,Ahmednagar,60,Male,97,167,72,Normal,0,0,1,2,2,6.7
12614,S,Tamil Nadu,Madurai,42,Female,75,155,63,Normal,0,0,0,0,2,9.9
12618,W,Maharashtra,Ahmednagar,46,Female,98,148,65,Normal,0,0,6,6,4,5.2
12619,S,Tamil Nadu,Madurai,49,Female,92,162,59,Normal,0,1,5,3,2,6
12621,S,Tamil Nadu,Madurai,32,Female,101,156,87,Normal,0,0,3,1,2,6.2
12622,S,Tamil Nadu,Madurai,51,Male,76,157,55,Normal,0,1,0,0,1,5.8
12623,S,Tamil Nadu,Madurai,52,Male,103,171,82,Normal,1,1,1,0,2,6.6
12627,W,Maharashtra,Ahmednagar,33,Female,96,152,65,Normal,0,0,0,3,2,5.4
12628,NE,Assam,Dibrugarh,36,Male,78,182,67,Normal,0,0,1,1,1,4.6
12633,W,Maharashtra,Ahmednagar,41,Female,97,139,77,Normal,0,0,1,2,2,6
12635,S,Pondicherry,Pondicherry,50,Male,83,162,54,Normal,0,0,0,0,1,14.6
12636,NE,Assam,Jorhat,57,Female,79,156,60,Normal,0,0,0,0,4,6.7
12637,W,Maharashtra,Ahmednagar,52,Male,94,170,64,Normal,0,0,1,0,2,11.2
12638,S,Karnataka,Bangalore,30,Female,99,156,62,Normal,0,0,0,0,1,4.7
12639,NE,Assam,Jorhat,52,Female,89,159,49,Normal,0,0,0,0,4,6.5
12642,E,Orissa,Balasore,55,Male,80,150,50,Normal,1,0,2,1,1,6.4
12650,W,Maharashtra,Ahmednagar,22,Female,91,155,45,Normal,0,0,6,6,1,4.8
12651,W,Rajasthan,Ajmer,45,Male,91,148,70,Normal,0,0,1,0,1,7.5
12652,S,Karnataka,Bangalore,38,Male,104,167,85,Normal,0,1,2,2,4,5.9
12655,W,Rajasthan,Ajmer,69,Male,102,169,75,Normal,0,0,6,6,6,5.3
12659,NE,Assam,Jorhat,45,Female,82,158,62,Normal,0,0,0,0,1,5.8
12661,NW,Jammu And Kashmir,Anantnag,45,Female,77,147,53,Normal,0,0,0,0,1,4.6
12664,NE,Assam,Jorhat,58,Female,82,167,65,Normal,0,0,6,6,1,5.5
12666,S,Karnataka,Bangalore,63,Male,82,159,56,Normal,0,0,1,0,3,7.2
12667,E,Orissa,Balasore,35,Male,69,156,69,Normal,1,0,2,3,3,6.5
12668,S,Karnataka,Bangalore,43,Female,107,152,70,Normal,0,0,0,0,3,5.9
12669,S,Karnataka,Bangalore,38,Female,94,162,63,Normal,0,0,0,0,4,5.7
12671,S,Karnataka,Bangalore,40,Male,94,166,78,Normal,0,0,3,0,1,5.9
12672,NW,Jammu And Kashmir,Anantnag,45,Male,93,170,77,Normal,0,0,0,0,1,5.6
12675,W,Maharashtra,Ahmednagar,54,Male,101,165,78,Normal,0,0,6,0,1,5
12677,S,Karnataka,Bangalore,45,Female,64,150,49,Normal,0,0,0,0,1,4.8
12679,S,Karnataka,Bangalore,45,Male,90,155,57,Normal,0,0,0,0,6,11.5
12680,S,Karnataka,Bangalore,50,Male,97,169,75,Normal,0,0,2,3,2,5.8
12682,NE,Assam,Jorhat,32,Female,80,141,42,Normal,0,0,0,0,3,5.1
12683,W,Rajasthan,Ajmer,51,Male,103,164,73,Normal,0,0,0,0,4,5.8
12685,W,Rajasthan,Ajmer,39,Male,96,168,74,Normal,0,0,0,0,2,5.7
12686,W,Rajasthan,Ajmer,50,Male,92,152,52,Normal,0,0,0,3,4,5.3
12689,W,Maharashtra,Ahmednagar,60,Male,99,171,71,Normal,0,0,2,2,2,7.2
12690,W,Maharashtra,Ahmednagar,64,Male,90,155,56,Normal,0,0,6,4,1,6.1
12692,S,Karnataka,Bangalore,78,Male,93,161,64,Normal,0,0,6,6,1,5.6
12694,S,Karnataka,Bangalore,50,Male,94,170,72,Normal,0,0,1,0,2,10.3
12695,S,Karnataka,Bangalore,47,Female,96,162,78,Normal,1,1,6,0,1,6.4
12697,S,Andhra Pradesh,Anantapur,66,Male,71,156,56,Normal,0,0,0,0,1,6.9
12698,S,Andhra Pradesh,Anantapur,58,Male,112,155,78,Normal,0,1,1,1,3,5.8
12699,W,Rajasthan,Ajmer,63,Male,73,166,50,Normal,0,0,0,0,2,10.4
12702,W,Maharashtra,Ahmednagar,35,Female,101,159,75,Normal,0,0,0,0,3,5.1
12717,W,Maharashtra,Ahmednagar,38,Male,84,181,77,Normal,0,0,2,1,3,5.6
12726,S,Karnataka,Bangalore,22,Male,84,173,55,Normal,0,1,0,0,3,6.1
12729,S,Karnataka,Bangalore,55,Female,73,122,46,Normal,0,0,3,3,2,5.8
12733,W,Maharashtra,Ahmednagar,25,Female,97,152,71,Normal,0,0,6,6,2,4.9
12734,W,Maharashtra,Ahmednagar,51,Female,94,150,54,Normal,0,0,0,1,1,4.3
12752,S,Tamil Nadu,Madurai,47,Female,92,153,72,Normal,0,1,1,3,2,6.7
12759,NE,Meghalaya,East Khasi Hills,40,Female,88,149,60,Normal,0,0,6,0,1,5.1
12760,NE,Assam,Jorhat,32,Female,79,160,53,Normal,0,0,6,6,2,5
12762,C,Madhya Pradesh,Gwalior,55,Male,95,160,60,Normal,0,0,0,0,4,9.3
12763,NE,Meghalaya,East Khasi Hills,65,Male,98,170,66,Normal,0,0,6,0,1,4.9
12764,C,Madhya Pradesh,Gwalior,49,Male,70,165,68,Normal,0,0,0,0,2,6.5
12765,NE,Meghalaya,East Khasi Hills,42,Female,102,161,78,Normal,0,0,6,0,1,6.4
12768,NE,Assam,Jorhat,56,Female,79,148,56,Normal,0,0,5,0,3,5.4
12769,E,Jharkhand,Hazaribag,40,Male,73,155,47,Normal,0,0,2,2,4,5.5
12772,S,Karnataka,Bangalore,28,Male,78,178,78,Normal,0,0,1,1,2,5.6
12773,C,Madhya Pradesh,Gwalior,50,Male,74,168,46,Normal,0,0,3,4,4,4.8
12777,C,Madhya Pradesh,Gwalior,41,Male,102,170,89,Normal,0,0,6,6,5,5.6
12783,E,Jharkhand,Hazaribag,45,Male,96,150,66,Normal,0,0,1,1,2,6.1
12786,S,Karnataka,Hassan,23,Male,78,163,50,Normal,1,0,0,0,3,4.9
12788,C,Madhya Pradesh,Gwalior,50,Male,70,165,53,Normal,0,1,0,0,2,5.7
12793,S,Karnataka,Hassan,44,Male,107,165,75,Normal,0,0,0,0,5,5.2
12794,S,Karnataka,Bangalore,63,Female,95,160,63,Normal,0,0,6,0,1,5.7
12795,E,Jharkhand,Hazaribag,65,Female,104,170,75,Normal,0,0,2,2,4,6.9
12796,E,Jharkhand,Hazaribag,52,Male,107,170,79,Normal,0,0,0,0,3,5.6
12798,NW,Jammu And Kashmir,Jammu,55,Male,91,165,68,Normal,0,0,1,0,1,6.2
12801,E,Jharkhand,Hazaribag,47,Female,89,156,56,Normal,0,0,0,0,1,5.3
12803,S,Karnataka,Bangalore,50,Male,115,165,95,Normal,0,0,1,1,3,5.9
12805,NE,Meghalaya,East Khasi Hills,28,Female,107,150,70,Normal,0,0,6,0,1,5.9
12809,C,Madhya Pradesh,Gwalior,59,Male,96,164,68,Normal,0,0,2,0,3,5.4
12811,C,Madhya Pradesh,Gwalior,45,Female,102,156,75,Normal,0,0,0,0,2,5.1
12812,C,Madhya Pradesh,Gwalior,42,Female,120,163,105,Normal,0,0,0,0,1,5.5
12816,C,Madhya Pradesh,Gwalior,36,Female,60,152,72,Normal,0,1,6,0,3,5.2
12817,NE,Meghalaya,East Khasi Hills,50,Female,60,140,78,Normal,0,0,6,0,1,5.3
12819,S,Karnataka,Bangalore,43,Female,90,158,72,Normal,0,0,5,0,4,5.7
12820,N,Uttarakhand,Dehradun,36,Female,100,151,73,Normal,0,0,0,0,6,5.8
12821,NE,Meghalaya,East Khasi Hills,37,Male,82,174,70,Normal,0,0,2,1,1,5
12823,C,Madhya Pradesh,Gwalior,43,Female,94,152,70,Normal,0,0,0,0,4,5.9
12825,NW,Jammu And Kashmir,Jammu,70,Male,97,173,65,Normal,0,0,0,0,2,5
12826,NW,Jammu And Kashmir,Jammu,70,Male,99,165,62,Normal,0,0,2,1,1,6.1
12827,C,Madhya Pradesh,Bhopal,47,Female,101,157,74,Normal,0,0,0,0,3,5.8
12832,E,West Bengal,Bankura,28,Male,82,162,61,Normal,0,0,1,2,1,5.9
12836,E,Jharkhand,Hazaribag,32,Female,81,145,51,Normal,0,0,5,6,4,4.7
12837,E,West Bengal,Bankura,48,Female,101,159,73,Normal,0,0,6,0,1,5.5
12838,N,Chandigarh,Chandigarh,35,Female,92,157,56,Normal,0,0,5,6,4,5.6
12849,E,Orissa,Bargarh,30,Female,95,155,56,Normal,0,0,0,1,1,5.1
12853,C,Madhya Pradesh,Bhopal,40,Female,82,149,51,Normal,0,0,3,1,1,5.1
12854,E,Jharkhand,Hazaribag,52,Male,94,160,60,Normal,0,0,2,0,2,5.4
12856,NE,Manipur,Imphal West,60,Male,98,164,71,Normal,0,0,3,2,5,4.9
12859,NE,Manipur,Imphal West,38,Female,94,155,61,Normal,0,0,6,1,2,6.3
12861,NE,Manipur,Imphal West,37,Male,95,165,76,Normal,0,0,5,2,6,5
12862,C,Madhya Pradesh,Bhopal,45,Male,80,176,54,Normal,1,1,0,0,3,10.9
12863,NE,Manipur,Imphal West,55,Female,86,154,58,Normal,0,0,5,3,2,6
12864,NE,Manipur,Imphal West,56,Female,92,154,59,Normal,1,0,5,3,4,5.8
12866,C,Madhya Pradesh,Bhopal,60,Female,88,146,44,Normal,0,0,0,0,1,7.7
12870,C,Madhya Pradesh,Bhopal,45,Female,100,155,62,Normal,0,0,0,0,1,5.8
12871,E,Orissa,Bargarh,60,Male,67,170,67,Normal,0,0,0,0,1,6.2
12872,NE,Manipur,Imphal West,62,Female,96,150,51,Normal,0,1,5,5,6,5.5
12873,E,Jharkhand,Hazaribag,36,Male,104,175,104,Normal,0,0,0,0,6,5
12876,E,Orissa,Bargarh,35,Female,92,143,58,Normal,0,0,1,1,1,7.1
12882,E,Jharkhand,Hazaribag,40,Female,67,160,45,Normal,0,0,0,0,6,5.2
12886,NW,Jammu And Kashmir,Kathua,45,Female,82,142,60,Normal,0,0,0,2,4,11.2
12888,S,Tamil Nadu,Madurai,45,Female,84,142,54,Normal,0,0,3,2,2,5.4
12889,S,Tamil Nadu,Kanchipuram,60,Female,84,138,54,Normal,0,0,0,0,3,6
12890,S,Tamil Nadu,Kanchipuram,60,Male,77,180,45,Normal,0,0,1,1,1,13.4
12891,S,Tamil Nadu,Kanchipuram,52,Male,79,180,45,Normal,0,0,3,3,1,5.6
12892,W,Maharashtra,Nagpur,60,Female,75,160,55,Normal,0,0,0,0,1,6.1
12893,S,Tamil Nadu,Kanchipuram,59,Male,88,164,60,Normal,1,0,5,3,3,6
12894,S,Tamil Nadu,Kanchipuram,41,Female,73,152,73,Normal,0,1,0,0,1,5.9
12899,S,Tamil Nadu,Madurai,28,Female,92,139,54,Normal,0,0,2,0,2,5.5
12901,W,Rajasthan,Nagaur,32,Male,87,162,65,Normal,0,0,1,2,2,5.6
12902,S,Tamil Nadu,Madurai,40,Female,98,153,71,Normal,0,0,0,1,1,8.9
12903,S,Tamil Nadu,Madurai,60,Female,91,153,65,Normal,0,0,0,1,1,6
12905,W,Rajasthan,Nagaur,70,Male,96,151,62,Normal,0,0,0,0,1,11.2
12907,NW,Jammu And Kashmir,Kathua,50,Female,92,150,76,Normal,0,0,0,0,3,6.4
12908,S,Tamil Nadu,Madurai,30,Male,89,162,71,Normal,0,0,0,0,2,6
12909,NE,Assam,Kamrup,45,Female,90,150,60,Normal,0,0,6,0,3,6
12911,NE,Assam,Kamrup,47,Female,95,150,60,Normal,0,0,5,4,6,7.4
12912,NE,Assam,Kamrup,38,Female,73,157,50,Normal,0,1,4,0,2,5.7
12915,NE,Assam,Kamrup,35,Female,82,156,42,Normal,0,0,6,0,1,5.5
12917,S,Tamil Nadu,Madurai,46,Male,86,159,75,Normal,0,0,3,5,2,6.3
12919,NW,Jammu And Kashmir,Kathua,41,Female,90,147,56,Normal,0,0,1,1,3,4.9
12921,NE,Assam,Kamrup,65,Male,91,152,50,Normal,0,0,6,0,2,5.7
12922,NE,Assam,Kamrup,50,Female,74,154,55,Normal,0,0,4,0,1,6.7
12923,NE,Assam,Kamrup,45,Female,88,165,50,Normal,0,0,4,0,3,5.2
12926,NW,Jammu And Kashmir,Kathua,38,Female,104,168,68,Normal,0,0,0,0,2,5.2
12927,NE,Assam,Kamrup,40,Female,89,152,60,Normal,0,0,5,0,2,5.3
12929,NE,Assam,Kamrup,35,Male,86,159,55,Normal,0,0,1,0,5,8.9
12930,NE,Assam,Kamrup,47,Female,87,138,56,Normal,0,0,0,0,4,11.2
12931,NE,Assam,Kamrup,40,Female,95,155,50,Normal,0,0,6,0,2,6
12932,S,Tamil Nadu,Kanchipuram,46,Female,92,148,62,Normal,0,0,0,0,1,6.8
12933,S,Tamil Nadu,Madurai,43,Female,109,158,80,Normal,0,0,0,0,1,5.3
12934,S,Tamil Nadu,Madurai,50,Female,98,153,55,Normal,0,0,6,5,3,6.8
12935,S,Tamil Nadu,Madurai,59,Male,81,178,55,Normal,0,0,1,0,3,5.7
12937,S,Tamil Nadu,Kanchipuram,63,Female,90,150,58,Normal,0,0,0,0,1,5.9
12938,S,Tamil Nadu,Madurai,32,Male,70,168,44,Normal,0,0,0,0,2,13.2
12939,S,Tamil Nadu,Kanchipuram,38,Female,71,157,46,Normal,0,0,0,0,1,5.5
12941,S,Tamil Nadu,Madurai,45,Female,94,161,70,Normal,1,0,0,0,2,5.8
12942,S,Tamil Nadu,Kanchipuram,62,Male,90,155,60,Normal,0,0,1,1,1,10.2
12943,S,Tamil Nadu,Kanchipuram,45,Female,90,143,59,Normal,1,1,3,2,2,7.2
12944,S,Tamil Nadu,Madurai,30,Male,92,157,63,Normal,0,0,1,1,2,5.4
12945,S,Tamil Nadu,Kanchipuram,52,Female,83,145,56,Normal,0,0,0,0,1,5.7
12946,S,Tamil Nadu,Kanchipuram,50,Male,68,160,62,Normal,1,0,2,2,1,6
12947,S,Tamil Nadu,Madurai,65,Female,93,148,56,Normal,0,0,6,5,3,7.6
12948,S,Tamil Nadu,Kanchipuram,36,Female,109,159,87,Normal,0,0,0,0,1,6.4
12949,S,Tamil Nadu,Kanchipuram,33,Female,75,152,50,Normal,0,0,0,0,1,5.2
12950,S,Tamil Nadu,Kanchipuram,38,Female,88,155,65,Normal,1,1,3,6,2,5
12951,S,Tamil Nadu,Kanchipuram,35,Female,100,161,71,Normal,0,0,2,0,2,5.9
12954,W,Rajasthan,Nagaur,58,Male,105,170,80,Normal,0,0,3,1,2,6.6
12956,NW,Jammu And Kashmir,Kulgam,37,Female,87,152,47,Normal,0,0,0,0,1,8.7
12958,NW,Jammu And Kashmir,Kathua,59,Male,98,170,57,Normal,0,0,2,1,1,6
12959,NW,Jammu And Kashmir,Kulgam,45,Female,105,150,65,Normal,0,0,0,0,2,7.7
12961,NW,Jammu And Kashmir,Kathua,58,Male,98,171,80,Normal,0,0,2,1,1,5.1
12962,NW,Jammu And Kashmir,Kathua,51,Male,96,154,63,Normal,0,0,2,1,1,4.7
12963,NW,Jammu And Kashmir,Kathua,68,Male,90,170,57,Normal,0,0,2,3,2,5.6
12964,NW,Jammu And Kashmir,Kulgam,45,Male,90,168,58,Normal,0,0,0,0,2,5.4
12966,NW,Jammu And Kashmir,Kulgam,45,Male,90,168,62,Normal,0,0,0,0,1,10.1
12968,NW,Jammu And Kashmir,Kulgam,42,Male,90,170,67,Normal,0,0,4,4,1,4.8
12970,NW,Jammu And Kashmir,Kulgam,36,Female,87,152,67,Normal,0,0,0,0,1,5
12977,NW,Jammu And Kashmir,Kulgam,41,Male,94,171,81,Normal,0,0,1,0,1,5.2
12978,S,Karnataka,Kolar,25,Male,75,171,56,Normal,0,0,6,0,4,5.1
12979,NW,Jammu And Kashmir,Kulgam,30,Female,87,140,50,Normal,0,0,0,0,1,4.9
12982,NW,Jammu And Kashmir,Kulgam,67,Male,96,160,72,Normal,0,0,0,0,1,5.2
12985,NW,Jammu And Kashmir,Kulgam,50,Female,84,155,68,Normal,0,0,6,0,1,5.5
12988,NW,Jammu And Kashmir,Kulgam,25,Female,93,161,55,Normal,0,0,0,0,1,4.5
12990,NE,Tripura,West Tripura,57,Male,84,175,70,Normal,0,0,6,0,3,6.3
12996,W,Maharashtra,Thane,38,Male,104,168,80,Normal,0,0,0,0,1,5.5
12997,W,Maharashtra,Thane,40,Female,99,157,68,Normal,0,0,0,0,6,5.2
12999,W,Maharashtra,Thane,57,Female,94,152,65,Normal,0,0,0,0,1,5.5
13002,C,Madhya Pradesh,Ujjain,56,Male,82,163,66,Normal,0,0,6,6,2,9.9
13003,W,Maharashtra,Thane,52,Male,109,152,85,Normal,0,0,0,6,4,5.9
13007,W,Maharashtra,Thane,61,Female,87,157,76,Normal,0,0,0,0,1,11.3
13021,W,Maharashtra,Thane,36,Female,89,155,67,Normal,0,0,0,0,4,4.8
13024,S,Andhra Pradesh,Visakhapatnam,60,Male,87,159,80,Normal,0,0,3,2,2,4
13027,W,Maharashtra,Thane,37,Female,78,154,66,Normal,0,1,0,0,5,5.5
13038,S,Andhra Pradesh,Visakhapatnam,43,Female,92,145,59,Normal,0,0,0,0,1,5.2
13039,S,Andhra Pradesh,Visakhapatnam,45,Female,85,155,50,Normal,0,0,1,1,1,5
13042,C,Madhya Pradesh,Ujjain,46,Male,89,160,72,Normal,0,0,2,2,2,4.9
13045,W,Gujarat,Navsari,55,Male,96,163,65,Normal,0,0,1,1,1,5.6
13047,W,Gujarat,Navsari,27,Female,79,165,65,Normal,0,0,4,1,2,5.2
13049,W,Gujarat,Navsari,61,Male,78,157,52,Normal,0,0,6,6,1,6.4
13052,W,Gujarat,Navsari,52,Male,102,172,87,Normal,0,0,0,0,4,6.3
13053,S,Andaman And Nicobar,Port Blair,45,Female,92,151,60,Normal,0,0,0,0,3,5.3
13054,S,Andaman And Nicobar,Port Blair,55,Male,84,157,54,Normal,0,0,2,3,1,8.7
13055,S,Pondicherry,Pondicherry,39,Male,86,176,81,Normal,1,0,2,0,1,6.8
13056,W,Gujarat,Navsari,53,Female,94,162,72,Normal,0,1,0,0,3,8.5
13059,S,Pondicherry,Pondicherry,60,Female,84,153,70,Normal,0,0,1,1,1,6.6
13060,W,Gujarat,Navsari,55,Female,86,156,74,Normal,0,0,0,0,4,6.2
13061,S,Pondicherry,Pondicherry,55,Male,110,171,91,Normal,0,0,6,6,1,6.5
13067,S,Pondicherry,Pondicherry,48,Female,94,147,65,Normal,1,1,1,1,1,5.4
13068,W,Gujarat,Navsari,71,Male,66,156,46,Normal,0,0,0,0,3,6.2
13069,NE,Arunachal Pradesh,Papum Pare,32,Female,82,154,54,Normal,0,0,0,0,1,4.6
13070,NE,Arunachal Pradesh,Papum Pare,41,Male,107,159,78,Normal,0,0,6,0,4,6.1
13071,NE,Arunachal Pradesh,Papum Pare,38,Male,105,160,79,Normal,0,0,6,0,1,5.1
13073,W,Gujarat,Navsari,52,Female,111,153,97,Normal,0,0,0,0,1,5.3
13074,W,Gujarat,Navsari,42,Male,90,172,70,Normal,1,1,1,0,2,5.4
13075,S,Pondicherry,Pondicherry,70,Female,84,150,47,Normal,0,0,0,1,3,9.4
13077,S,Pondicherry,Pondicherry,48,Female,95,166,63,Normal,0,0,6,6,1,4.9
13082,NE,Arunachal Pradesh,Papum Pare,38,Female,106,153,75,Normal,0,0,6,2,2,5.2
13087,S,Andaman And Nicobar,Port Blair,49,Female,109,160,65,Normal,0,0,0,0,1,5.3
13088,S,Andaman And Nicobar,Port Blair,38,Female,90,152,50,Normal,0,0,1,1,1,5.6
13089,W,Gujarat,Navsari,43,Female,88,160,68,Normal,0,0,0,0,6,5.2
13091,S,Tamil Nadu,Namakkal,52,Male,96,158,69,Normal,0,0,1,3,1,5.7
13092,S,Tamil Nadu,Namakkal,59,Male,90,166,59,Normal,0,0,1,2,1,6.1
13097,W,Gujarat,Navsari,51,Male,95,165,72,Normal,0,0,1,1,1,5.2
13098,W,Maharashtra,Nagpur,46,Female,65,158,55,Normal,0,0,6,2,2,5.8
13106,S,Andaman And Nicobar,Port Blair,46,Female,97,152,57,Normal,0,1,1,1,1,5.7
13107,W,Gujarat,Navsari,52,Female,95,152,61,Normal,0,1,0,0,4,8.9
13115,NW,Jammu And Kashmir,Samba,45,Female,88,153,52,Normal,1,0,2,2,1,5.4
13118,E,Jharkhand,Ranchi,35,Male,98,162,75,Normal,0,0,0,0,1,5
13125,S,Goa,South Goa,52,Female,90,150,48,Normal,0,0,0,0,1,5.6
13126,C,Chhattisgarh,Raipur,36,Female,85,165,55,Normal,0,0,6,6,1,12.4
13131,NW,Jammu And Kashmir,Samba,70,Female,88,150,58,Normal,0,0,1,1,1,5.3
13132,NW,Jammu And Kashmir,Samba,45,Female,88,160,81,Normal,0,0,0,0,3,4.8
13134,NW,Jammu And Kashmir,Samba,25,Male,89,164,55,Normal,0,0,1,1,2,4.7
13136,W,Gujarat,Surat,61,Female,93,145,63,Normal,0,0,0,0,1,6.4
13139,W,Gujarat,Surat,45,Male,103,175,81,Normal,0,0,0,1,1,5.2
13143,W,Gujarat,Surat,47,Male,96,162,78,Normal,0,0,2,0,1,6.4
13144,NW,Jammu And Kashmir,Samba,22,Male,90,168,52,Normal,0,0,1,2,1,6.2
13146,E,Jharkhand,Ranchi,65,Female,108,152,67,Normal,1,1,0,0,6,5.4
13148,E,Jharkhand,Ranchi,50,Male,88,156,55,Normal,0,0,6,0,5,4.9
13151,S,Tamil Nadu,Salem,38,Female,96,154,69,Normal,0,0,0,0,3,5.4
13153,W,Gujarat,Surat,40,Female,93,150,66,Normal,0,0,0,0,1,5.9
13158,W,Gujarat,Surat,27,Male,79,165,53,Normal,0,1,6,1,1,5.9
13163,S,Tamil Nadu,Salem,46,Female,85,159,63,Normal,0,0,2,2,1,5.4
13165,S,Tamil Nadu,Salem,36,Female,62,150,60,Normal,1,1,6,0,6,5.2
13168,S,Tamil Nadu,Salem,65,Female,90,170,55,Normal,0,0,0,0,1,5.8
13170,C,Madhya Pradesh,Raisen,48,Male,107,169,87,Normal,0,0,0,0,4,5.3
13172,NW,Jammu And Kashmir,Samba,38,Female,86,152,70,Normal,0,0,2,2,2,10.4
13173,S,Tamil Nadu,Salem,48,Female,94,155,63,Normal,0,0,0,0,3,5
13174,S,Tamil Nadu,Salem,47,Female,113,157,113,Normal,0,0,0,5,3,6
13176,NW,Jammu And Kashmir,Samba,45,Female,88,154,64,Normal,0,0,2,2,1,5.1
13178,S,Tamil Nadu,Salem,42,Female,74,145,54,Normal,1,0,0,0,3,5.1
13180,S,Tamil Nadu,Salem,65,Female,121,158,99,Normal,0,0,0,0,1,7
13182,S,Tamil Nadu,Salem,43,Female,102,152,80,Normal,0,1,0,0,1,5.4
13183,C,Chhattisgarh,Raipur,38,Female,97,145,50,Normal,0,0,0,0,4,7.8
13186,C,Chhattisgarh,Raipur,65,Male,72,152,42,Normal,0,0,1,0,1,5.5
13194,S,Tamil Nadu,Salem,48,Male,88,174,81,Normal,0,0,2,4,1,6.1
13197,S,Tamil Nadu,Salem,46,Female,102,152,70,Normal,0,0,0,0,1,4.5
13198,E,Jharkhand,Ranchi,48,Male,92,162,58,Normal,0,0,4,2,1,7
13199,S,Tamil Nadu,Salem,65,Female,60,158,60,Normal,0,0,6,1,2,9.3
13200,S,Tamil Nadu,Salem,57,Male,102,161,70,Normal,0,0,0,0,2,5.1
13201,S,Tamil Nadu,Salem,40,Male,101,165,84,Normal,0,0,3,1,3,5.7
13204,C,Chhattisgarh,Raipur,43,Female,93,159,59,Normal,0,0,0,0,3,4.9
13206,W,Gujarat,Surat,49,Male,92,165,65,Normal,0,0,0,0,1,5.1
13207,C,Chhattisgarh,Raipur,60,Female,82,160,60,Normal,0,0,1,0,1,10.6
13212,W,Gujarat,Surat,40,Male,77,156,58,Normal,0,1,0,0,1,5.3
13213,C,Madhya Pradesh,Raisen,48,Male,92,163,52,Normal,0,0,0,0,6,7.7
13215,E,Jharkhand,Ranchi,45,Female,94,156,55,Normal,0,0,2,2,6,5.3
13220,W,Gujarat,Surat,47,Male,91,155,63,Normal,0,0,0,0,1,5.6
13221,C,Madhya Pradesh,Raisen,26,Male,97,174,75,Normal,0,0,3,3,3,5.4
13223,NW,Jammu And Kashmir,Samba,50,Female,98,164,58,Normal,0,0,2,3,2,4.8
13225,NW,Jammu And Kashmir,Samba,60,Female,88,152,78,Normal,0,0,3,3,2,6.5
13229,W,Gujarat,Surat,44,Male,101,170,82,Normal,1,0,0,0,1,5.8
13234,E,Orissa,Balasore,34,Female,72,138,60,Normal,1,0,2,3,3,4.7
13236,W,Rajasthan,Ajmer,58,Male,94,166,75,Normal,0,0,6,0,2,6
13237,NE,Assam,Jorhat,38,Female,80,168,55,Normal,0,0,5,2,2,4.9
13242,E,Orissa,Balasore,45,Male,87,160,65,Normal,1,0,3,3,6,8.2
13244,S,Karnataka,Bangalore,45,Female,102,164,85,Normal,0,0,2,2,1,5.6
13250,S,Karnataka,Bangalore,45,Female,98,155,59,Normal,0,1,3,3,3,5.9
13251,W,Maharashtra,Ahmednagar,45,Female,92,142,64,Normal,0,0,1,1,1,6
13255,W,Maharashtra,Ahmednagar,37,Female,81,148,60,Normal,0,0,0,0,6,5.4
13260,S,Karnataka,Bangalore,66,Female,80,154,81,Normal,0,0,0,6,3,5.8
13268,W,Maharashtra,Ahmednagar,52,Male,98,134,93,Normal,0,0,1,0,3,5.5
13272,S,Karnataka,Bangalore,29,Male,95,176,82,Normal,0,0,2,1,4,5.5
13275,W,Maharashtra,Ahmednagar,56,Male,122,159,97,Normal,0,0,0,0,2,5.7
13281,S,Karnataka,Bangalore,50,Female,86,155,56,Normal,0,0,0,0,1,5.6
13285,C,Madhya Pradesh,Bhopal,30,Female,77,145,50,Normal,0,0,1,1,2,5.1
13287,C,Madhya Pradesh,Gwalior,55,Male,80,169,72,Normal,0,0,0,0,1,6
13289,S,Karnataka,Hassan,65,Female,80,148,52,Normal,0,0,0,0,4,5.5
13290,E,Jharkhand,Hazaribag,33,Male,88,162,56,Normal,0,0,2,2,6,11.7
13291,C,Madhya Pradesh,Gwalior,40,Female,60,149,61,Normal,0,0,0,0,3,4.8
13292,C,Madhya Pradesh,Gwalior,35,Female,90,160,55,Normal,1,0,0,0,4,4.8
13296,E,West Bengal,Bardhaman,40,Female,74,164,53,Normal,0,0,1,1,1,7.6
13299,S,Karnataka,Bangalore,38,Female,100,156,75,Normal,0,0,6,0,4,7.4
13302,NE,Manipur,Imphal West,62,Female,95,147,55,Normal,0,0,0,0,1,5.6
13306,NE,Meghalaya,East Khasi Hills,75,Male,91,157,65,Normal,0,0,6,0,1,6.3
13307,C,Madhya Pradesh,Bhopal,55,Female,82,152,51,Normal,0,0,0,0,1,8.5
13309,NE,Manipur,Imphal West,40,Female,88,159,61,Normal,0,0,5,4,5,4.8
13310,NE,Manipur,Imphal West,38,Female,80,145,49,Normal,1,0,0,0,3,13
13314,C,Madhya Pradesh,Gwalior,57,Female,97,165,62,Normal,0,0,0,0,3,5.8
13317,C,Madhya Pradesh,Gwalior,55,Male,80,173,73,Normal,0,0,1,0,4,3.6
13318,C,Madhya Pradesh,Gwalior,50,Female,105,143,60,Normal,0,0,0,0,5,6.6
13319,NW,Jammu And Kashmir,Jammu,70,Male,91,161,58,Normal,0,0,0,0,1,6.3
13324,NE,Assam,Jorhat,62,Male,83,166,67,Normal,0,0,5,0,4,5.5
13327,E,West Bengal,Bankura,42,Male,73,166,58,Normal,0,0,0,0,1,4.8
13328,N,Uttarakhand,Dehradun,36,Female,98,149,79,Normal,0,0,2,0,3,5.9
13329,E,West Bengal,Bardhaman,35,Male,94,165,81,Normal,1,0,3,3,4,4.5
13331,C,Madhya Pradesh,Bhopal,43,Male,78,158,55,Normal,0,0,6,4,3,5.4
13334,N,Chandigarh,Chandigarh,36,Female,84,157,60,Normal,0,0,6,5,2,5.6
13338,E,Jharkhand,Hazaribag,50,Male,95,165,69,Normal,1,1,1,1,1,5.4
13341,E,West Bengal,Bankura,52,Male,80,158,43,Normal,0,0,2,2,1,5.7
13343,C,Madhya Pradesh,Bhopal,56,Female,100,132,59,Normal,0,0,2,6,1,5.6
13344,C,Madhya Pradesh,Gwalior,60,Female,90,151,64,Normal,1,0,0,0,4,6.3
13345,NE,Meghalaya,East Khasi Hills,20,Male,80,163,45,Normal,0,0,0,0,3,5
13346,C,Madhya Pradesh,Bhopal,38,Female,83,168,54,Normal,0,0,1,1,2,4.3
13347,C,Madhya Pradesh,Bhopal,60,Female,97,148,53,Normal,0,0,0,0,1,5.5
13348,E,Jharkhand,Hazaribag,63,Male,99,165,60,Normal,0,1,0,0,1,6.3
13352,C,Madhya Pradesh,Bhopal,45,Female,94,160,70,Normal,0,0,0,0,1,5.5
13353,NW,Jammu And Kashmir,Kulgam,36,Female,96,161,67,Normal,0,0,0,0,2,5.4
13354,NW,Jammu And Kashmir,Kulgam,60,Female,80,166,70,Normal,0,0,0,2,3,5.9
13355,NW,Jammu And Kashmir,Kathua,40,Female,88,151,60,Normal,0,0,1,1,2,5.3
13356,S,Tamil Nadu,Kanchipuram,48,Female,84,147,60,Normal,0,0,1,1,2,5.2
13358,S,Tamil Nadu,Kanchipuram,42,Female,88,159,73,Normal,0,1,6,6,1,6
13360,S,Tamil Nadu,Kanchipuram,43,Female,75,149,45,Normal,0,0,1,0,1,6
13364,NE,Assam,Kamrup,50,Female,90,152,60,Normal,0,0,3,0,1,8.7
13365,NW,Jammu And Kashmir,Kulgam,40,Male,85,168,61,Normal,0,0,0,0,1,5.5
13366,S,Tamil Nadu,Madurai,60,Female,65,144,65,Normal,0,0,0,0,1,6.7
13367,S,Tamil Nadu,Madurai,50,Female,79,155,54,Normal,0,0,3,1,1,5.9
13369,NW,Jammu And Kashmir,Kathua,25,Female,88,160,80,Normal,0,0,1,1,1,6.1
13373,W,Rajasthan,Nagaur,40,Male,90,165,68,Normal,0,0,0,0,4,4.8
13375,S,Tamil Nadu,Madurai,50,Female,92,145,53,Normal,0,0,0,0,2,6.4
13376,W,Rajasthan,Nagaur,55,Female,100,151,64,Normal,0,0,2,0,4,4.9
13380,S,Tamil Nadu,Madurai,50,Female,68,145,46,Normal,0,0,0,1,1,6.2
13382,NW,Jammu And Kashmir,Kathua,58,Male,95,159,62,Normal,0,0,6,6,4,7.3
13385,S,Tamil Nadu,Madurai,45,Male,84,170,60,Normal,0,0,5,5,3,5.6
13386,S,Tamil Nadu,Madurai,33,Male,76,165,50,Normal,0,0,5,5,3,5.3
13387,S,Tamil Nadu,Kanchipuram,55,Male,72,162,72,Normal,0,0,0,0,1,6.1
13388,S,Tamil Nadu,Madurai,65,Female,75,154,48,Normal,0,0,2,5,3,5.6
13395,W,Maharashtra,Thane,58,Male,104,154,60,Normal,0,0,0,0,1,7.1
13399,W,Maharashtra,Thane,45,Female,98,155,68,Normal,0,1,1,1,1,5.5
13400,W,Maharashtra,Thane,42,Male,100,154,71,Normal,0,0,6,0,1,6.8
13412,N,Delhi,West Delhi,60,Male,118,161,83,Normal,0,0,6,2,2,5.6
13414,C,Madhya Pradesh,Ujjain,54,Female,102,157,69,Normal,0,0,0,0,4,10.9
13417,W,Maharashtra,Thane,37,Female,90,154,70,Normal,0,0,4,0,2,5.8
13418,S,Pondicherry,Pondicherry,33,Female,97,154,68,Normal,0,0,0,0,3,5.6
13422,S,Pondicherry,Pondicherry,47,Male,100,163,82,Normal,0,0,5,0,2,5
13425,S,Tamil Nadu,Namakkal,55,Female,80,138,41,Normal,0,0,3,5,2,5.9
13426,W,Gujarat,Navsari,63,Female,103,152,69,Normal,0,0,0,0,6,6.2
13427,S,Andaman And Nicobar,Port Blair,50,Female,95,143,50,Normal,0,0,1,1,1,6.9
13428,W,Gujarat,Navsari,62,Male,92,162,55,Normal,0,0,0,0,4,6.6
13430,S,Andaman And Nicobar,Port Blair,34,Female,110,153,70,Normal,0,0,1,1,1,5.4
13431,S,Andaman And Nicobar,Port Blair,56,Male,98,168,76,Normal,0,0,1,1,1,5.5
13432,S,Andaman And Nicobar,Port Blair,37,Male,86,160,84,Normal,0,0,0,0,3,4.8
13433,S,Andaman And Nicobar,Port Blair,79,Male,84,165,60,Normal,0,0,1,1,1,6.4
13434,S,Andaman And Nicobar,Port Blair,42,Female,111,147,67,Normal,0,1,1,1,1,6.6
13435,W,Gujarat,Navsari,44,Male,83,180,65,Normal,1,1,6,0,5,5.6
13437,S,Pondicherry,Pondicherry,40,Female,84,155,76,Normal,1,0,6,0,2,4.8
13438,W,Gujarat,Navsari,52,Female,93,162,64,Normal,1,0,0,0,4,5.8
13439,W,Gujarat,Navsari,52,Male,85,168,50,Normal,0,0,0,0,1,5.7
13440,C,Chhattisgarh,Raipur,52,Male,101,171,71,Normal,0,0,0,0,2,4.3
13441,W,Gujarat,Navsari,40,Female,88,152,60,Normal,0,0,1,1,1,5
13443,C,Chhattisgarh,Raipur,45,Female,96,160,67,Normal,1,1,4,2,3,5.8
13444,C,Chhattisgarh,Raipur,25,Male,87,172,63,Normal,0,0,6,6,3,5.6
13445,W,Gujarat,Surat,40,Female,80,155,61,Normal,0,0,0,0,1,8.3
13447,C,Chhattisgarh,Raipur,33,Male,89,160,62,Normal,0,0,0,0,2,5.6
13451,NW,Jammu And Kashmir,Samba,64,Female,88,138,65,Normal,0,0,0,0,2,4.9
13453,S,Tamil Nadu,Salem,75,Male,116,158,71,Normal,0,0,0,0,1,6.7
13455,S,Tamil Nadu,Salem,58,Male,116,165,89,Normal,0,1,0,0,4,7
13456,C,Madhya Pradesh,Raisen,44,Male,99,180,87,Normal,0,0,3,2,2,5
13457,S,Tamil Nadu,Salem,58,Male,80,164,52,Normal,0,0,0,6,6,5.3
13458,S,Tamil Nadu,Salem,36,Male,89,165,70,Normal,1,0,5,5,3,10.3
13459,S,Tamil Nadu,Salem,52,Male,100,167,72,Normal,1,0,0,0,5,5.7
13460,S,Tamil Nadu,Salem,58,Male,86,168,65,Normal,0,1,0,0,1,6.6
13461,S,Tamil Nadu,Salem,35,Female,87,151,67,Normal,0,0,1,0,2,5.7
13462,C,Madhya Pradesh,Raisen,48,Female,94,154,52,Normal,0,0,0,1,3,5.5
13464,S,Tamil Nadu,Salem,46,Female,104,161,85,Normal,0,1,0,0,3,5.7
13467,C,Chhattisgarh,Raipur,50,Female,89,145,45,Normal,0,0,0,0,4,5.3
13470,W,Gujarat,Surat,44,Male,97,165,60,Normal,0,0,0,0,1,5.6
13473,NW,Jammu And Kashmir,Samba,31,Female,90,169,45,Normal,0,0,1,1,1,5.8
13474,NW,Jammu And Kashmir,Samba,40,Female,88,152,68,Normal,0,0,1,2,1,5.2
13483,S,Karnataka,Bangalore,27,Female,72,156,52,Normal,0,0,0,0,4,5.1
13484,S,Karnataka,Bangalore,80,Male,108,171,85,Normal,0,0,0,0,2,11.9
13485,S,Karnataka,Bangalore,45,Male,91,171,69,Normal,0,0,0,1,4,6.2
13487,E,Orissa,Balasore,30,Male,90,160,78,Normal,0,0,1,1,1,4.7
13493,S,Tamil Nadu,Madurai,53,Female,105,148,79,Normal,0,0,0,0,1,7
13498,W,Rajasthan,Ajmer,40,Female,105,154,75,Normal,0,0,0,0,1,7
13499,S,Tamil Nadu,Madurai,50,Female,86,161,80,Normal,1,0,6,0,3,6.2
13505,NW,Jammu And Kashmir,Anantnag,20,Female,85,155,49,Normal,0,0,5,2,2,5.3
13507,S,Andhra Pradesh,Anantapur,43,Male,80,167,79,Normal,0,0,0,0,1,5.9
13514,C,Madhya Pradesh,Gwalior,45,Male,85,172,85,Normal,0,0,0,0,1,5.8
13515,S,Karnataka,Hassan,70,Female,63,137,55,Normal,0,0,0,0,4,7.2
13516,C,Madhya Pradesh,Gwalior,40,Female,81,156,55,Normal,0,0,0,0,3,5.2
13529,S,Tamil Nadu,Madurai,60,Female,98,149,60,Normal,0,0,2,1,1,9
13530,S,Tamil Nadu,Madurai,35,Male,85,152,55,Normal,0,0,5,5,3,5.4
13532,S,Tamil Nadu,Madurai,29,Female,67,161,49,Normal,0,0,0,0,2,5.7
13534,S,Tamil Nadu,Madurai,30,Male,91,146,57,Normal,0,0,3,1,1,5.7
13535,S,Tamil Nadu,Madurai,60,Female,66,139,50,Normal,0,0,0,0,2,6
13536,NW,Jammu And Kashmir,Kathua,66,Female,88,160,55,Normal,0,0,2,1,1,5.8
13537,S,Tamil Nadu,Madurai,56,Male,83,166,66,Normal,0,0,0,0,1,5.7
13538,NE,Assam,Kamrup,46,Female,83,156,46,Normal,0,1,6,0,2,5.2
13539,W,Maharashtra,Nagpur,56,Male,80,170,80,Normal,0,0,2,1,1,5.8
13549,S,Pondicherry,Pondicherry,48,Male,86,166,76,Normal,1,0,3,2,2,6.6
13553,S,Andaman And Nicobar,Port Blair,40,Female,96,154,73,Normal,0,1,1,1,1,5.7
13554,W,Gujarat,Navsari,62,Male,95,152,70,Normal,0,0,0,0,2,8.4
13555,S,Andaman And Nicobar,Port Blair,65,Male,90,154,45,Normal,0,0,0,0,1,5.9
13556,S,Andaman And Nicobar,Port Blair,27,Male,112,161,102,Normal,0,0,0,0,1,5.9
13559,W,Maharashtra,Nagpur,47,Male,95,175,85,Normal,1,0,3,1,1,6.5
13561,S,Pondicherry,Pondicherry,24,Male,89,167,80,Normal,1,1,3,3,1,5.7
13564,S,Tamil Nadu,Salem,70,Male,81,180,67,Normal,0,0,0,0,1,5.6
13565,S,Tamil Nadu,Salem,63,Male,83,160,54,Normal,0,0,6,0,1,5.8
13568,NW,Jammu And Kashmir,Samba,21,Male,89,169,55,Normal,0,0,1,1,1,5.2
13571,S,Tamil Nadu,Salem,50,Female,88,165,77,Normal,0,0,0,0,4,6.1
13572,S,Tamil Nadu,Salem,65,Male,97,160,79,Normal,0,0,6,0,1,5.8
13574,W,Gujarat,Surat,40,Male,89,161,69,Normal,0,0,0,0,1,8.3
13576,E,Jharkhand,Ranchi,33,Female,100,162,69,Normal,0,0,0,0,5,5
13583,NW,Jammu And Kashmir,Samba,68,Male,88,154,71,Normal,0,0,0,0,2,5.3
13588,S,Karnataka,Bangalore,40,Male,69,164,46,Normal,0,0,6,2,1,5.3
13604,S,Karnataka,Bangalore,30,Female,79,155,67,Normal,0,0,1,1,1,5.6
13605,E,Orissa,Balasore,31,Male,92,130,50,Normal,1,0,2,1,1,6.1
13606,S,Karnataka,Bangalore,63,Male,86,141,55,Normal,0,1,6,6,4,7.5
13611,E,Orissa,Balasore,49,Female,81,155,50,Normal,1,0,2,1,1,8.4
13614,S,Tamil Nadu,Madurai,50,Female,82,152,57,Normal,0,0,0,0,2,5.5
13616,C,Madhya Pradesh,Bhopal,30,Male,82,161,62,Normal,0,0,0,3,3,4.5
13617,NE,Manipur,Imphal West,52,Female,93,148,56,Normal,0,0,5,1,2,5.4
13618,NE,Manipur,Imphal West,43,Female,92,146,57,Normal,0,0,1,5,2,5.7
13623,C,Madhya Pradesh,Gwalior,60,Female,105,143,68,Normal,0,0,0,0,1,5.5
13628,C,Madhya Pradesh,Gwalior,58,Female,100,162,75,Normal,1,1,0,0,3,6.3
13631,NW,Jammu And Kashmir,Kathua,47,Male,96,170,80,Normal,0,0,3,1,2,10
13632,S,Tamil Nadu,Kanchipuram,43,Female,72,155,47,Normal,0,1,2,3,4,5.7
13634,NW,Jammu And Kashmir,Kulgam,55,Female,87,168,68,Normal,1,0,3,1,2,5.5
13635,S,Tamil Nadu,Kanchipuram,55,Female,75,152,54,Normal,0,0,1,0,4,5.2
13644,S,Tamil Nadu,Kanchipuram,40,Female,89,162,73,Normal,0,0,1,0,5,5.5
13645,S,Tamil Nadu,Kanchipuram,31,Female,65,157,46,Normal,0,0,4,5,3,5.1
13646,S,Tamil Nadu,Madurai,29,Female,90,150,55,Normal,0,0,3,2,2,5.8
13647,S,Tamil Nadu,Kanchipuram,50,Female,87,145,50,Normal,0,0,0,0,1,5.4
13648,S,Tamil Nadu,Madurai,76,Male,106,162,66,Normal,0,0,0,1,2,7.1
13653,NE,Tripura,West Tripura,37,Male,82,172,79,Normal,0,0,6,0,3,5.3
13656,S,Andhra Pradesh,Visakhapatnam,48,Female,89,156,66,Normal,0,0,0,0,1,7
13657,S,Andaman And Nicobar,Port Blair,21,Male,70,160,58,Normal,0,0,0,0,4,5.3
13658,S,Andaman And Nicobar,Port Blair,58,Female,90,146,54,Normal,0,0,2,2,4,6.1
13659,W,Gujarat,Navsari,47,Female,96,152,79,Normal,0,0,0,0,2,5.9
13660,S,Andaman And Nicobar,Port Blair,40,Female,94,156,88,Normal,0,0,2,1,4,5.7
13663,S,Pondicherry,Pondicherry,30,Female,105,160,78,Normal,1,0,0,0,2,7.2
13664,NW,Jammu And Kashmir,Samba,38,Male,92,168,58,Normal,0,0,2,1,2,5.5
13665,S,Tamil Nadu,Salem,43,Male,106,167,79,Normal,0,0,0,0,1,5.2
13666,C,Madhya Pradesh,Raisen,55,Female,99,145,66,Normal,0,0,0,0,1,5.2
13668,S,Tamil Nadu,Salem,42,Male,114,165,98,Normal,0,0,0,2,2,4.7
13669,S,Tamil Nadu,Salem,41,Female,75,162,44,Normal,0,0,6,0,1,4.4
13672,E,Jharkhand,Ranchi,40,Male,99,171,71,Normal,0,0,2,2,1,6.2
13675,S,Karnataka,Bangalore,27,Female,108,155,77,Normal,0,0,1,1,2,6.1
13676,S,Karnataka,Bangalore,22,Female,107,150,81,Normal,1,0,2,1,1,11.3
13679,S,Karnataka,Bangalore,47,Female,86,150,45,Normal,0,0,0,0,1,5.5
13685,W,Maharashtra,Ahmednagar,39,Female,100,155,69,Normal,1,0,5,3,3,5.4
13687,NW,Jammu And Kashmir,Anantnag,46,Male,90,168,68,Normal,0,0,0,0,1,4.7
13694,S,Tamil Nadu,Madurai,49,Male,86,163,66,Normal,0,0,0,0,1,5.9
13695,NE,Manipur,Imphal West,55,Female,109,158,77,Normal,0,0,2,1,2,5.5
13696,NE,Manipur,Imphal West,39,Female,94,153,60,Normal,0,0,0,0,2,5.4
13697,E,Jharkhand,Hazaribag,61,Male,91,159,50,Normal,0,0,0,0,2,5.2
13698,NE,Manipur,Imphal West,51,Female,77,151,54,Normal,0,0,3,1,3,5.4
13700,NE,Manipur,Imphal West,62,Female,88,143,57,Normal,0,0,0,0,2,5.7
13709,C,Madhya Pradesh,Bhopal,62,Male,65,172,62,Normal,0,0,6,6,1,5.6
13711,S,Karnataka,Bangalore,36,Female,89,146,57,Normal,0,0,6,4,2,5.9
13714,NE,Meghalaya,East Khasi Hills,66,Female,83,148,50,Normal,0,0,6,0,1,5.4
13715,E,Jharkhand,Hazaribag,25,Female,74,162,52,Normal,0,0,2,2,6,5.2
13717,S,Tamil Nadu,Madurai,30,Female,94,162,73,Normal,0,0,0,0,1,5.1
13720,S,Tamil Nadu,Madurai,42,Female,87,151,62,Normal,1,0,4,0,2,6.2
13721,S,Tamil Nadu,Madurai,51,Female,86,162,48,Normal,0,0,2,5,3,5.8
13723,S,Tamil Nadu,Kanchipuram,60,Male,90,181,70,Normal,0,0,4,0,3,6
13724,S,Tamil Nadu,Madurai,47,Male,81,145,45,Normal,0,0,3,4,3,6.3
13727,NW,Jammu And Kashmir,Kulgam,42,Female,86,152,74,Normal,0,0,0,0,1,5.6
13728,NW,Jammu And Kashmir,Kathua,62,Male,95,169,72,Normal,0,0,0,0,1,5.9
13729,NW,Jammu And Kashmir,Kathua,50,Female,99,160,66,Normal,0,0,6,0,3,5.9
13730,S,Karnataka,Kolar,25,Male,74,169,53,Normal,0,0,0,0,1,5.1
13731,S,Andaman And Nicobar,Port Blair,63,Male,95,162,79,Normal,0,0,0,0,1,5.7
13732,S,Andaman And Nicobar,Port Blair,32,Male,72,160,55,Normal,0,1,2,3,1,5.2
13733,C,Chhattisgarh,Raipur,60,Male,82,169,51,Normal,0,0,0,0,1,5.5
13734,S,Andaman And Nicobar,Port Blair,33,Female,106,152,54,Normal,0,0,1,1,1,5.4
13735,S,Andaman And Nicobar,Port Blair,61,Male,98,154,55,Normal,0,0,6,0,1,6.5
13736,S,Andaman And Nicobar,Port Blair,34,Female,78,151,52,Normal,0,0,0,1,1,4.9
13737,S,Andaman And Nicobar,Port Blair,73,Male,82,145,45,Normal,0,0,1,0,1,6
13738,S,Pondicherry,Pondicherry,47,Male,101,178,83,Normal,1,0,0,0,4,6.4
13748,S,Tamil Nadu,Salem,65,Male,81,161,50,Normal,0,0,1,2,2,5
13749,S,Tamil Nadu,Salem,33,Female,64,152,70,Normal,0,1,0,1,1,5.2
13754,NW,Jammu And Kashmir,Samba,38,Male,94,170,69,Normal,0,0,1,1,1,11.9
13757,S,Tamil Nadu,Salem,47,Female,98,157,70,Normal,1,1,2,1,2,5.2
13759,S,Tamil Nadu,Salem,32,Female,104,145,70,Normal,0,0,0,0,2,4.4
13760,S,Tamil Nadu,Salem,73,Male,80,165,55,Normal,0,0,0,0,1,5.5
13761,S,Tamil Nadu,Salem,38,Male,90,164,59,Normal,0,0,0,0,1,5.2
13765,S,Tamil Nadu,Madurai,52,Female,93,152,83,Normal,1,1,0,0,2,4.7
13766,S,Tamil Nadu,Madurai,66,Male,78,167,48,Normal,0,0,1,2,2,5.8
13767,S,Tamil Nadu,Madurai,32,Female,92,156,84,Normal,0,0,1,2,2,5.5
13776,S,Andhra Pradesh,Anantapur,46,Female,89,168,70,Normal,1,1,0,0,1,5.6
13778,S,Karnataka,Bangalore,46,Male,108,185,96,Normal,0,0,5,0,1,5.9
13779,S,Karnataka,Bangalore,32,Male,82,185,65,Normal,0,0,4,5,6,6.1
13780,S,Karnataka,Bangalore,26,Male,111,150,96,Normal,0,0,0,3,2,5.3
13785,NW,Jammu And Kashmir,Jammu,60,Male,102,173,68,Normal,1,0,1,1,1,10.9
13790,E,West Bengal,Bankura,50,Female,104,124,60,Normal,0,0,0,0,1,11.5
13793,NE,Manipur,Imphal West,32,Female,86,167,69,Normal,0,1,5,3,3,5.5
13794,NE,Manipur,Imphal West,48,Female,107,149,69,Normal,0,0,6,3,2,5.8
13796,C,Madhya Pradesh,Bhopal,65,Female,89,142,51,Normal,0,0,6,6,1,4.9
13798,C,Madhya Pradesh,Bhopal,35,Male,102,170,165,Normal,0,0,1,1,1,5.7
13803,NW,Jammu And Kashmir,Kathua,36,Female,80,155,52,Normal,0,0,1,1,1,4.4
13804,S,Tamil Nadu,Kanchipuram,35,Female,90,150,52,Normal,0,0,3,2,4,5.2
13805,S,Tamil Nadu,Kanchipuram,67,Male,110,167,84,Normal,0,1,4,0,1,5.4
13806,S,Tamil Nadu,Kanchipuram,57,Female,78,154,48,Normal,1,0,6,0,1,5.9
13808,NE,Assam,Kamrup,35,Female,92,139,61,Normal,1,0,6,0,6,5.8
13810,NW,Jammu And Kashmir,Kulgam,25,Male,90,137,62,Normal,0,0,4,2,2,5.1
13812,NW,Jammu And Kashmir,Kulgam,35,Female,80,160,68,Normal,0,0,1,0,1,4.9
13813,S,Tamil Nadu,Madurai,34,Female,90,153,70,Normal,0,0,0,0,1,5.5
13814,S,Tamil Nadu,Madurai,62,Male,87,157,66,Normal,0,0,2,1,3,6.4
13815,S,Tamil Nadu,Madurai,55,Male,82,152,47,Normal,0,0,1,3,1,6
13816,NW,Jammu And Kashmir,Kulgam,36,Female,84,155,45,Normal,0,0,0,0,1,5.1
13818,S,Tamil Nadu,Madurai,65,Female,95,154,59,Normal,0,0,1,0,3,5.9
13820,S,Tamil Nadu,Madurai,46,Female,89,149,59,Normal,0,0,0,0,1,5.4
13821,NE,Tripura,West Tripura,48,Male,70,167,65,Normal,0,0,6,0,1,5.4
13825,W,Gujarat,Navsari,40,Female,100,156,77,Normal,0,1,0,0,4,5.2
13827,S,Andaman And Nicobar,Port Blair,33,Male,100,173,85,Normal,1,1,0,0,2,5.2
13828,S,Tamil Nadu,Namakkal,55,Male,99,170,85,Normal,0,0,0,1,2,5.1
13829,W,Gujarat,Navsari,46,Male,89,165,70,Normal,0,0,0,0,1,5.4
13834,S,Pondicherry,Pondicherry,49,Male,106,166,83,Normal,0,0,1,0,3,5.9
13838,W,Gujarat,Surat,56,Female,97,150,58,Normal,0,0,0,0,1,6.2
13841,S,Tamil Nadu,Salem,60,Male,79,160,50,Normal,0,0,1,1,1,6.6
13843,S,Tamil Nadu,Salem,59,Male,106,165,76,Normal,1,1,0,0,1,5.7
13845,S,Tamil Nadu,Salem,65,Male,75,168,56,Normal,1,1,3,0,1,10.8
13846,S,Tamil Nadu,Salem,45,Female,82,160,60,Normal,0,0,2,1,1,5.5
13849,S,Tamil Nadu,Salem,57,Male,100,160,59,Normal,0,1,6,5,1,5.2
13850,S,Tamil Nadu,Salem,48,Male,107,173,95,Normal,0,0,0,0,1,5.3
13851,C,Chhattisgarh,Raipur,60,Female,78,148,41,Normal,0,0,0,0,4,8.1
13852,E,Jharkhand,Ranchi,35,Male,95,166,65,Normal,0,0,4,4,5,4.7
13854,E,Jharkhand,Ranchi,65,Female,83,153,45,Normal,0,0,2,2,6,5.4
13861,NW,Jammu And Kashmir,Samba,64,Male,94,169,62,Normal,0,0,1,2,2,5
13864,NE,Assam,Jorhat,39,Female,86,164,66,Normal,0,0,3,1,2,10
13867,NE,Manipur,Imphal West,55,Female,87,145,57,Normal,0,0,0,0,2,5.7
13868,NE,Manipur,Imphal West,59,Male,95,159,64,Normal,0,0,2,1,2,4.7
13869,C,Madhya Pradesh,Gwalior,52,Female,102,168,81,Normal,0,0,0,0,2,5.8
13870,NE,Manipur,Imphal West,47,Female,95,138,49,Normal,0,0,5,4,5,5.7
13871,NE,Manipur,Imphal West,52,Female,85,154,55,Normal,0,1,2,1,2,5.7
13872,S,Tamil Nadu,Madurai,40,Male,75,169,66,Normal,0,1,1,5,3,7.2
13875,W,Gujarat,Navsari,21,Male,70,172,55,Normal,0,0,0,0,1,4.7
13876,S,Tamil Nadu,Salem,40,Male,88,175,69,Normal,0,0,0,0,2,4.9
13877,S,Tamil Nadu,Salem,47,Male,84,158,66,Normal,0,1,0,0,4,6.5
13878,S,Tamil Nadu,Salem,78,Male,86,164,65,Normal,0,0,6,6,1,5.8
13879,S,Tamil Nadu,Salem,65,Male,70,167,44,Normal,0,0,0,0,3,5.7
13880,C,Chhattisgarh,Raipur,37,Female,83,151,50,Normal,0,0,0,0,2,8.8
13886,S,Tamil Nadu,Madurai,58,Female,80,150,48,Normal,0,0,0,0,1,10
13888,S,Andhra Pradesh,Visakhapatnam,52,Male,90,155,70,Normal,0,0,1,1,1,8.2
13890,E,Orissa,Balasore,23,Female,87,155,48,Normal,1,0,2,3,3,4.7
13891,W,Maharashtra,Ahmednagar,50,Female,98,158,56,Normal,0,0,0,1,1,5.4
13893,NE,Manipur,Imphal West,28,Female,95,143,64,Normal,0,0,2,1,2,5.4
13894,NE,Manipur,Imphal West,45,Female,90,153,55,Normal,0,1,0,0,1,5.8
13895,NE,Manipur,Imphal West,60,Male,89,160,69,Normal,0,0,2,0,1,5.6
13897,C,Madhya Pradesh,Bhopal,55,Female,104,149,60,Normal,0,0,2,6,1,5.4
13898,NE,Manipur,Imphal West,62,Female,86,147,52,Normal,0,0,0,0,1,6.3
13900,NE,Manipur,Imphal West,45,Female,109,162,80,Normal,0,0,5,4,4,5.6
13901,NE,Manipur,Imphal West,26,Female,101,156,56,Normal,0,0,6,1,2,5.6
13902,N,Chandigarh,Chandigarh,54,Female,91,160,61,Normal,0,0,0,0,3,8
13906,S,Tamil Nadu,Madurai,24,Female,62,164,42,Normal,0,0,3,1,1,5.4
13908,W,Gujarat,Navsari,72,Male,85,161,54,Normal,0,0,6,0,1,5.6
13913,S,Tamil Nadu,Salem,29,Male,79,171,56,Normal,0,0,0,0,1,5.2
13915,S,Tamil Nadu,Salem,50,Female,89,153,59,Normal,0,0,6,0,1,5.1
13916,S,Tamil Nadu,Salem,56,Male,111,168,87,Normal,0,0,0,0,2,5.8
13917,E,Orissa,Balasore,42,Male,81,159,60,Normal,1,0,2,2,1,4.9
13918,E,Orissa,Balasore,38,Male,90,162,75,Normal,0,0,1,1,1,4.6
13919,NE,Manipur,Imphal West,63,Female,101,153,74,Normal,0,0,5,4,1,12.3
13920,NE,Manipur,Imphal West,55,Female,83,160,54,Normal,0,0,0,0,2,5.8
13921,NE,Manipur,Imphal West,48,Male,95,167,80,Normal,0,0,6,4,2,5.6
13923,S,Tamil Nadu,Madurai,25,Female,82,150,42,Normal,0,0,1,1,1,5.4
13924,S,Andhra Pradesh,Visakhapatnam,56,Female,92,177,95,Normal,0,0,0,2,1,7.7
13926,W,Maharashtra,Thane,29,Female,110,153,54,Normal,1,0,0,0,1,5.3
13929,S,Tamil Nadu,Salem,71,Male,98,168,72,Normal,0,0,0,0,2,5.4
13935,NE,Manipur,Imphal West,34,Male,98,172,79,Normal,1,1,2,0,1,5.4
13936,NE,Manipur,Imphal West,25,Male,88,165,72,Normal,0,0,6,1,3,5.6
13938,NE,Manipur,Imphal West,45,Male,83,147,52,Normal,0,0,6,3,4,5.7
13939,NE,Manipur,Imphal West,46,Female,91,149,57,Normal,0,0,6,5,3,5.7
13946,S,Tamil Nadu,Salem,27,Male,100,172,87,Normal,0,0,2,0,3,5.2
13959,S,Pondicherry,Pondicherry,35,Male,101,175,84,Normal,0,1,0,6,1,5.4
13961,S,Tamil Nadu,Salem,60,Female,99,158,72,Normal,0,0,6,0,1,5.8
13969,NE,Manipur,Imphal West,43,Female,89,150,52,Normal,0,0,6,0,2,5.8
13970,NW,Jammu And Kashmir,Jammu,66,Male,101,140,60,Normal,0,0,2,1,1,5.2
13971,NE,Manipur,Imphal West,59,Male,89,181,81,Normal,0,0,2,0,2,5.8
13972,NE,Manipur,Imphal West,36,Female,72,151,48,Normal,0,0,6,6,5,5.1
13973,NE,Manipur,Imphal West,48,Female,89,164,66,Normal,0,0,6,4,3,5.6
13974,NE,Manipur,Imphal West,30,Female,88,154,71,Normal,0,0,2,1,3,5.7
13976,S,Tamil Nadu,Madurai,64,Female,70,146,54,Normal,0,0,0,0,2,5.2
13983,NE,Manipur,Imphal West,37,Female,85,146,53,Normal,0,0,2,0,2,5.3
13984,NE,Manipur,Imphal West,60,Female,80,149,49,Normal,0,0,0,0,2,5.2
13986,NE,Manipur,Imphal West,37,Female,93,160,62,Normal,0,0,5,1,5,5.3
13989,S,Tamil Nadu,Salem,55,Male,86,176,86,Normal,0,0,0,0,2,5.1
13994,C,Chhattisgarh,Raipur,60,Female,104,138,60,Normal,0,0,0,0,1,8.9
13995,S,Tamil Nadu,Salem,52,Female,87,149,50,Normal,0,0,6,0,2,5.9
13997,W,Maharashtra,Ahmednagar,85,Male,93,165,63,Normal,1,0,6,0,2,13.3
13998,S,Tamil Nadu,Madurai,39,Female,88,158,53,Normal,0,0,0,0,2,5.7
13999,NE,Manipur,Imphal West,51,Female,91,158,69,Normal,0,0,0,0,1,5.9
14000,C,Madhya Pradesh,Gwalior,61,Male,85,163,55,Normal,0,0,6,3,2,5.7
14002,NE,Manipur,Imphal West,60,Female,89,151,55,Normal,0,0,2,0,3,5.5
14004,NE,Manipur,Imphal West,57,Female,77,144,44,Normal,0,0,0,0,1,5.6
14005,NE,Assam,Kamrup,35,Female,82,156,50,Normal,0,0,5,1,3,5
14007,S,Tamil Nadu,Salem,57,Male,86,158,63,Normal,0,0,6,0,1,4.8
14009,S,Tamil Nadu,Salem,20,Female,84,161,72,Normal,0,0,0,0,1,4.4
14010,S,Tamil Nadu,Salem,39,Female,92,153,96,Normal,0,0,1,2,2,5.2
14012,S,Tamil Nadu,Salem,30,Female,87,144,62,Normal,1,0,0,0,3,4.5
14013,S,Tamil Nadu,Salem,57,Female,75,151,45,Normal,1,1,0,0,1,4.7
14015,S,Tamil Nadu,Salem,58,Male,111,166,76,Normal,0,0,5,6,1,5.2
14016,S,Tamil Nadu,Salem,63,Female,105,141,77,Normal,0,0,1,1,2,5.3
14020,NE,Manipur,Imphal West,45,Male,107,166,83,Normal,0,0,6,4,1,6.6
14023,NE,Manipur,Imphal West,40,Male,80,158,49,Normal,0,0,0,4,1,5.1
14026,NE,Manipur,Imphal West,63,Female,89,144,53,Normal,0,0,2,1,3,5.6
14027,NE,Manipur,Imphal West,40,Female,99,147,72,Normal,1,0,1,2,2,7.3
14028,NE,Manipur,Imphal West,44,Female,94,159,71,Normal,0,0,6,4,2,5.7
14029,NE,Manipur,Imphal West,58,Female,79,152,58,Normal,0,0,4,1,3,5.8
14030,NE,Manipur,Imphal West,47,Female,73,153,48,Normal,0,0,2,0,3,5.7
14032,NE,Manipur,Imphal West,42,Female,91,145,63,Normal,0,0,1,2,2,5
14033,NE,Assam,Kamrup,37,Female,90,150,60,Normal,0,0,0,0,1,4.9
14034,W,Gujarat,Navsari,24,Female,94,154,73,Normal,0,1,1,6,3,5.7
14037,S,Tamil Nadu,Salem,42,Male,96,160,70,Normal,0,0,1,0,3,4.6
14041,C,Chhattisgarh,Raipur,45,Female,87,152,52,Normal,0,0,0,0,3,6.6
14042,S,Tamil Nadu,Salem,58,Male,86,153,64,Normal,0,0,0,0,1,9.6
14049,NE,Manipur,Imphal West,58,Female,88,146,52,Normal,0,0,6,0,2,8.6
14051,NE,Manipur,Imphal West,45,Female,84,150,56,Normal,0,0,3,0,1,5.4
14052,NE,Manipur,Imphal West,60,Female,87,159,54,Normal,0,1,1,1,1,5.8
14053,S,Andhra Pradesh,Visakhapatnam,39,Female,82,155,43,Normal,0,0,2,2,1,6.6
14059,S,Tamil Nadu,Salem,77,Male,93,163,66,Normal,0,0,0,0,1,5.3
14063,NE,Manipur,Imphal West,70,Male,100,167,72,Normal,0,0,0,6,1,5.6
14064,NE,Manipur,Imphal West,47,Female,91,151,61,Normal,0,0,0,0,3,5.4
14066,NE,Manipur,Imphal West,22,Female,87,150,57,Normal,0,1,0,0,1,5.3
14067,C,Madhya Pradesh,Gwalior,47,Female,60,145,55,Normal,0,1,1,0,4,6.2
14073,NE,Manipur,Imphal West,53,Female,93,153,63,Normal,0,0,5,3,4,5.5
14081,C,Madhya Pradesh,Bhopal,56,Male,107,165,65,Normal,0,0,6,1,2,5.7
14085,S,Tamil Nadu,Salem,50,Female,76,147,59,Normal,1,0,0,0,2,5
14088,W,Maharashtra,Ahmednagar,34,Male,92,171,63,Normal,0,0,1,1,1,5.2
14091,NE,Manipur,Imphal West,70,Female,104,149,58,Normal,0,0,2,1,2,7.2
14093,NE,Manipur,Imphal West,34,Female,90,152,66,Normal,0,0,1,1,2,5.5
14102,NE,Manipur,Imphal West,42,Male,98,162,73,Normal,1,0,0,0,3,5.7
14111,NE,Manipur,Imphal West,57,Female,95,152,58,Normal,1,0,6,2,1,5.4
14112,C,Madhya Pradesh,Bhopal,62,Male,93,164,66,Normal,0,0,0,0,2,6.2
14116,NE,Manipur,Imphal West,43,Female,104,153,74,Normal,0,0,1,6,2,5.8
14118,NE,Manipur,Imphal West,41,Female,83,150,55,Normal,0,0,0,1,2,5.5
14124,W,Maharashtra,Ahmednagar,65,Male,87,143,50,Normal,0,0,2,2,1,5.9
14126,NE,Manipur,Imphal West,46,Female,95,157,67,Normal,0,0,0,0,3,5.1
14133,NE,Manipur,Imphal West,64,Female,72,153,45,Normal,0,0,4,4,5,6.2
14134,NE,Manipur,Imphal West,37,Female,89,144,61,Normal,0,1,1,0,2,5.4
14139,NE,Manipur,Imphal West,37,Female,84,154,46,Normal,0,0,1,2,2,5.2
14140,NE,Manipur,Imphal West,58,Female,100,149,62,Normal,0,0,6,3,2,5.5
14141,NE,Manipur,Imphal West,59,Male,77,166,77,Normal,0,0,6,5,6,6.5
14148,NE,Manipur,Imphal West,48,Female,91,147,60,Normal,1,0,1,3,2,5.5
14149,NE,Manipur,Imphal West,40,Female,91,153,64,Normal,0,0,0,0,2,10.6
14150,NE,Manipur,Imphal West,65,Male,100,164,74,Normal,0,0,5,4,3,5.3
14151,NE,Manipur,Imphal West,40,Female,90,153,59,Normal,0,0,3,0,2,5
14152,NE,Manipur,Imphal West,45,Male,99,173,81,Normal,0,0,6,4,2,5.5
14153,NE,Manipur,Imphal West,43,Male,119,164,100,Normal,1,0,0,0,3,6.3
14154,NE,Manipur,Imphal West,45,Female,87,156,61,Normal,0,0,1,5,3,5.8
14155,C,Madhya Pradesh,Gwalior,44,Female,60,154,46,Normal,0,0,0,0,4,5.5
14161,NE,Manipur,Imphal West,48,Female,113,149,66,Normal,0,0,0,0,1,6
14162,NE,Manipur,Imphal West,60,Female,78,160,53,Normal,0,0,0,0,2,5.9
14167,NE,Manipur,Imphal West,48,Female,84,155,54,Normal,0,0,1,1,1,5.9
14168,NE,Manipur,Imphal West,24,Female,87,159,54,Normal,0,1,0,0,3,5.1
14169,NE,Manipur,Imphal West,43,Female,96,150,61,Normal,0,0,1,1,2,5.5
14170,NE,Manipur,Imphal West,51,Female,80,154,51,Normal,0,0,4,0,2,5.5
14171,NE,Assam,Jorhat,73,Male,90,166,64,Normal,0,0,6,0,3,5.6
14173,NE,Manipur,Imphal West,60,Female,98,149,60,Normal,0,0,1,1,1,6.3
14175,NE,Manipur,Imphal West,60,Female,92,157,62,Normal,0,0,0,0,3,5.9
14176,NE,Manipur,Imphal West,57,Female,105,152,63,Normal,0,0,1,0,3,5.3
14183,NE,Manipur,Imphal West,45,Female,91,153,56,Normal,0,0,2,1,2,5.9
14184,NE,Manipur,Imphal West,48,Female,96,153,64,Normal,0,0,6,0,2,5.3
14185,NE,Manipur,Imphal West,39,Female,88,159,71,Normal,0,0,2,4,2,7.9
14187,NE,Manipur,Imphal West,37,Female,94,157,64,Normal,1,0,6,0,4,5.5
14188,NE,Manipur,Imphal West,55,Female,87,147,48,Normal,0,0,3,1,3,5.3
14189,NE,Manipur,Imphal West,46,Male,90,160,67,Normal,1,0,3,0,1,5.7
14193,NE,Manipur,Imphal West,33,Female,100,155,71,Normal,1,1,0,0,1,5.3
14194,NE,Manipur,Imphal West,28,Female,83,165,56,Normal,0,1,6,0,3,5.2
14195,NE,Manipur,Imphal West,59,Female,79,148,54,Normal,0,0,6,0,2,5.8
14196,NE,Manipur,Imphal West,48,Male,102,165,81,Normal,0,0,3,1,1,6.4
14201,NE,Manipur,Imphal West,48,Female,86,157,61,Normal,0,0,6,3,2,5.8
14202,NE,Manipur,Imphal West,64,Female,93,147,53,Normal,0,0,0,0,1,6.2
14203,NE,Manipur,Imphal West,38,Male,97,168,71,Normal,1,0,0,0,1,5.5
14204,NE,Manipur,Imphal West,40,Female,89,156,62,Normal,0,0,4,2,2,5.1
14205,NE,Manipur,Imphal West,45,Female,91,161,58,Normal,1,0,1,1,1,5.6
14206,NE,Manipur,Imphal West,36,Male,105,161,83,Normal,0,0,6,5,6,5.7
14208,NE,Manipur,Imphal West,42,Female,111,156,78,Normal,0,0,0,1,1,5.7
14209,NE,Manipur,Imphal West,42,Female,83,136,54,Normal,0,0,6,5,3,4.7
14210,NE,Manipur,Imphal West,59,Female,87,149,49,Normal,0,0,6,5,3,5.9
14211,NE,Manipur,Imphal West,64,Female,98,147,54,Normal,0,0,4,0,3,5.8
14215,NE,Manipur,Imphal West,42,Female,89,150,56,Normal,0,0,0,1,1,5.2
14216,NE,Manipur,Imphal West,55,Female,72,158,57,Normal,0,0,0,1,1,5.9
14217,NE,Manipur,Imphal West,29,Male,90,162,71,Normal,0,0,1,1,2,5.2
14218,NE,Manipur,Imphal West,48,Female,123,151,78,Normal,0,1,3,1,2,5.5
14220,NE,Manipur,Imphal West,37,Female,97,153,60,Normal,0,0,6,3,2,8.3
14224,NE,Manipur,Imphal West,49,Female,98,157,80,Normal,0,0,6,4,4,5.5
14225,NE,Manipur,Imphal West,57,Female,82,151,59,Normal,0,0,0,1,2,5.6
14226,NE,Manipur,Imphal West,39,Male,92,162,76,Normal,0,0,1,1,4,5.8
14229,NE,Manipur,Imphal West,48,Female,90,162,62,Normal,0,1,3,3,2,5.3
14231,NE,Manipur,Imphal West,33,Female,95,160,65,Normal,0,0,0,0,3,5.5
14234,NE,Manipur,Imphal West,51,Female,99,155,63,Normal,0,0,3,0,2,6.2
14235,NE,Manipur,Imphal West,54,Female,91,155,61,Normal,0,1,4,6,4,5.4
14237,NE,Manipur,Imphal West,43,Female,76,153,49,Normal,0,0,0,0,2,5.1
14238,NE,Manipur,Imphal West,37,Male,88,154,62,Normal,0,0,1,4,4,5.6
14239,NE,Manipur,Imphal West,49,Female,95,154,60,Normal,0,0,0,0,1,5.3
14241,NE,Manipur,Imphal West,56,Female,92,155,59,Normal,0,0,1,0,1,6.2
14242,NE,Manipur,Imphal West,62,Female,99,153,69,Normal,0,0,0,0,1,6.5
14243,NE,Manipur,Imphal West,52,Female,76,157,49,Normal,0,0,6,0,2,5.8
14244,NE,Manipur,Imphal West,55,Female,76,150,52,Normal,0,0,4,6,5,5.9
14245,NE,Manipur,Imphal West,50,Female,97,150,62,Normal,0,0,1,5,3,5
14246,NE,Manipur,Imphal West,44,Female,81,155,61,Normal,1,0,6,0,4,4.9
14247,NW,Jammu And Kashmir,Jammu,70,Female,104,165,52,Normal,0,0,0,0,1,5.5
14248,E,Orissa,Balasore,35,Female,75,161,64,Diabetic,0,1,1,1,3,5.9
14250,E,Orissa,Balasore,50,Female,81,159,58,Diabetic,0,1,2,2,1,5.4
14252,E,Orissa,Balasore,40,Female,79,161,71,Diabetic,0,1,2,2,1,5.6
14255,S,Tamil Nadu,Madurai,63,Female,81,148,48,Diabetic,0,1,6,2,2,10.8
14256,E,Orissa,Balasore,55,Female,87,146,69,Diabetic,1,0,1,2,1,6.1
14257,E,Orissa,Balasore,36,Female,87,147,69,Diabetic,1,0,1,1,1,6.3
14258,E,Orissa,Balasore,43,Male,82,160,60,Diabetic,1,0,2,2,1,9.6
14259,E,Orissa,Balasore,21,Male,82,159,60,Diabetic,0,1,1,1,2,4.4
14260,E,Orissa,Balasore,35,Female,74,158,50,Diabetic,0,1,4,4,3,5.5
14261,E,Orissa,Balasore,25,Male,81,170,60,Diabetic,0,1,1,3,1,5.1
14262,E,Orissa,Balasore,27,Female,79,149,52,Diabetic,1,0,2,3,3,5.2
14263,E,Orissa,Balasore,45,Male,79,148,50,Diabetic,0,1,1,2,1,10.8
14265,E,Orissa,Balasore,48,Male,94,154,52,Diabetic,1,0,4,2,3,12.9
14266,E,Orissa,Balasore,44,Male,80,164,75,Diabetic,1,0,1,1,1,7.9
14267,E,Orissa,Balasore,36,Female,85,154,50,Diabetic,1,0,1,3,1,5.4
14269,E,Orissa,Balasore,60,Female,81,154,55,Diabetic,1,0,3,2,1,5.8
14270,W,Maharashtra,Ahmednagar,65,Female,130,140,56,Diabetic,0,0,4,0,1,10.2
14271,E,Orissa,Balasore,62,Male,87,160,65,Diabetic,1,0,2,3,1,6.8
14273,W,Maharashtra,Ahmednagar,60,Female,84,152,47,Diabetic,0,0,0,0,1,10.7
14274,E,Orissa,Balasore,44,Male,82,150,55,Diabetic,1,0,3,2,3,5.6
14275,E,Orissa,Balasore,55,Female,87,149,69,Diabetic,1,0,2,3,2,4.9
14276,E,Orissa,Balasore,43,Male,82,150,60,Diabetic,1,0,3,2,2,5
14277,E,Orissa,Balasore,60,Female,87,146,69,Diabetic,1,0,2,4,2,5.7
14278,E,Orissa,Balasore,32,Male,60,160,60,Diabetic,1,0,3,1,2,5.1
14279,E,Orissa,Balasore,46,Male,82,169,70,Diabetic,0,1,2,1,2,5.4
14280,E,Orissa,Balasore,36,Female,87,146,69,Diabetic,0,1,1,1,2,4.8
14281,E,Orissa,Balasore,37,Female,87,146,55,Diabetic,0,1,2,1,2,6.4
14282,E,Orissa,Balasore,50,Female,87,149,55,Diabetic,0,1,3,1,3,5.4
14283,E,Orissa,Balasore,25,Female,87,146,69,Diabetic,0,1,3,2,2,5
14285,E,Orissa,Balasore,32,Male,87,162,65,Diabetic,1,0,1,1,2,5.4
14287,E,Orissa,Balasore,50,Female,91,169,59,Diabetic,0,1,2,3,1,11.3
14288,E,Orissa,Balasore,39,Male,94,155,51,Diabetic,0,1,2,4,3,6
14289,W,Rajasthan,Ajmer,52,Female,93,154,62,Diabetic,0,1,0,0,4,11.4
14290,E,Orissa,Balasore,65,Female,79,145,54,Diabetic,0,0,4,3,1,5
14291,E,Orissa,Balasore,42,Female,84,154,50,Diabetic,0,1,4,1,2,4.9
14292,E,Orissa,Balasore,58,Male,82,160,60,Diabetic,1,0,3,1,2,7.5
14293,E,Orissa,Balasore,42,Female,87,146,69,Diabetic,0,1,3,1,4,5.4
14294,E,Orissa,Balasore,38,Female,87,146,87,Diabetic,0,1,3,2,2,6
14295,W,Rajasthan,Ajmer,51,Male,99,167,66,Diabetic,0,1,3,0,2,4.9
14296,E,Orissa,Balasore,40,Male,82,160,65,Diabetic,0,1,3,2,2,6
14297,E,Orissa,Balasore,37,Male,87,152,62,Diabetic,0,1,3,2,3,5.2
14298,E,Orissa,Balasore,32,Female,87,146,87,Diabetic,0,1,3,1,3,5.3
14299,E,Orissa,Balasore,44,Female,82,140,66,Diabetic,0,1,3,2,1,6
14300,E,Orissa,Balasore,45,Female,87,146,69,Diabetic,0,1,3,1,2,8
14301,S,Karnataka,Bangalore,68,Male,86,174,71,Diabetic,0,1,6,0,3,6.7
14302,E,Orissa,Balasore,45,Male,87,160,66,Diabetic,0,1,2,4,2,12.9
14303,E,Orissa,Balasore,35,Male,82,155,70,Diabetic,0,1,3,2,2,5
14304,E,Orissa,Balasore,40,Male,87,152,60,Diabetic,1,0,1,1,2,4.8
14305,E,Orissa,Balasore,45,Female,87,162,62,Diabetic,1,0,1,1,2,6.1
14306,E,Orissa,Balasore,51,Female,81,158,55,Diabetic,0,1,1,2,1,5.1
14307,E,Orissa,Balasore,65,Female,91,156,87,Diabetic,0,1,1,3,2,5.2
14308,E,Orissa,Balasore,55,Female,85,155,59,Diabetic,1,1,4,4,1,6.8
14309,E,Orissa,Balasore,62,Male,81,150,54,Diabetic,0,1,1,2,1,8
14310,E,Orissa,Balasore,30,Female,75,155,55,Diabetic,0,1,1,3,1,7.9
14311,E,Orissa,Balasore,55,Female,82,149,52,Diabetic,0,1,1,2,1,12
14312,E,Orissa,Balasore,32,Male,82,149,54,Diabetic,1,0,2,3,3,4.7
14313,E,Orissa,Balasore,40,Female,91,163,80,Diabetic,1,0,1,1,1,7.4
14314,E,Orissa,Balasore,72,Male,83,150,57,Diabetic,0,1,3,2,1,9.7
14315,E,Orissa,Balasore,52,Male,85,158,59,Diabetic,1,1,3,1,2,11.7
14316,E,Orissa,Balasore,66,Female,79,153,52,Diabetic,0,1,1,4,1,5
14317,E,Orissa,Balasore,50,Male,82,149,52,Diabetic,0,1,1,2,1,5.4
14318,E,Orissa,Balasore,46,Female,83,149,54,Diabetic,0,1,2,2,2,5.4
14319,E,Orissa,Balasore,28,Female,87,146,56,Diabetic,0,1,2,2,2,4.5
14320,E,Orissa,Balasore,36,Male,82,160,69,Diabetic,1,0,1,1,1,4.9
14321,E,Orissa,Balasore,55,Female,87,146,60,Diabetic,1,0,3,2,2,5
14322,E,Orissa,Balasore,58,Female,82,160,60,Diabetic,0,1,1,1,1,6.8
14323,E,Orissa,Balasore,46,Male,93,154,50,Diabetic,0,1,1,3,1,8.7
14324,E,Orissa,Balasore,60,Female,87,146,69,Diabetic,0,1,1,1,1,7.9
14325,E,Orissa,Balasore,45,Male,82,156,69,Diabetic,0,1,3,2,2,10.2
14326,E,Orissa,Balasore,38,Female,87,146,60,Diabetic,1,0,1,1,2,5
14327,E,Orissa,Balasore,57,Female,87,146,69,Diabetic,0,1,1,1,2,6
14328,E,Orissa,Balasore,42,Female,81,153,54,Diabetic,1,0,1,1,2,5.9
14330,E,Orissa,Balasore,39,Male,81,155,85,Diabetic,1,1,0,4,2,5.8
14332,E,Orissa,Balasore,36,Male,92,146,96,Diabetic,0,1,1,1,2,5.2
14333,E,Orissa,Balasore,57,Male,82,149,52,Diabetic,0,1,1,2,1,9.4
14335,E,Orissa,Balasore,44,Female,85,160,60,Diabetic,1,0,1,1,2,5.9
14336,S,Andhra Pradesh,Anantapur,58,Female,81,141,55,Diabetic,0,0,2,5,3,5.5
14344,S,Andhra Pradesh,Anantapur,64,Male,82,152,55,Diabetic,1,1,0,0,1,6.9
14345,S,Andhra Pradesh,Anantapur,55,Female,100,154,63,Diabetic,0,0,0,2,4,7.3
14348,S,Andhra Pradesh,Anantapur,64,Male,82,152,72,Diabetic,0,0,1,2,1,5.1
14352,S,Andhra Pradesh,Anantapur,46,Male,85,155,65,Diabetic,0,0,2,1,1,5.7
14353,S,Andhra Pradesh,Anantapur,48,Male,85,165,65,Diabetic,0,0,1,2,1,12
14354,S,Andhra Pradesh,Anantapur,45,Male,92,154,65,Diabetic,0,0,1,1,1,4.7
14356,W,Maharashtra,Ahmednagar,56,Male,93,160,52,Diabetic,0,0,0,0,1,8.9
14358,S,Andhra Pradesh,Anantapur,58,Male,85,155,65,Diabetic,0,0,1,1,1,5.8
14360,S,Tamil Nadu,Madurai,56,Female,82,153,55,Diabetic,0,0,1,4,2,9.2
14361,W,Rajasthan,Ajmer,60,Male,104,173,83,Diabetic,0,1,0,0,3,9.2
14362,W,Maharashtra,Ahmednagar,49,Male,94,167,103,Diabetic,0,0,2,4,3,6.6
14365,S,Andhra Pradesh,Anantapur,34,Female,85,155,75,Diabetic,0,0,2,2,1,4.7
14367,W,Maharashtra,Ahmednagar,68,Male,117,160,92,Diabetic,0,0,1,2,2,8
14368,W,Maharashtra,Ahmednagar,52,Female,69,152,43,Diabetic,0,0,4,0,2,12
14369,S,Andhra Pradesh,Anantapur,49,Male,70,155,62,Diabetic,0,0,0,6,1,5.4
14371,S,Andhra Pradesh,Anantapur,48,Female,85,155,65,Diabetic,0,0,1,1,1,5.4
14373,W,Maharashtra,Ahmednagar,58,Female,90,154,72,Diabetic,0,0,0,0,3,6.1
14375,S,Andhra Pradesh,Anantapur,42,Female,82,155,65,Diabetic,0,0,1,1,1,5.8
14376,S,Andhra Pradesh,Anantapur,45,Female,70,160,85,Diabetic,0,0,1,1,1,5.2
14377,S,Andhra Pradesh,Anantapur,38,Male,75,180,90,Diabetic,0,0,1,1,1,7.1
14378,W,Maharashtra,Ahmednagar,63,Male,85,170,64,Diabetic,0,0,6,0,3,10.2
14379,E,Orissa,Balasore,43,Male,85,148,70,Diabetic,1,0,1,1,1,12.9
14380,E,Orissa,Balasore,48,Male,87,177,80,Diabetic,1,0,2,1,1,5.1
14381,E,Orissa,Balasore,45,Female,91,154,55,Diabetic,1,0,2,1,1,5.1
14382,E,Orissa,Balasore,45,Female,87,150,55,Diabetic,1,0,2,1,1,5.6
14383,E,Orissa,Balasore,33,Female,82,156,56,Diabetic,1,0,2,1,1,6
14384,E,Orissa,Balasore,22,Male,85,166,59,Diabetic,1,0,2,1,1,5
14386,S,Karnataka,Bangalore,77,Male,94,169,70,Diabetic,0,0,0,0,2,6.9
14387,E,Orissa,Balasore,40,Female,82,135,55,Diabetic,1,0,1,1,1,5.8
14388,E,Orissa,Balasore,44,Female,73,159,58,Diabetic,1,0,2,1,1,5.1
14389,E,Orissa,Balasore,20,Male,91,146,50,Diabetic,1,0,2,1,1,4.7
14390,S,Karnataka,Bangalore,62,Male,108,164,70,Diabetic,1,1,6,6,4,7.7
14391,E,Orissa,Balasore,28,Female,82,135,55,Diabetic,1,0,2,1,1,5.4
14393,E,Orissa,Balasore,45,Female,76,150,50,Diabetic,1,0,2,1,1,5.6
14394,E,Orissa,Balasore,57,Female,76,153,61,Diabetic,1,0,2,1,1,5.9
14395,E,Orissa,Balasore,45,Female,77,159,57,Diabetic,1,0,2,1,1,10.3
14396,E,Orissa,Balasore,35,Female,78,155,50,Diabetic,1,0,1,2,1,5.1
14397,E,Orissa,Balasore,35,Female,87,150,55,Diabetic,1,0,1,1,1,5.2
14399,E,Orissa,Balasore,24,Female,87,135,50,Diabetic,1,0,2,1,1,5.1
14400,E,Orissa,Balasore,30,Female,87,150,53,Diabetic,1,0,2,1,1,5
14401,E,Orissa,Balasore,42,Female,87,145,50,Diabetic,1,0,2,1,1,6.1
14402,E,Orissa,Balasore,34,Female,72,155,54,Diabetic,1,0,2,1,1,6
14403,E,Orissa,Balasore,36,Male,82,163,55,Diabetic,1,0,2,1,1,5.1
14404,E,Orissa,Balasore,65,Male,89,158,45,Diabetic,1,0,2,1,1,6.4
14405,E,Orissa,Balasore,57,Male,92,157,55,Diabetic,1,0,2,1,1,11.4
14406,E,Orissa,Balasore,36,Male,92,159,61,Diabetic,1,0,2,1,1,10.9
14407,E,Orissa,Balasore,37,Male,92,163,75,Diabetic,1,0,2,1,1,5.4
14408,E,Orissa,Balasore,34,Male,80,153,68,Diabetic,1,0,2,1,1,5.2
14409,E,Orissa,Balasore,35,Female,78,155,58,Diabetic,1,0,2,1,1,4.9
14410,S,Karnataka,Bangalore,65,Male,94,175,69,Diabetic,0,0,6,0,4,10.2
14411,E,Orissa,Balasore,60,Female,70,170,55,Diabetic,1,0,2,1,1,6.6
14413,E,Orissa,Balasore,25,Female,78,158,55,Diabetic,1,0,2,1,1,6.3
14414,E,Orissa,Balasore,22,Male,94,153,53,Diabetic,1,0,2,1,1,4.4
14415,S,Karnataka,Bangalore,70,Male,105,170,77,Diabetic,0,1,6,0,3,6.1
14416,E,Orissa,Balasore,35,Male,82,132,55,Diabetic,1,0,2,1,1,4.8
14417,E,Orissa,Balasore,61,Male,85,160,50,Diabetic,1,0,2,1,1,6
14418,S,Karnataka,Bangalore,56,Male,98,178,76,Diabetic,0,0,6,0,1,7.1
14419,E,Orissa,Balasore,80,Male,84,158,50,Diabetic,1,0,2,1,1,6.1
14422,E,Orissa,Balasore,49,Female,87,135,50,Diabetic,0,0,2,2,2,5.5
14423,E,Orissa,Balasore,52,Male,87,135,50,Diabetic,0,0,2,2,2,8.7
14424,E,Orissa,Balasore,34,Female,87,152,50,Diabetic,1,0,2,2,2,4.7
14425,E,Orissa,Balasore,40,Male,87,153,56,Diabetic,1,0,2,2,2,5.3
14426,E,Orissa,Balasore,50,Male,87,145,49,Diabetic,1,0,2,2,2,5.2
14427,E,Orissa,Balasore,36,Female,87,156,53,Diabetic,1,0,2,2,2,5.5
14429,E,Orissa,Balasore,43,Female,85,132,50,Diabetic,0,1,1,1,1,7.2
14431,E,Orissa,Balasore,70,Male,85,161,60,Diabetic,0,1,2,2,1,7.2
14433,E,Orissa,Balasore,22,Female,87,155,53,Diabetic,0,0,2,2,2,5.8
14434,E,Orissa,Balasore,60,Male,84,130,55,Diabetic,0,0,4,1,1,4.9
14435,E,Orissa,Balasore,40,Male,85,132,50,Diabetic,0,1,1,1,1,5.8
14436,E,Orissa,Balasore,35,Female,87,156,53,Diabetic,1,0,1,1,1,5.9
14438,E,Orissa,Balasore,45,Male,87,155,56,Diabetic,0,0,2,2,2,6.4
14439,E,Orissa,Balasore,23,Male,82,165,56,Diabetic,1,0,2,1,1,5.7
14440,E,Orissa,Balasore,60,Female,86,153,50,Diabetic,1,0,2,1,1,5
14442,E,Orissa,Balasore,55,Male,81,143,51,Diabetic,1,0,2,1,1,11.9
14443,E,Orissa,Balasore,29,Male,80,140,52,Diabetic,1,0,2,1,1,4.9
14444,E,Orissa,Balasore,55,Female,90,160,55,Diabetic,1,0,2,1,1,6.1
14445,E,Orissa,Balasore,24,Male,77,150,50,Diabetic,1,0,2,1,1,4.3
14446,E,Orissa,Balasore,30,Female,78,155,56,Diabetic,1,0,2,1,1,6
14448,E,Orissa,Balasore,50,Female,87,156,56,Diabetic,1,0,2,2,2,5.9
14449,E,Orissa,Balasore,56,Male,87,155,50,Diabetic,0,0,2,2,2,12.9
14450,E,Orissa,Balasore,70,Male,87,140,50,Diabetic,0,1,2,2,2,4.9
14451,E,Orissa,Balasore,75,Female,80,153,50,Diabetic,0,1,2,2,2,8.5
14452,E,Orissa,Balasore,70,Female,87,156,53,Diabetic,1,0,2,2,2,5.8
14453,E,Orissa,Balasore,35,Male,87,157,50,Diabetic,0,1,2,2,1,5.1
14454,E,Orissa,Balasore,27,Female,87,156,56,Diabetic,1,0,2,2,2,4.2
14455,E,Orissa,Balasore,47,Female,87,153,56,Diabetic,1,0,2,2,2,6.3
14456,E,Orissa,Balasore,40,Male,83,154,56,Diabetic,1,0,2,1,1,5.9
14457,E,Orissa,Balasore,55,Male,82,149,50,Diabetic,1,0,3,3,1,8.7
14458,E,Orissa,Balasore,40,Male,85,149,55,Diabetic,1,0,2,3,3,5
14459,E,Orissa,Balasore,62,Female,80,149,52,Diabetic,1,0,2,3,3,5.4
14460,E,Orissa,Balasore,57,Female,84,153,50,Diabetic,1,0,1,2,3,5.9
14461,E,Orissa,Balasore,52,Female,87,146,69,Diabetic,1,0,2,3,2,5.4
14462,W,Rajasthan,Ajmer,47,Female,114,160,74,Diabetic,1,0,0,0,1,4.9
14463,E,Orissa,Balasore,58,Male,84,145,60,Diabetic,1,0,2,1,1,11.7
14464,E,Orissa,Balasore,80,Male,90,154,51,Diabetic,1,0,3,2,3,6
14465,E,Orissa,Balasore,40,Male,93,156,60,Diabetic,1,0,2,1,1,6.4
14466,E,Orissa,Balasore,23,Female,79,149,50,Diabetic,1,0,2,3,2,4.9
14467,E,Orissa,Balasore,40,Female,79,149,54,Diabetic,1,0,2,2,3,5.8
14468,E,Orissa,Balasore,37,Female,83,153,54,Diabetic,0,1,3,2,1,5.2
14469,E,Orissa,Balasore,35,Female,89,153,52,Diabetic,0,1,1,1,1,4.9
14470,E,Orissa,Balasore,54,Male,92,155,53,Diabetic,0,1,3,1,3,5.6
14471,E,Orissa,Balasore,27,Female,81,159,59,Diabetic,1,0,1,1,1,4.4
14472,E,Orissa,Balasore,30,Female,87,146,69,Diabetic,0,1,2,3,1,5.4
14474,E,Orissa,Balasore,80,Female,79,159,59,Diabetic,0,1,3,1,1,6
14475,E,Orissa,Balasore,27,Male,81,170,80,Diabetic,0,1,4,3,2,4.7
14476,E,Orissa,Balasore,70,Male,91,149,70,Diabetic,0,1,2,1,3,5
14477,E,Orissa,Balasore,30,Female,92,154,50,Diabetic,1,0,3,3,3,5.3
14478,E,Orissa,Balasore,28,Female,94,155,83,Diabetic,1,0,3,2,2,5.2
14479,E,Orissa,Balasore,65,Male,78,152,60,Diabetic,1,0,2,1,1,7
14480,E,Orissa,Balasore,47,Male,83,155,45,Diabetic,1,0,2,1,1,5.9
14481,E,Orissa,Balasore,40,Female,87,152,65,Diabetic,0,1,3,1,4,12.6
14482,E,Orissa,Balasore,47,Male,87,125,60,Diabetic,1,0,1,4,1,5.7
14483,E,Orissa,Balasore,55,Male,69,160,69,Diabetic,1,0,1,1,2,5.1
14484,E,Orissa,Balasore,36,Female,87,145,65,Diabetic,0,0,2,0,1,5.9
14485,W,Rajasthan,Ajmer,59,Male,113,174,93,Diabetic,1,1,1,3,1,9.3
14487,E,Orissa,Balasore,42,Male,81,162,66,Diabetic,1,0,1,1,1,5.4
14488,E,Orissa,Balasore,62,Male,82,162,60,Diabetic,0,1,1,4,1,6
14490,E,Orissa,Balasore,55,Male,82,149,52,Diabetic,0,1,3,1,2,6.9
14491,E,Orissa,Balasore,61,Female,80,149,54,Diabetic,0,1,3,1,2,6.5
14492,E,Orissa,Balasore,60,Female,87,149,52,Diabetic,0,1,2,2,2,7.2
14493,E,Orissa,Balasore,44,Female,87,150,69,Diabetic,0,1,2,4,1,5.8
14494,E,Orissa,Balasore,57,Male,82,146,50,Diabetic,0,1,3,4,2,5.9
14497,E,Orissa,Balasore,30,Male,94,156,55,Diabetic,0,1,2,3,2,6.2
14498,E,Orissa,Balasore,46,Female,87,160,69,Diabetic,0,1,3,2,1,5.3
14499,E,Orissa,Balasore,45,Male,86,165,80,Diabetic,1,0,1,1,2,5
14500,E,Orissa,Balasore,28,Female,87,146,69,Diabetic,1,0,1,0,2,4.9
14502,E,Orissa,Balasore,44,Male,87,163,61,Diabetic,1,0,2,1,1,5.1
14504,E,Orissa,Balasore,45,Female,81,159,54,Diabetic,0,1,3,1,4,5.3
14505,E,Orissa,Balasore,39,Female,87,146,69,Diabetic,1,0,1,1,1,4.9
14509,E,Orissa,Balasore,31,Male,76,159,60,Diabetic,1,0,2,1,1,5.4
14510,E,Orissa,Balasore,37,Female,82,155,62,Diabetic,1,0,2,1,1,6.9
14511,E,Orissa,Balasore,35,Female,82,162,60,Diabetic,0,1,1,4,1,5.2
14512,E,Orissa,Balasore,45,Female,87,146,69,Diabetic,0,1,2,2,1,5.8
14513,E,Orissa,Balasore,66,Female,82,162,60,Diabetic,0,1,1,1,2,7.5
14514,E,Orissa,Balasore,22,Male,82,156,50,Diabetic,1,0,2,1,1,4.9
14515,W,Rajasthan,Ajmer,48,Female,109,153,74,Diabetic,0,0,0,0,3,7.2
14516,E,Orissa,Balasore,52,Male,91,155,55,Diabetic,1,0,3,2,4,6.3
14517,E,Orissa,Balasore,55,Female,84,154,56,Diabetic,1,0,2,1,4,5
14519,E,Orissa,Balasore,46,Male,91,144,54,Diabetic,0,0,1,1,1,6.8
14520,E,Orissa,Balasore,45,Female,87,146,60,Diabetic,0,1,1,1,2,4.9
14521,E,Orissa,Balasore,32,Female,82,165,65,Diabetic,0,1,3,4,2,5.4
14522,E,Orissa,Balasore,63,Male,94,156,57,Diabetic,0,1,3,1,3,5.8
14523,E,Orissa,Balasore,28,Female,87,147,55,Diabetic,1,0,1,3,1,5.5
14526,W,Rajasthan,Ajmer,61,Male,98,170,74,Diabetic,0,0,1,1,1,9.8
14527,W,Rajasthan,Ajmer,63,Male,101,152,70,Diabetic,0,0,6,0,4,8.6
14528,W,Rajasthan,Ajmer,39,Male,100,168,79,Diabetic,0,0,0,6,5,6.6
14529,W,Rajasthan,Ajmer,65,Male,85,168,60,Diabetic,0,0,3,3,4,8.3
14535,S,Andhra Pradesh,Anantapur,60,Male,112,158,83,Diabetic,0,0,1,1,3,6.6
14537,W,Rajasthan,Ajmer,61,Male,93,165,66,Diabetic,0,0,0,6,2,5.8
14541,S,Andhra Pradesh,Anantapur,44,Female,85,160,69,Diabetic,0,0,1,0,1,5.3
14542,S,Andhra Pradesh,Anantapur,48,Female,82,171,65,Diabetic,0,0,0,0,1,4.8
14545,N,Uttarakhand,Dehradun,52,Male,115,165,85,Diabetic,0,0,2,2,2,5.7
14549,W,Rajasthan,Ajmer,70,Female,96,153,64,Diabetic,0,0,6,0,1,6
14550,W,Rajasthan,Ajmer,70,Male,103,167,71,Diabetic,0,0,0,0,1,3.7
14551,W,Rajasthan,Ajmer,60,Female,85,153,54,Diabetic,0,0,0,0,3,5.4
14552,W,Rajasthan,Ajmer,49,Female,113,156,80,Diabetic,1,0,0,0,4,9.2
14553,W,Rajasthan,Ajmer,67,Male,91,153,59,Diabetic,0,0,0,0,4,12.7
14554,W,Rajasthan,Ajmer,66,Male,101,161,81,Diabetic,0,0,0,0,3,8.6
14555,W,Rajasthan,Ajmer,65,Male,106,170,82,Diabetic,0,0,0,0,2,8.4
14556,W,Rajasthan,Ajmer,50,Male,93,163,62,Diabetic,1,1,0,0,1,8.4
14559,S,Andhra Pradesh,Anantapur,38,Male,75,155,80,Diabetic,1,1,3,3,2,5.4
14560,S,Andhra Pradesh,Anantapur,38,Female,76,147,44,Diabetic,0,0,1,2,3,9.9
14561,S,Andhra Pradesh,Anantapur,62,Female,89,155,70,Diabetic,0,0,2,3,1,5.1
14562,S,Andhra Pradesh,Anantapur,62,Female,80,155,75,Diabetic,0,0,0,1,1,6.5
14563,S,Andhra Pradesh,Anantapur,34,Male,70,155,80,Diabetic,0,0,1,1,1,4.6
14565,W,Maharashtra,Ahmednagar,63,Female,87,163,58,Diabetic,0,0,6,6,1,7.7
14567,S,Andhra Pradesh,Anantapur,50,Male,89,155,70,Diabetic,1,1,1,1,2,10.5
14570,S,Andhra Pradesh,Anantapur,59,Male,108,155,85,Diabetic,1,1,2,2,1,7.8
14573,W,Maharashtra,Ahmednagar,49,Male,91,156,62,Diabetic,0,0,6,1,2,7.7
14577,S,Andhra Pradesh,Anantapur,36,Female,85,175,65,Diabetic,1,1,2,2,2,5.2
14578,S,Karnataka,Bangalore,60,Male,103,165,76,Diabetic,1,1,4,6,4,7.3
14580,S,Andhra Pradesh,Anantapur,60,Female,89,162,70,Diabetic,0,0,1,1,1,14
14584,S,Andhra Pradesh,Anantapur,45,Female,85,156,65,Diabetic,0,1,1,1,1,5.1
14586,S,Karnataka,Bangalore,64,Male,103,158,74,Diabetic,0,0,0,0,1,6.8
14592,S,Andhra Pradesh,Anantapur,48,Male,85,168,68,Diabetic,0,1,0,0,1,7.7
14594,S,Andhra Pradesh,Anantapur,56,Male,88,157,67,Diabetic,0,0,6,6,5,5.9
14595,W,Maharashtra,Ahmednagar,65,Male,105,173,82,Diabetic,0,0,0,0,1,7.4
14596,S,Tamil Nadu,Madurai,41,Male,73,169,61,Diabetic,1,0,0,0,4,7.6
14597,S,Andhra Pradesh,Anantapur,52,Male,105,157,75,Diabetic,1,0,3,3,2,7
14605,S,Andhra Pradesh,Anantapur,58,Male,75,155,77,Diabetic,0,0,0,0,2,9.1
14607,S,Andhra Pradesh,Anantapur,40,Male,97,173,71,Diabetic,1,0,0,0,1,11.7
14608,S,Andhra Pradesh,Anantapur,54,Female,89,124,52,Diabetic,0,0,3,3,4,9.5
14611,S,Andhra Pradesh,Anantapur,63,Female,80,156,50,Diabetic,0,0,0,0,1,5.6
14612,S,Andhra Pradesh,Anantapur,61,Male,89,154,59,Diabetic,0,0,0,0,4,8
14613,W,Maharashtra,Ahmednagar,56,Male,94,160,48,Diabetic,0,0,4,0,1,9.9
14614,S,Andhra Pradesh,Anantapur,48,Male,90,156,68,Diabetic,0,0,6,1,2,4.4
14615,S,Andhra Pradesh,Anantapur,54,Male,88,156,78,Diabetic,0,0,3,0,1,8.6
14616,S,Andhra Pradesh,Anantapur,54,Female,73,165,85,Diabetic,0,0,1,1,1,7.4
14617,S,Andhra Pradesh,Anantapur,55,Female,75,180,90,Diabetic,1,1,3,2,2,5.8
14618,S,Andhra Pradesh,Anantapur,38,Female,70,149,62,Diabetic,0,0,2,0,1,8.7
14619,W,Rajasthan,Ajmer,39,Male,115,170,97,Diabetic,1,0,0,3,2,8.1
14621,W,Maharashtra,Ahmednagar,40,Female,91,152,63,Diabetic,0,0,5,0,1,9.2
14623,S,Andhra Pradesh,Anantapur,45,Female,108,141,59,Diabetic,1,1,0,1,1,12.2
14624,S,Andhra Pradesh,Anantapur,62,Male,80,152,42,Diabetic,0,0,0,0,1,5
14626,W,Rajasthan,Ajmer,60,Male,115,169,86,Diabetic,0,0,0,0,2,6.1
14627,W,Rajasthan,Ajmer,70,Male,105,172,86,Diabetic,0,0,0,0,1,7.3
14629,W,Rajasthan,Ajmer,55,Female,113,153,66,Diabetic,0,0,0,0,3,4.7
14630,S,Karnataka,Bangalore,62,Male,97,167,66,Diabetic,0,0,6,6,1,12.3
14631,S,Andhra Pradesh,Visakhapatnam,49,Male,80,162,75,Diabetic,1,0,3,2,1,7.7
14632,S,Pondicherry,Pondicherry,55,Female,86,155,51,Diabetic,0,0,2,1,1,5.8
14637,W,Rajasthan,Ajmer,45,Female,86,157,55,Diabetic,0,0,6,0,2,14.5
14638,S,Karnataka,Bangalore,62,Female,90,156,66,Diabetic,0,0,5,2,1,9.5
14640,W,Rajasthan,Ajmer,50,Male,107,173,72,Diabetic,0,0,0,0,1,7
14641,S,Karnataka,Bangalore,48,Female,61,162,66,Diabetic,0,0,6,1,1,5.6
14643,W,Rajasthan,Ajmer,55,Male,94,168,68,Diabetic,0,0,0,0,2,6.2
14647,S,Karnataka,Bangalore,41,Male,99,157,70,Diabetic,0,1,0,0,1,9.2
14648,S,Karnataka,Bangalore,54,Male,91,169,80,Diabetic,0,0,2,6,2,5.8
14649,S,Karnataka,Bangalore,63,Female,92,158,66,Diabetic,0,0,0,0,4,7.5
14651,W,Rajasthan,Ajmer,50,Female,117,153,78,Diabetic,0,0,0,0,3,5.7
14652,S,Karnataka,Bangalore,50,Male,89,166,64,Diabetic,0,0,1,0,4,5
14661,W,Rajasthan,Ajmer,65,Male,99,178,74,Diabetic,0,0,0,0,4,10.4
14662,S,Andhra Pradesh,Anantapur,56,Female,75,159,70,Diabetic,0,0,1,1,1,4.7
14663,S,Andhra Pradesh,Anantapur,49,Male,65,185,70,Diabetic,0,0,1,1,1,5.7
14669,S,Andhra Pradesh,Visakhapatnam,52,Female,73,150,51,Diabetic,1,0,5,5,3,5.7
14680,W,Rajasthan,Ajmer,69,Male,109,155,69,Diabetic,0,0,0,6,4,5.4
14688,S,Andhra Pradesh,Visakhapatnam,49,Male,80,160,60,Diabetic,1,0,4,5,1,7.1
14689,S,Andhra Pradesh,Visakhapatnam,46,Female,80,167,75,Diabetic,0,0,2,2,1,5.9
14690,W,Rajasthan,Ajmer,60,Female,89,159,63,Diabetic,0,0,0,0,2,11.2
14691,E,Orissa,Balasore,31,Female,87,156,56,Diabetic,0,0,2,2,2,5.3
14692,E,Orissa,Balasore,38,Male,87,160,72,Diabetic,1,0,2,2,2,8.5
14693,E,Orissa,Balasore,58,Female,87,156,57,Diabetic,1,0,2,2,2,5.2
14694,E,Orissa,Balasore,63,Male,80,152,55,Diabetic,1,0,2,2,2,8.9
14695,E,Orissa,Balasore,60,Male,81,160,70,Diabetic,1,1,2,1,3,8.8
14696,E,Orissa,Balasore,65,Male,81,162,65,Diabetic,1,0,1,1,1,6.8
14698,W,Rajasthan,Ajmer,59,Female,102,148,59,Diabetic,0,0,0,0,2,5.4
14699,S,Tamil Nadu,Madurai,50,Male,83,167,60,Diabetic,0,0,6,6,3,9.2
14701,S,Tamil Nadu,Madurai,59,Female,86,154,59,Diabetic,0,0,6,6,3,10.4
14702,W,Rajasthan,Ajmer,57,Female,90,163,60,Diabetic,0,1,0,1,1,10.8
14703,E,Orissa,Balasore,60,Female,72,157,55,Diabetic,1,0,2,2,2,8
14704,E,Orissa,Balasore,52,Female,87,149,69,Diabetic,0,0,1,1,1,5.4
14705,E,Orissa,Balasore,45,Male,90,162,75,Diabetic,1,0,2,1,1,11.8
14706,E,Orissa,Balasore,66,Female,85,139,70,Diabetic,0,1,1,1,1,12.9
14707,E,Orissa,Balasore,51,Male,81,140,49,Diabetic,0,0,1,1,1,5.6
14708,E,Orissa,Balasore,50,Male,85,163,69,Diabetic,0,1,1,1,1,9.4
14709,E,Orissa,Balasore,70,Female,80,135,60,Diabetic,0,0,1,1,1,5.5
14710,E,Orissa,Balasore,45,Female,81,135,59,Diabetic,0,0,1,1,1,6.1
14713,E,Orissa,Balasore,54,Female,85,132,65,Diabetic,0,1,1,1,1,5
14714,E,Orissa,Balasore,60,Female,88,145,60,Diabetic,0,0,2,2,3,6.7
14716,E,Orissa,Balasore,57,Male,85,139,50,Diabetic,0,0,1,0,1,5.1
14717,W,Rajasthan,Ajmer,68,Male,82,166,55,Diabetic,0,0,0,0,5,5.6
14718,S,Karnataka,Bangalore,60,Male,106,169,92,Diabetic,0,1,0,0,1,7
14719,E,Orissa,Balasore,26,Female,84,133,48,Diabetic,0,1,1,1,1,4.7
14720,E,Orissa,Balasore,66,Male,90,160,70,Diabetic,1,0,1,1,1,7.9
14722,E,Orissa,Balasore,55,Female,82,155,60,Diabetic,1,0,1,1,2,6.4
14724,E,Orissa,Balasore,62,Male,80,155,60,Diabetic,1,0,2,3,3,5.3
14726,E,Orissa,Balasore,65,Male,87,156,56,Diabetic,1,0,2,2,2,7.1
14727,E,Orissa,Balasore,38,Male,87,156,57,Diabetic,1,0,1,1,2,5
14729,E,Orissa,Balasore,68,Female,81,156,68,Diabetic,1,0,2,2,1,10.8
14730,E,Orissa,Balasore,30,Female,80,157,87,Diabetic,1,0,2,2,2,5.1
14733,E,Orissa,Balasore,41,Female,72,150,60,Diabetic,1,0,1,1,1,8.1
14734,W,Rajasthan,Ajmer,63,Female,100,152,78,Diabetic,1,0,0,0,1,7.3
14735,E,Orissa,Balasore,56,Female,85,135,42,Diabetic,0,0,1,1,1,5.5
14736,E,Orissa,Balasore,33,Female,85,135,43,Diabetic,0,0,0,1,1,9.1
14737,E,Orissa,Balasore,39,Female,83,133,41,Diabetic,0,1,1,1,2,5
14740,E,Orissa,Balasore,70,Female,80,150,55,Diabetic,0,0,1,1,1,5
14741,E,Orissa,Balasore,41,Female,83,135,49,Diabetic,0,0,1,1,2,5.9
14743,E,Orissa,Balasore,70,Female,85,137,59,Diabetic,0,1,1,2,1,5.6
14745,E,Orissa,Balasore,55,Female,83,132,48,Diabetic,0,1,2,2,2,5.3
14746,E,Orissa,Balasore,74,Male,85,135,44,Diabetic,0,1,1,1,1,11.7
14749,S,Karnataka,Bangalore,78,Female,80,146,50,Diabetic,1,1,6,0,4,7.2
14750,S,Karnataka,Bangalore,76,Female,71,158,50,Diabetic,0,0,6,0,4,6.5
14752,W,Rajasthan,Ajmer,61,Male,92,154,57,Diabetic,0,1,0,0,1,10.1
14756,S,Tamil Nadu,Madurai,49,Male,83,166,63,Diabetic,1,0,5,1,3,7.3
14763,W,Rajasthan,Ajmer,50,Male,81,150,53,Diabetic,0,0,0,0,6,6.6
14768,S,Tamil Nadu,Madurai,46,Male,91,167,62,Diabetic,0,0,1,0,2,7.6
14769,S,Tamil Nadu,Madurai,69,Male,101,164,73,Diabetic,0,1,0,0,1,9.5
14772,W,Rajasthan,Ajmer,52,Male,113,162,80,Diabetic,0,0,0,0,1,5.7
14777,S,Tamil Nadu,Madurai,51,Male,81,164,59,Diabetic,1,0,6,2,1,9.6
14781,E,West Bengal,Bankura,57,Male,79,162,57,Diabetic,0,0,4,5,6,6.4
14782,E,West Bengal,Bankura,55,Female,73,125,42,Diabetic,0,0,1,0,1,5.4
14783,E,West Bengal,Bankura,60,Male,104,170,75,Diabetic,0,0,0,0,2,6.8
14787,NW,Jammu And Kashmir,Jammu,50,Male,98,168,67,Diabetic,0,0,2,1,1,9.3
14790,E,West Bengal,Bankura,64,Female,79,131,45,Diabetic,1,0,1,2,1,7
14791,E,West Bengal,Bankura,56,Male,93,167,71,Diabetic,0,0,6,2,4,7.5
14792,E,West Bengal,Bankura,34,Female,83,121,44,Diabetic,0,0,0,1,1,7.2
14794,E,West Bengal,Bankura,34,Male,79,167,60,Diabetic,0,0,6,0,1,9.8
14795,E,West Bengal,Bankura,64,Male,90,169,74,Diabetic,0,0,0,0,1,5.2
14797,E,West Bengal,Bankura,64,Male,97,164,69,Diabetic,1,1,2,0,1,7.2
14798,E,West Bengal,Bankura,57,Male,89,156,58,Diabetic,0,0,0,0,1,6.2
14800,E,West Bengal,Bankura,57,Female,77,151,44,Diabetic,0,1,0,0,2,10.4
14801,E,West Bengal,Bankura,59,Male,95,156,72,Diabetic,0,0,2,0,1,10.9
14803,E,West Bengal,Bankura,50,Male,82,159,66,Diabetic,0,0,0,3,1,6
14805,N,Chandigarh,Chandigarh,52,Male,84,165,56,Diabetic,0,0,0,0,1,5.6
14806,E,Jharkhand,Hazaribag,43,Male,87,165,45,Diabetic,0,1,1,1,1,7.4
14807,NW,Jammu And Kashmir,Jammu,47,Female,89,160,53,Diabetic,0,0,0,0,1,8.5
14810,N,Chandigarh,Chandigarh,44,Female,105,148,84,Diabetic,0,1,0,0,6,6
14813,E,West Bengal,Bankura,61,Male,104,166,86,Diabetic,0,0,2,2,1,6.9
14814,E,West Bengal,Bankura,64,Male,81,165,59,Diabetic,0,0,6,0,1,6.8
14815,E,West Bengal,Bankura,41,Female,78,154,55,Diabetic,1,0,5,6,1,7.2
14816,NW,Jammu And Kashmir,Jammu,66,Male,82,166,74,Diabetic,0,1,1,1,1,8.3
14817,N,Chandigarh,Chandigarh,60,Female,103,155,62,Diabetic,0,0,1,0,3,5.5
14818,NW,Jammu And Kashmir,Jammu,44,Male,102,167,65,Diabetic,0,0,2,1,1,6.9
14820,E,West Bengal,Bankura,42,Male,84,163,61,Diabetic,1,0,1,0,1,7
14821,NW,Jammu And Kashmir,Jammu,29,Female,95,159,60,Diabetic,0,0,4,1,4,9.6
14823,NW,Jammu And Kashmir,Jammu,65,Female,99,156,75,Diabetic,0,0,4,0,4,3.2
14824,E,West Bengal,Bankura,65,Male,75,158,58,Diabetic,0,0,1,0,1,6.4
14825,E,West Bengal,Bankura,49,Female,87,152,53,Diabetic,0,0,1,0,3,5.3
14826,E,West Bengal,Bankura,49,Male,73,162,54,Diabetic,0,0,6,6,5,9.9
14828,NW,Jammu And Kashmir,Jammu,68,Female,98,149,58,Diabetic,0,0,0,0,1,11.2
14829,E,West Bengal,Bankura,58,Male,82,155,58,Diabetic,0,0,1,3,2,6.3
14830,E,West Bengal,Bankura,58,Male,80,156,56,Diabetic,0,1,2,2,1,7.2
14831,E,West Bengal,Bankura,61,Male,82,155,62,Diabetic,0,0,6,4,3,8.4
14832,NW,Jammu And Kashmir,Jammu,38,Female,105,152,71,Diabetic,0,0,4,0,4,9.8
14833,N,Chandigarh,Chandigarh,52,Female,104,153,65,Diabetic,0,1,0,0,3,5.5
14834,N,Chandigarh,Chandigarh,49,Male,102,182,85,Diabetic,1,0,0,0,3,7.5
14835,E,West Bengal,Bankura,62,Male,92,156,66,Diabetic,0,0,2,1,2,9.8
14837,E,West Bengal,Bankura,50,Female,118,155,89,Diabetic,1,0,6,6,1,8.6
14839,E,West Bengal,Bankura,70,Female,96,148,56,Diabetic,0,0,0,0,1,6.8
14841,E,West Bengal,Bankura,63,Female,101,155,60,Diabetic,0,0,0,0,1,12.2
14842,E,West Bengal,Bankura,55,Male,88,155,60,Diabetic,0,0,2,0,2,5.6
14843,E,West Bengal,Bankura,47,Male,90,156,68,Diabetic,0,1,2,3,1,7
14845,E,West Bengal,Bankura,59,Female,77,148,60,Diabetic,1,0,0,0,3,13.2
14846,NW,Jammu And Kashmir,Jammu,62,Male,69,162,69,Diabetic,0,0,2,0,4,7.3
14847,E,West Bengal,Bankura,45,Female,81,143,46,Diabetic,0,0,3,1,2,7.7
14848,E,West Bengal,Bankura,46,Female,81,142,45,Diabetic,0,0,2,2,2,6
14850,E,West Bengal,Bankura,58,Female,92,155,63,Diabetic,0,0,6,6,1,7.1
14851,E,West Bengal,Bardhaman,40,Male,89,172,63,Diabetic,0,0,3,3,4,11.8
14853,E,West Bengal,Bardhaman,43,Male,83,165,59,Diabetic,0,0,3,6,4,6.3
14854,N,Chandigarh,Chandigarh,54,Male,116,183,88,Diabetic,0,0,5,4,4,5.5
14856,N,Chandigarh,Chandigarh,30,Male,94,186,79,Diabetic,0,0,0,0,2,10.2
14857,N,Chandigarh,Chandigarh,47,Female,111,161,77,Diabetic,0,0,0,0,2,7.1
14858,E,West Bengal,Bardhaman,52,Female,107,158,93,Diabetic,1,1,0,0,2,9.1
14859,N,Chandigarh,Chandigarh,50,Female,97,152,60,Diabetic,0,0,0,0,1,6.8
14860,E,West Bengal,Bardhaman,59,Female,71,152,71,Diabetic,1,1,0,0,5,8.9
14861,N,Chandigarh,Chandigarh,63,Male,97,167,74,Diabetic,0,0,0,0,1,5.7
14862,E,Jharkhand,Hazaribag,50,Female,104,150,54,Diabetic,0,0,0,0,3,6.1
14863,E,Jharkhand,Hazaribag,52,Female,84,170,49,Diabetic,0,0,1,2,1,9.8
14865,E,West Bengal,Bankura,45,Female,66,147,51,Diabetic,1,1,0,1,1,6.1
14868,N,Chandigarh,Chandigarh,70,Male,110,172,77,Diabetic,0,0,0,0,4,8.3
14870,NW,Jammu And Kashmir,Jammu,53,Female,103,147,69,Diabetic,0,0,0,0,1,10.1
14873,E,West Bengal,Bankura,61,Male,84,151,53,Diabetic,0,0,2,2,1,7.1
14874,N,Chandigarh,Chandigarh,40,Female,98,152,69,Diabetic,0,0,1,0,2,5.9
14875,E,West Bengal,Bankura,60,Female,86,152,54,Diabetic,0,0,6,6,4,7.4
14878,N,Chandigarh,Chandigarh,40,Female,89,152,55,Diabetic,0,0,1,1,1,14.6
14879,E,West Bengal,Bankura,45,Female,92,142,54,Diabetic,0,0,2,2,2,6.9
14882,NW,Jammu And Kashmir,Jammu,38,Male,104,148,57,Diabetic,0,0,2,1,1,5.3
14885,E,Jharkhand,Hazaribag,42,Male,101,162,80,Diabetic,0,0,6,0,2,8.1
14886,NW,Jammu And Kashmir,Jammu,42,Female,89,162,61,Diabetic,1,1,0,0,1,5.7
14894,NW,Jammu And Kashmir,Jammu,60,Female,75,162,53,Diabetic,0,1,0,0,1,5.4
14896,E,Jharkhand,Hazaribag,68,Female,92,160,62,Diabetic,1,0,0,0,1,7.7
14897,E,Jharkhand,Hazaribag,68,Male,114,158,80,Diabetic,0,0,0,0,1,5.8
14903,NW,Jammu And Kashmir,Jammu,57,Male,102,166,70,Diabetic,0,0,3,0,2,8.5
14905,NW,Jammu And Kashmir,Jammu,56,Male,103,149,63,Diabetic,0,0,1,0,1,6.5
14908,E,Jharkhand,Hazaribag,60,Male,75,160,50,Diabetic,0,0,1,0,2,6.5
14910,S,Karnataka,Bangalore,72,Male,96,171,70,Diabetic,0,0,0,0,1,9.2
14911,N,Chandigarh,Chandigarh,50,Female,117,161,84,Diabetic,0,0,4,0,1,9.3
14912,NW,Jammu And Kashmir,Jammu,60,Female,107,152,73,Diabetic,0,0,4,0,1,10.8
14913,NW,Jammu And Kashmir,Jammu,49,Male,93,172,86,Diabetic,1,0,0,1,1,10.1
14914,N,Chandigarh,Chandigarh,59,Male,103,155,76,Diabetic,0,0,0,0,1,6.3
14915,N,Chandigarh,Chandigarh,49,Female,100,161,66,Diabetic,0,0,4,4,1,5.4
14916,NW,Jammu And Kashmir,Jammu,54,Male,101,160,72,Diabetic,0,0,1,0,4,6.8
14917,NW,Jammu And Kashmir,Jammu,60,Female,101,156,98,Diabetic,0,0,1,2,3,11.4
14919,NW,Jammu And Kashmir,Jammu,59,Female,100,146,56,Diabetic,0,0,0,0,2,5.5
14921,S,Karnataka,Bangalore,59,Female,85,159,65,Diabetic,0,1,0,0,4,8.9
14923,NW,Jammu And Kashmir,Jammu,51,Female,104,155,68,Diabetic,0,0,1,2,4,8.5
14925,S,Andhra Pradesh,Chittoor,52,Male,89,160,70,Diabetic,1,1,2,1,1,8.8
14928,C,Madhya Pradesh,Bhopal,55,Male,109,167,94,Diabetic,0,0,0,0,4,6.7
14931,C,Madhya Pradesh,Bhopal,37,Female,100,151,65,Diabetic,0,0,0,0,1,8.7
14932,NW,Jammu And Kashmir,Jammu,50,Female,115,165,56,Diabetic,0,0,0,0,2,12.2
14933,NW,Jammu And Kashmir,Jammu,51,Female,109,150,83,Diabetic,0,1,2,1,2,6.9
14934,C,Madhya Pradesh,Bhopal,44,Female,95,155,71,Diabetic,1,1,0,0,4,5.9
14935,NW,Jammu And Kashmir,Jammu,67,Female,102,159,71,Diabetic,0,0,2,0,1,5.3
14937,NW,Jammu And Kashmir,Jammu,60,Female,112,145,70,Diabetic,0,0,0,0,2,8.5
14938,NW,Jammu And Kashmir,Jammu,62,Female,106,145,72,Diabetic,0,0,0,0,2,11.3
14940,NW,Jammu And Kashmir,Jammu,59,Male,100,170,71,Diabetic,0,1,2,1,2,11.7
14942,C,Madhya Pradesh,Bhopal,28,Female,110,164,86,Diabetic,0,0,0,0,1,5.6
14945,NE,Manipur,Imphal West,69,Female,94,147,61,Diabetic,0,0,6,3,3,10.3
14946,C,Madhya Pradesh,Bhopal,40,Female,96,145,64,Diabetic,0,0,1,0,1,4.9
14947,C,Madhya Pradesh,Bhopal,45,Female,112,146,70,Diabetic,0,0,6,6,1,9.1
14948,C,Madhya Pradesh,Bhopal,36,Female,114,156,101,Diabetic,0,1,0,0,1,9.8
14949,NE,Manipur,Imphal West,40,Female,92,147,58,Diabetic,0,0,4,4,3,10.3
14956,E,Orissa,Bargarh,49,Male,96,169,68,Diabetic,1,0,6,2,5,8.7
14957,E,Orissa,Bargarh,42,Male,92,160,64,Diabetic,0,0,6,6,2,6.7
14962,C,Madhya Pradesh,Bhopal,58,Female,99,169,60,Diabetic,0,0,0,0,2,7.5
14969,NW,Jammu And Kashmir,Jammu,65,Female,101,168,68,Diabetic,0,0,0,0,1,9.6
14970,NW,Jammu And Kashmir,Jammu,60,Female,87,147,50,Diabetic,0,0,3,2,1,5.4
14971,C,Madhya Pradesh,Bhopal,42,Male,89,133,65,Diabetic,0,1,0,0,4,9.9
14972,NW,Jammu And Kashmir,Jammu,65,Female,99,155,70,Diabetic,0,0,4,0,4,12.7
14973,NW,Jammu And Kashmir,Jammu,50,Female,101,165,60,Diabetic,0,0,4,0,4,12.4
14976,E,Orissa,Bargarh,56,Female,101,150,80,Diabetic,1,0,2,5,3,5.8
14979,C,Madhya Pradesh,Bhopal,26,Male,92,169,53,Diabetic,0,1,6,0,3,10.8
14981,C,Madhya Pradesh,Bhopal,70,Male,104,161,76,Diabetic,0,0,6,6,1,7.9
14984,NW,Jammu And Kashmir,Jammu,65,Female,106,152,80,Diabetic,0,0,0,0,2,6.5
14985,NW,Jammu And Kashmir,Jammu,37,Female,90,165,55,Diabetic,0,1,0,0,1,9.3
14987,C,Madhya Pradesh,Bhopal,42,Male,94,178,70,Diabetic,0,0,0,0,2,9.3
14988,C,Madhya Pradesh,Bhopal,38,Female,92,147,54,Diabetic,0,0,2,6,1,10.8
14990,NW,Jammu And Kashmir,Jammu,70,Male,100,169,70,Diabetic,0,0,4,0,4,11.7
14991,C,Madhya Pradesh,Bhopal,45,Female,101,150,55,Diabetic,0,0,6,0,1,8.5
14995,NW,Jammu And Kashmir,Jammu,53,Male,115,175,83,Diabetic,0,0,0,0,4,6.6
15000,NW,Jammu And Kashmir,Jammu,62,Male,98,157,67,Diabetic,0,0,2,1,1,11.1
15002,NW,Jammu And Kashmir,Jammu,62,Male,98,161,75,Diabetic,0,0,0,0,1,9.3
15006,C,Madhya Pradesh,Bhopal,46,Male,112,164,70,Diabetic,0,1,6,0,1,9
15007,C,Madhya Pradesh,Bhopal,36,Female,92,152,65,Diabetic,0,0,6,6,2,8
15008,C,Madhya Pradesh,Bhopal,51,Male,78,164,78,Diabetic,0,1,6,2,4,6.7
15009,NW,Jammu And Kashmir,Jammu,40,Female,104,150,64,Diabetic,0,0,4,0,3,9.9
15010,C,Madhya Pradesh,Bhopal,55,Male,108,161,85,Diabetic,0,0,0,0,2,9.4
15011,C,Madhya Pradesh,Bhopal,35,Female,100,155,54,Diabetic,0,0,6,6,1,12.4
15012,C,Madhya Pradesh,Bhopal,42,Male,85,165,51,Diabetic,0,1,6,0,2,10.1
15013,NW,Jammu And Kashmir,Jammu,50,Female,110,168,76,Diabetic,0,0,1,2,1,9.1
15014,C,Madhya Pradesh,Bhopal,45,Female,101,147,51,Diabetic,0,0,6,6,3,11.4
15017,C,Madhya Pradesh,Bhopal,38,Female,90,158,53,Diabetic,1,1,0,0,1,8
15019,C,Madhya Pradesh,Bhopal,30,Female,101,154,74,Diabetic,0,0,3,6,2,6.8
15020,NW,Jammu And Kashmir,Jammu,42,Male,96,170,68,Diabetic,1,0,3,0,1,7.7
15021,C,Madhya Pradesh,Bhopal,62,Female,60,145,77,Diabetic,0,0,0,0,1,10.9
15022,C,Madhya Pradesh,Bhopal,54,Female,92,153,56,Diabetic,0,0,6,6,1,6.7
15023,C,Madhya Pradesh,Bhopal,68,Male,92,168,66,Diabetic,0,0,0,0,1,7.8
15024,C,Madhya Pradesh,Bhopal,57,Female,85,153,60,Diabetic,0,0,0,6,1,6
15025,C,Madhya Pradesh,Bhopal,48,Male,90,160,63,Diabetic,0,1,6,0,4,8.1
15027,NW,Jammu And Kashmir,Jammu,60,Male,101,162,68,Diabetic,0,0,2,1,2,9.5
15030,NW,Jammu And Kashmir,Jammu,62,Male,102,149,65,Diabetic,0,0,2,1,2,9.8
15032,C,Madhya Pradesh,Bhopal,55,Male,92,164,59,Diabetic,0,0,0,0,2,11.1
15034,NW,Jammu And Kashmir,Jammu,63,Male,102,171,72,Diabetic,1,1,6,1,1,8.3
15035,C,Madhya Pradesh,Bhopal,63,Female,94,151,72,Diabetic,0,0,5,6,2,6.3
15036,C,Madhya Pradesh,Bhopal,28,Female,96,151,67,Diabetic,1,0,0,0,1,5.2
15037,C,Madhya Pradesh,Bhopal,60,Female,82,152,60,Diabetic,0,0,4,0,1,6.9
15039,C,Madhya Pradesh,Bhopal,45,Female,98,158,67,Diabetic,0,0,6,6,2,3.9
15043,C,Madhya Pradesh,Bhopal,44,Male,117,170,87,Diabetic,1,1,6,2,2,9.6
15045,E,Orissa,Bargarh,35,Male,80,155,58,Diabetic,0,0,0,0,2,4.9
15046,NE,Manipur,Imphal West,28,Female,95,162,64,Diabetic,0,1,4,4,1,8.1
15048,E,Orissa,Bargarh,46,Female,91,154,67,Diabetic,0,0,0,0,2,7.1
15049,NE,Manipur,Imphal West,36,Female,84,154,55,Diabetic,0,0,4,4,1,6.9
15052,NE,Manipur,Imphal West,55,Female,77,152,50,Diabetic,1,0,1,3,2,10.8
15054,NE,Manipur,Imphal West,40,Female,94,148,58,Diabetic,0,0,3,3,1,8
15056,NE,Manipur,Imphal West,26,Female,87,159,59,Diabetic,0,1,2,2,1,8.5
15057,NE,Manipur,Imphal West,61,Female,102,156,66,Diabetic,0,0,5,0,3,7.7
15058,NE,Manipur,Imphal West,51,Female,102,159,82,Diabetic,0,0,6,6,4,10.7
15060,NE,Manipur,Imphal West,51,Male,94,166,73,Diabetic,1,0,6,6,2,7.6
15061,E,Orissa,Bargarh,62,Female,93,149,51,Diabetic,1,0,1,3,4,6.8
15062,E,Orissa,Bargarh,50,Female,101,163,81,Diabetic,0,0,6,6,1,4.9
15064,E,West Bengal,Bardhaman,50,Male,87,161,64,Diabetic,0,1,6,6,1,6.8
15066,E,West Bengal,Bardhaman,50,Male,84,170,61,Diabetic,0,0,0,0,1,8.3
15068,E,Orissa,Bargarh,57,Female,90,157,64,Diabetic,0,0,0,0,3,6.8
15069,E,Orissa,Bargarh,50,Female,86,137,49,Diabetic,0,0,0,2,3,4.9
15072,E,Orissa,Bargarh,62,Male,105,155,80,Diabetic,0,0,0,0,2,7.1
15074,E,Orissa,Bargarh,34,Male,96,158,77,Diabetic,1,1,1,1,4,7.8
15075,C,Madhya Pradesh,Bhopal,35,Female,96,141,61,Diabetic,0,1,6,0,3,7.1
15076,C,Madhya Pradesh,Bhopal,55,Female,101,144,75,Diabetic,0,1,0,0,1,7.2
15077,C,Madhya Pradesh,Bhopal,40,Female,96,150,65,Diabetic,0,0,6,6,1,11.1
15081,E,West Bengal,Bardhaman,60,Male,89,170,66,Diabetic,0,0,2,5,3,7.8
15083,C,Madhya Pradesh,Bhopal,48,Male,98,169,80,Diabetic,1,0,0,0,5,11.6
15084,E,West Bengal,Bardhaman,39,Female,92,155,60,Diabetic,1,0,3,1,2,8.4
15086,E,West Bengal,Bardhaman,39,Female,94,152,56,Diabetic,0,0,0,0,1,7.7
15087,E,West Bengal,Bardhaman,57,Female,89,155,50,Diabetic,1,1,1,1,1,12.9
15088,E,West Bengal,Bardhaman,58,Male,97,154,65,Diabetic,0,0,1,2,1,7.6
15092,E,West Bengal,Bardhaman,62,Female,90,155,45,Diabetic,0,0,1,0,1,5.8
15096,C,Madhya Pradesh,Bhopal,44,Male,98,161,68,Diabetic,0,0,0,0,4,6.6
15097,NW,Jammu And Kashmir,Jammu,66,Male,97,158,63,Diabetic,0,0,2,1,1,11.8
15098,E,West Bengal,Bardhaman,45,Female,92,158,45,Diabetic,0,0,5,5,3,9.7
15099,E,West Bengal,Bardhaman,50,Female,95,125,46,Diabetic,0,0,2,1,3,10.8
15102,C,Madhya Pradesh,Bhopal,49,Male,112,172,92,Diabetic,0,1,5,6,1,6
15105,C,Madhya Pradesh,Bhopal,64,Male,92,161,70,Diabetic,0,0,2,2,2,7.1
15108,E,West Bengal,Bardhaman,40,Male,92,152,63,Diabetic,0,0,4,4,1,9.5
15110,C,Madhya Pradesh,Bhopal,45,Female,87,155,66,Diabetic,0,0,0,0,2,9.2
15112,C,Madhya Pradesh,Bhopal,60,Female,83,152,68,Diabetic,0,0,0,0,1,6.6
15113,C,Madhya Pradesh,Bhopal,52,Male,79,160,64,Diabetic,1,1,4,0,4,8.5
15116,C,Madhya Pradesh,Bhopal,50,Female,104,150,62,Diabetic,0,1,0,0,1,10.2
15117,C,Madhya Pradesh,Bhopal,50,Female,91,153,73,Diabetic,1,1,0,0,2,6.7
15119,C,Madhya Pradesh,Gwalior,64,Male,120,172,92,Diabetic,0,0,0,0,1,7.4
15120,C,Madhya Pradesh,Gwalior,57,Male,91,160,66,Diabetic,0,0,1,0,4,9.2
15125,NW,Jammu And Kashmir,Jammu,70,Male,110,162,58,Diabetic,0,0,5,2,2,5.9
15126,S,Karnataka,Bangalore,61,Male,98,177,74,Diabetic,0,1,4,3,1,5.2
15127,S,Karnataka,Bangalore,70,Female,98,162,67,Diabetic,0,0,5,4,1,8.2
15128,S,Karnataka,Bangalore,55,Female,104,164,73,Diabetic,1,0,6,0,1,9.2
15130,C,Madhya Pradesh,Gwalior,48,Female,99,150,66,Diabetic,0,0,2,0,2,13
15131,C,Madhya Pradesh,Gwalior,50,Male,92,166,78,Diabetic,1,0,0,0,2,6.2
15132,NW,Jammu And Kashmir,Jammu,54,Male,103,149,65,Diabetic,0,0,2,1,2,8.2
15134,C,Madhya Pradesh,Gwalior,60,Male,70,175,91,Diabetic,0,0,0,0,1,6.8
15138,E,Jharkhand,Hazaribag,40,Female,85,150,51,Diabetic,0,0,1,1,1,8.3
15141,C,Madhya Pradesh,Gwalior,55,Male,70,176,72,Diabetic,0,0,0,0,4,5.6
15142,C,Madhya Pradesh,Gwalior,45,Female,100,154,70,Diabetic,0,1,0,0,3,10.3
15145,C,Madhya Pradesh,Gwalior,52,Female,100,156,67,Diabetic,1,0,1,0,2,10.7
15146,E,Jharkhand,Hazaribag,62,Female,75,165,50,Diabetic,1,1,1,1,1,8
15147,E,Jharkhand,Hazaribag,62,Female,71,150,41,Diabetic,1,0,0,0,1,11.5
15149,S,Karnataka,Bangalore,47,Male,91,167,69,Diabetic,0,0,0,0,4,15.8
15152,C,Madhya Pradesh,Gwalior,49,Female,93,158,68,Diabetic,0,1,6,0,3,7.7
15157,NW,Jammu And Kashmir,Jammu,58,Male,100,147,65,Diabetic,0,0,2,1,1,7.9
15158,E,Jharkhand,Hazaribag,53,Male,110,178,85,Diabetic,0,0,1,1,1,7.7
15163,C,Madhya Pradesh,Gwalior,62,Male,103,159,70,Diabetic,0,1,2,0,4,6.6
15168,C,Madhya Pradesh,Gwalior,48,Female,104,150,67,Diabetic,0,0,0,0,2,7.1
15171,S,Karnataka,Hassan,50,Male,90,162,55,Diabetic,0,0,0,0,4,5.6
15174,C,Madhya Pradesh,Gwalior,42,Female,91,149,59,Diabetic,0,0,0,0,2,9.2
15176,S,Karnataka,Hassan,55,Male,99,166,65,Diabetic,0,0,0,0,1,10.2
15183,C,Madhya Pradesh,Gwalior,48,Female,81,151,45,Diabetic,0,0,0,0,4,9
15184,C,Madhya Pradesh,Gwalior,62,Male,100,162,75,Diabetic,0,0,1,0,2,7.5
15187,C,Madhya Pradesh,Gwalior,60,Female,96,155,79,Diabetic,0,1,0,0,3,8.3
15189,NW,Jammu And Kashmir,Jammu,45,Female,99,149,59,Diabetic,0,0,0,0,1,6.4
15191,N,Uttarakhand,Dehradun,58,Female,110,161,70,Diabetic,0,0,2,3,2,11
15192,NE,Assam,Dibrugarh,66,Male,100,160,66,Diabetic,1,0,6,0,2,9.8
15194,C,Madhya Pradesh,Gwalior,59,Male,106,164,70,Diabetic,1,0,5,0,2,5.7
15196,C,Madhya Pradesh,Gwalior,60,Female,95,162,77,Diabetic,0,1,0,0,1,6.7
15197,C,Madhya Pradesh,Gwalior,60,Female,97,144,54,Diabetic,0,0,0,0,4,13.5
15198,NW,Jammu And Kashmir,Jammu,42,Female,97,169,65,Diabetic,0,0,0,0,4,5.4
15200,C,Madhya Pradesh,Gwalior,53,Male,113,171,98,Diabetic,1,0,0,0,1,6.7
15202,NW,Jammu And Kashmir,Jammu,55,Female,96,150,51,Diabetic,0,1,1,1,1,15.1
15203,C,Madhya Pradesh,Gwalior,46,Female,92,153,57,Diabetic,0,0,6,6,3,5
15204,C,Madhya Pradesh,Gwalior,50,Female,106,157,86,Diabetic,1,0,4,0,4,6.5
15206,C,Madhya Pradesh,Gwalior,53,Male,100,176,97,Diabetic,0,1,0,0,2,7
15207,C,Madhya Pradesh,Gwalior,60,Male,100,164,75,Diabetic,0,0,6,0,4,9.3
15208,C,Madhya Pradesh,Gwalior,40,Female,99,148,85,Diabetic,0,1,6,0,3,12.6
15209,S,Karnataka,Bangalore,69,Female,96,162,64,Diabetic,0,0,0,0,4,6.1
15212,C,Madhya Pradesh,Gwalior,60,Female,91,156,65,Diabetic,0,0,0,0,3,10
15213,S,Karnataka,Bangalore,50,Male,89,166,64,Diabetic,0,0,1,0,4,5
15215,S,Karnataka,Bangalore,61,Male,92,168,65,Diabetic,0,1,6,0,1,8.2
15216,NW,Jammu And Kashmir,Jammu,54,Male,106,156,66,Diabetic,1,0,1,1,1,6
15217,C,Madhya Pradesh,Gwalior,65,Male,110,174,87,Diabetic,0,0,0,0,1,5.8
15218,C,Madhya Pradesh,Gwalior,60,Male,90,172,85,Diabetic,0,0,0,3,1,7.1
15220,NW,Jammu And Kashmir,Jammu,62,Male,90,165,60,Diabetic,1,1,1,1,2,10.5
15221,NW,Jammu And Kashmir,Jammu,55,Female,120,149,76,Diabetic,0,1,0,0,2,6.2
15222,C,Madhya Pradesh,Gwalior,54,Male,60,171,74,Diabetic,0,0,0,0,4,5.8
15223,NE,Meghalaya,East Khasi Hills,55,Female,81,153,58,Diabetic,0,0,0,0,3,11.2
15224,E,Jharkhand,Hazaribag,32,Female,86,144,55,Diabetic,0,0,0,0,1,8.2
15225,S,Karnataka,Bangalore,38,Female,70,155,68,Diabetic,0,0,2,0,2,5.2
15227,S,Karnataka,Bangalore,53,Male,96,167,69,Diabetic,1,0,0,5,6,9
15234,NW,Jammu And Kashmir,Kulgam,40,Female,73,161,67,Diabetic,0,0,0,0,1,5.3
15236,S,Tamil Nadu,Kanchipuram,63,Male,62,175,91,Diabetic,0,0,1,0,1,6.7
15238,S,Tamil Nadu,Kanchipuram,20,Female,71,145,47,Diabetic,0,0,0,0,1,5.2
15239,NW,Jammu And Kashmir,Kathua,42,Female,86,154,47,Diabetic,0,0,0,0,2,5.3
15241,S,Tamil Nadu,Madurai,50,Female,70,146,57,Diabetic,1,0,0,0,4,11.3
15243,W,Maharashtra,Nagpur,58,Male,97,170,75,Diabetic,0,0,0,0,1,9.4
15244,S,Tamil Nadu,Madurai,66,Male,99,165,78,Diabetic,0,0,0,0,1,7.3
15245,W,Maharashtra,Nagpur,37,Male,97,158,66,Diabetic,1,0,6,0,1,7.3
15246,S,Tamil Nadu,Kanchipuram,55,Female,91,156,65,Diabetic,0,0,0,0,1,7.7
15248,S,Tamil Nadu,Madurai,38,Female,99,167,82,Diabetic,1,0,0,0,4,9.5
15250,S,Tamil Nadu,Kanchipuram,62,Female,91,150,58,Diabetic,0,0,0,0,1,11
15254,W,Maharashtra,Nagpur,39,Male,103,158,80,Diabetic,0,1,6,0,1,11.8
15255,W,Rajasthan,Nagaur,60,Female,109,156,74,Diabetic,0,0,0,0,4,5
15257,NW,Jammu And Kashmir,Kulgam,60,Male,92,165,79,Diabetic,0,0,0,0,1,8.7
15258,NW,Jammu And Kashmir,Kulgam,52,Female,95,150,62,Diabetic,0,0,0,0,1,5.7
15261,S,Tamil Nadu,Kanchipuram,58,Female,85,155,57,Diabetic,0,0,0,0,1,6.2
15262,W,Maharashtra,Nagpur,42,Male,100,170,92,Diabetic,0,0,0,0,1,11.4
15263,S,Tamil Nadu,Madurai,46,Male,91,167,62,Diabetic,0,0,1,0,2,7.6
15264,S,Tamil Nadu,Madurai,41,Male,73,169,61,Diabetic,1,0,0,0,4,7.6
15265,W,Maharashtra,Nagpur,44,Female,103,158,60,Diabetic,1,0,0,0,1,7.1
15266,W,Maharashtra,Nagpur,55,Male,100,170,93,Diabetic,0,0,6,0,1,9.9
15267,W,Maharashtra,Nagpur,53,Male,95,161,78,Diabetic,1,0,4,0,1,10
15268,S,Tamil Nadu,Kanchipuram,70,Female,104,160,79,Diabetic,0,0,0,0,1,6.8
15269,S,Tamil Nadu,Madurai,69,Male,101,164,73,Diabetic,0,1,0,0,1,9.5
15271,S,Tamil Nadu,Madurai,65,Male,91,157,64,Diabetic,0,0,0,1,3,7.9
15273,S,Tamil Nadu,Kanchipuram,43,Male,62,166,68,Diabetic,1,1,1,1,1,10.1
15275,S,Tamil Nadu,Kanchipuram,43,Female,84,146,57,Diabetic,0,0,0,0,1,5.2
15278,S,Tamil Nadu,Madurai,43,Female,93,147,54,Diabetic,0,1,0,0,1,10.7
15279,S,Tamil Nadu,Kanchipuram,54,Female,87,151,55,Diabetic,0,0,0,0,4,6.6
15281,S,Tamil Nadu,Kanchipuram,45,Male,82,149,54,Diabetic,0,0,0,0,1,5.9
15282,W,Maharashtra,Nagpur,58,Female,79,152,68,Diabetic,1,1,0,0,1,7.2
15287,S,Tamil Nadu,Kanchipuram,65,Female,102,147,53,Diabetic,1,1,2,1,1,5.9
15288,S,Tamil Nadu,Madurai,65,Female,108,150,80,Diabetic,0,1,0,0,1,8.3
15290,NW,Jammu And Kashmir,Kulgam,59,Male,90,151,66,Diabetic,0,0,1,2,1,11.3
15292,NW,Jammu And Kashmir,Kathua,65,Female,104,157,70,Diabetic,0,0,0,0,2,12.1
15293,S,Tamil Nadu,Kanchipuram,44,Female,98,152,71,Diabetic,0,1,2,3,1,7.2
15295,W,Maharashtra,Nagpur,59,Male,110,176,80,Diabetic,1,1,2,3,1,6.4
15296,W,Rajasthan,Nagaur,35,Female,91,159,58,Diabetic,1,1,0,0,4,6
15299,S,Tamil Nadu,Kanchipuram,58,Female,87,147,55,Diabetic,0,0,6,0,6,11.7
15300,W,Maharashtra,Nagpur,49,Male,85,172,67,Diabetic,0,0,0,0,3,7.2
15301,S,Tamil Nadu,Kanchipuram,46,Male,90,163,62,Diabetic,0,0,0,0,5,9
15302,S,Tamil Nadu,Kanchipuram,60,Female,82,149,50,Diabetic,1,1,2,1,1,8.9
15303,S,Tamil Nadu,Kanchipuram,47,Female,74,147,44,Diabetic,0,0,0,0,1,7.2
15304,S,Tamil Nadu,Kanchipuram,55,Male,114,165,87,Diabetic,0,0,0,0,1,8.2
15305,S,Tamil Nadu,Kanchipuram,52,Male,92,159,60,Diabetic,0,1,0,0,1,8.8
15306,S,Tamil Nadu,Kanchipuram,55,Male,97,165,75,Diabetic,0,0,0,0,1,8.9
15307,S,Tamil Nadu,Kanchipuram,60,Female,86,155,60,Diabetic,0,0,0,1,1,5.9
15308,S,Tamil Nadu,Kanchipuram,39,Male,102,174,77,Diabetic,0,0,0,0,2,9.4
15310,S,Tamil Nadu,Kanchipuram,26,Female,77,148,54,Diabetic,1,1,0,0,1,9.5
15311,S,Tamil Nadu,Kanchipuram,44,Female,88,144,55,Diabetic,0,0,1,0,2,7.8
15312,W,Maharashtra,Nagpur,50,Male,103,167,95,Diabetic,0,1,5,0,1,9
15313,S,Tamil Nadu,Kanchipuram,48,Female,85,157,56,Diabetic,0,0,3,1,1,11.2
15316,W,Maharashtra,Nagpur,47,Male,90,172,80,Diabetic,0,0,3,3,3,7.4
15319,S,Tamil Nadu,Kanchipuram,57,Female,92,147,55,Diabetic,0,0,0,0,1,8.5
15320,S,Tamil Nadu,Kanchipuram,60,Female,70,150,50,Diabetic,0,0,0,0,1,5.7
15322,S,Tamil Nadu,Kanchipuram,50,Female,87,155,59,Diabetic,1,1,0,0,2,5.8
15323,W,Maharashtra,Nagpur,60,Male,100,170,70,Diabetic,1,1,2,3,1,6.1
15326,S,Tamil Nadu,Kanchipuram,65,Male,72,153,72,Diabetic,0,0,0,1,6,5.9
15327,S,Tamil Nadu,Kanchipuram,63,Male,111,150,71,Diabetic,0,0,0,0,1,6.3
15330,W,Rajasthan,Nagaur,70,Female,107,157,62,Diabetic,0,0,0,0,1,8.4
15334,S,Tamil Nadu,Kanchipuram,60,Female,78,124,50,Diabetic,0,0,0,1,3,10.7
15344,N,Himachal Pradesh,Kangra,61,Male,97,169,58,Diabetic,0,0,4,4,4,5.1
15345,S,Tamil Nadu,Kanchipuram,50,Male,92,161,70,Diabetic,0,0,1,1,1,8.3
15347,S,Tamil Nadu,Kanchipuram,47,Male,96,167,65,Diabetic,0,0,2,2,1,6.4
15350,S,Tamil Nadu,Kanchipuram,68,Male,90,170,70,Diabetic,0,0,1,1,1,6.7
15351,S,Tamil Nadu,Kanchipuram,69,Male,92,167,65,Diabetic,0,0,6,0,2,6.3
15352,S,Tamil Nadu,Kanchipuram,68,Male,82,167,50,Diabetic,0,0,0,0,1,10.4
15353,W,Maharashtra,Nagpur,38,Male,85,172,85,Diabetic,1,0,3,3,3,6.4
15355,W,Rajasthan,Nagaur,43,Male,97,167,72,Diabetic,0,0,0,6,4,8.7
15358,S,Tamil Nadu,Madurai,45,Male,99,162,80,Diabetic,0,1,5,3,3,6.4
15361,S,Tamil Nadu,Kanchipuram,56,Female,90,150,56,Diabetic,0,0,0,0,1,8
15363,W,Rajasthan,Nagaur,44,Male,96,163,74,Diabetic,1,0,1,3,3,12.2
15364,NW,Jammu And Kashmir,Kulgam,57,Male,76,165,76,Diabetic,0,0,1,0,1,6.8
15370,S,Tamil Nadu,Madurai,55,Female,86,161,62,Diabetic,1,0,0,0,2,5.9
15373,S,Tamil Nadu,Madurai,50,Female,95,151,52,Diabetic,1,0,0,0,1,7.4
15375,S,Tamil Nadu,Madurai,47,Female,87,165,60,Diabetic,0,0,0,0,1,7
15377,S,Tamil Nadu,Madurai,58,Female,96,145,58,Diabetic,0,0,0,0,1,10
15380,NW,Jammu And Kashmir,Kathua,45,Female,109,154,70,Diabetic,0,0,0,0,2,10.9
15381,S,Tamil Nadu,Madurai,63,Male,93,161,65,Diabetic,1,0,0,0,1,6.8
15383,W,Rajasthan,Nagaur,60,Female,100,152,69,Diabetic,0,0,0,0,1,6.6
15387,NW,Jammu And Kashmir,Kulgam,70,Female,103,151,57,Diabetic,0,0,0,0,1,7.8
15388,W,Rajasthan,Nagaur,68,Male,98,157,60,Diabetic,0,0,0,0,3,7.2
15389,NW,Jammu And Kashmir,Kathua,70,Male,100,166,67,Diabetic,0,0,6,6,1,9.3
15390,NW,Jammu And Kashmir,Kathua,63,Male,109,162,72,Diabetic,0,0,6,6,2,9.8
15391,S,Tamil Nadu,Madurai,60,Female,97,136,63,Diabetic,0,0,0,0,1,9.7
15394,NW,Jammu And Kashmir,Kathua,28,Female,83,152,48,Diabetic,0,0,2,1,1,5.9
15397,S,Tamil Nadu,Kanchipuram,48,Female,85,157,56,Diabetic,0,0,3,1,1,10.1
15399,W,Rajasthan,Nagaur,50,Female,108,156,67,Diabetic,0,0,0,0,4,6.5
15400,NW,Jammu And Kashmir,Kathua,55,Male,106,160,60,Diabetic,0,0,0,0,3,7.8
15401,NW,Jammu And Kashmir,Kathua,53,Male,80,158,60,Diabetic,0,0,2,2,4,7.3
15402,NW,Jammu And Kashmir,Kathua,60,Female,92,154,68,Diabetic,0,1,0,0,2,12.3
15404,NW,Jammu And Kashmir,Kathua,62,Female,94,152,58,Diabetic,0,0,2,2,2,5
15406,S,Tamil Nadu,Kanchipuram,50,Male,84,153,52,Diabetic,0,0,0,0,1,6.5
15407,W,Rajasthan,Nagaur,46,Female,126,162,108,Diabetic,1,1,4,0,4,8.6
15410,NW,Jammu And Kashmir,Kathua,60,Female,89,155,65,Diabetic,0,0,0,0,2,5.5
15411,S,Tamil Nadu,Kanchipuram,49,Male,93,155,61,Diabetic,0,0,0,0,4,8.5
15412,S,Tamil Nadu,Kanchipuram,62,Male,93,155,64,Diabetic,0,0,0,0,1,9
15413,S,Tamil Nadu,Kanchipuram,45,Male,87,170,62,Diabetic,1,1,0,0,1,11.7
15414,W,Maharashtra,Nagpur,47,Male,68,167,52,Diabetic,1,1,2,3,1,5.8
15415,S,Tamil Nadu,Kanchipuram,46,Female,94,155,71,Diabetic,1,1,0,0,1,5.8
15416,NW,Jammu And Kashmir,Kathua,67,Male,101,159,65,Diabetic,0,0,0,0,2,8
15417,S,Tamil Nadu,Kanchipuram,65,Male,78,160,45,Diabetic,0,0,6,0,1,6.5
15418,W,Rajasthan,Nagaur,45,Female,103,162,63,Diabetic,0,0,0,0,2,5.3
15419,NW,Jammu And Kashmir,Kulgam,62,Male,90,175,75,Diabetic,0,0,3,3,2,6.6
15420,NW,Jammu And Kashmir,Kathua,40,Male,99,165,68,Diabetic,0,0,0,0,2,9
15422,NW,Jammu And Kashmir,Kathua,65,Female,104,158,63,Diabetic,0,0,0,0,2,9.8
15423,NW,Jammu And Kashmir,Kathua,60,Female,106,162,67,Diabetic,0,0,0,6,2,11.6
15427,S,Tamil Nadu,Kanchipuram,45,Male,103,175,91,Diabetic,0,0,5,2,2,8.6
15432,S,Andhra Pradesh,Visakhapatnam,54,Female,82,180,75,Diabetic,0,0,4,2,1,7.1
15434,S,Andhra Pradesh,Visakhapatnam,48,Male,80,158,64,Diabetic,0,0,2,2,2,6.5
15436,C,Madhya Pradesh,Ujjain,43,Male,94,162,98,Diabetic,1,1,6,0,1,6.4
15438,W,Maharashtra,Thane,39,Male,97,165,75,Diabetic,0,1,0,0,3,6
15441,S,Andhra Pradesh,Visakhapatnam,48,Female,100,156,61,Diabetic,0,0,2,2,2,9.2
15446,S,Andhra Pradesh,Visakhapatnam,38,Female,90,156,68,Diabetic,1,1,3,1,2,6.8
15451,S,Andhra Pradesh,Visakhapatnam,54,Male,90,156,68,Diabetic,1,1,3,1,2,8.2
15452,S,Andhra Pradesh,Visakhapatnam,43,Male,90,156,68,Diabetic,1,1,3,1,2,5.3
15458,C,Madhya Pradesh,Ujjain,67,Male,96,159,60,Diabetic,1,1,5,5,6,6.7
15461,S,Andhra Pradesh,Visakhapatnam,40,Female,80,154,59,Diabetic,0,0,5,3,5,8.6
15462,W,Maharashtra,Thane,46,Male,107,166,100,Diabetic,1,0,6,0,3,10.6
15463,S,Andhra Pradesh,Visakhapatnam,42,Female,93,187,80,Diabetic,1,1,0,2,1,6.9
15465,S,Andhra Pradesh,Visakhapatnam,53,Male,82,170,80,Diabetic,1,0,1,0,2,6.6
15466,W,Maharashtra,Thane,60,Female,96,155,60,Diabetic,1,0,6,0,1,6.2
15468,S,Andhra Pradesh,Visakhapatnam,44,Male,83,146,77,Diabetic,0,0,1,1,1,7.1
15469,S,Andhra Pradesh,Visakhapatnam,55,Female,70,157,90,Diabetic,1,0,1,1,1,10.4
15470,S,Andhra Pradesh,Visakhapatnam,49,Male,80,160,85,Diabetic,1,0,1,1,1,7.6
15471,S,Andhra Pradesh,Visakhapatnam,60,Female,75,154,70,Diabetic,0,0,1,1,1,6.7
15472,S,Andhra Pradesh,Visakhapatnam,45,Male,93,170,80,Diabetic,0,0,3,0,5,9.5
15473,S,Andhra Pradesh,Visakhapatnam,42,Female,85,139,60,Diabetic,0,1,1,1,1,5.8
15475,S,Andhra Pradesh,Visakhapatnam,65,Female,80,155,49,Diabetic,0,0,5,2,3,7.6
15477,S,Andhra Pradesh,Visakhapatnam,55,Female,80,149,59,Diabetic,0,0,5,2,3,6.8
15478,W,Maharashtra,Thane,45,Male,110,167,58,Diabetic,0,0,5,5,3,9.8
15482,C,Madhya Pradesh,Ujjain,44,Male,90,163,71,Diabetic,0,1,6,6,6,10.4
15484,S,Andhra Pradesh,Visakhapatnam,30,Female,83,167,82,Diabetic,1,1,1,0,2,11.5
15488,S,Andhra Pradesh,Visakhapatnam,46,Female,87,155,70,Diabetic,1,1,1,4,1,6.4
15489,S,Andhra Pradesh,Visakhapatnam,28,Male,86,165,87,Diabetic,1,1,1,4,1,6.3
15490,S,Andhra Pradesh,Visakhapatnam,27,Female,84,155,77,Diabetic,1,1,2,2,2,6.8
15491,S,Andhra Pradesh,Visakhapatnam,42,Female,85,156,65,Diabetic,0,1,1,0,1,6.2
15492,S,Andhra Pradesh,Visakhapatnam,38,Male,80,155,65,Diabetic,1,1,1,1,2,6.1
15493,S,Andhra Pradesh,Visakhapatnam,38,Male,90,157,70,Diabetic,1,0,1,1,1,6.4
15495,N,Delhi,West Delhi,41,Female,107,158,75,Diabetic,0,1,3,3,1,4.5
15503,W,Maharashtra,Thane,49,Male,92,160,74,Diabetic,1,0,0,6,4,8.5
15504,C,Madhya Pradesh,Ujjain,50,Female,96,172,85,Diabetic,1,0,1,1,3,6.2
15508,N,Delhi,West Delhi,47,Male,72,168,72,Diabetic,0,0,3,2,1,5.4
15518,S,Andhra Pradesh,Visakhapatnam,46,Female,86,165,87,Diabetic,1,1,1,4,1,5.8
15527,S,Andhra Pradesh,Visakhapatnam,37,Male,85,140,80,Diabetic,0,0,2,3,4,4.6
15528,W,Maharashtra,Thane,68,Male,101,165,71,Diabetic,0,0,3,1,2,7.5
15532,S,Andhra Pradesh,Visakhapatnam,39,Male,85,150,80,Diabetic,0,0,2,3,4,5.7
15534,S,Andhra Pradesh,Visakhapatnam,52,Female,85,140,80,Diabetic,0,0,2,3,4,5
15537,S,Andhra Pradesh,Visakhapatnam,36,Male,87,169,67,Diabetic,1,1,3,1,1,7.9
15544,S,Andhra Pradesh,Visakhapatnam,26,Female,80,160,70,Diabetic,0,0,0,0,1,5.1
15547,S,Andhra Pradesh,Visakhapatnam,48,Male,90,156,62,Diabetic,1,1,5,5,2,4.9
15549,W,Maharashtra,Thane,55,Female,87,152,70,Diabetic,0,0,0,0,1,6.1
15558,S,Andhra Pradesh,Visakhapatnam,45,Male,85,150,60,Diabetic,1,1,0,0,1,6.5
15560,S,Andhra Pradesh,Visakhapatnam,48,Female,90,165,75,Diabetic,1,1,1,2,2,6.3
15561,S,Andhra Pradesh,Visakhapatnam,60,Female,107,150,60,Diabetic,1,1,1,1,4,7.6
15564,W,Maharashtra,Thane,39,Female,94,160,57,Diabetic,1,1,5,0,1,13.7
15565,S,Andhra Pradesh,Visakhapatnam,36,Male,85,155,86,Diabetic,0,0,1,4,1,6.5
15567,S,Andhra Pradesh,Visakhapatnam,58,Male,86,165,87,Diabetic,1,1,1,4,1,9.7
15569,S,Andhra Pradesh,Visakhapatnam,56,Male,85,145,73,Diabetic,0,0,1,4,1,6.2
15570,S,Andhra Pradesh,Visakhapatnam,67,Female,90,156,60,Diabetic,1,1,4,2,3,6.9
15571,S,Andhra Pradesh,Visakhapatnam,50,Male,86,165,87,Diabetic,1,1,1,4,2,7.9
15572,S,Andhra Pradesh,Visakhapatnam,65,Male,89,168,69,Diabetic,0,0,1,0,2,5.6
15573,S,Andhra Pradesh,Visakhapatnam,48,Female,93,169,69,Diabetic,1,0,3,1,4,6.7
15574,W,Maharashtra,Thane,46,Female,74,157,47,Diabetic,0,0,1,1,1,5.5
15576,S,Andhra Pradesh,Visakhapatnam,47,Female,86,165,87,Diabetic,1,1,1,4,1,6
15577,W,Maharashtra,Thane,53,Female,104,155,73,Diabetic,0,1,0,0,1,12.7
15579,S,Andhra Pradesh,Visakhapatnam,45,Female,82,141,60,Diabetic,1,1,0,0,1,9.1
15580,S,Andhra Pradesh,Visakhapatnam,60,Female,89,168,69,Diabetic,1,1,2,0,1,9.6
15584,W,Maharashtra,Thane,50,Male,99,171,67,Diabetic,1,0,3,1,2,7.4
15590,W,Gujarat,Navsari,63,Male,94,165,69,Diabetic,0,0,0,0,1,9.3
15591,W,Gujarat,Navsari,61,Female,99,154,72,Diabetic,0,0,0,0,4,7.2
15592,W,Gujarat,Navsari,62,Female,82,145,51,Diabetic,0,0,0,0,2,7.5
15593,W,Gujarat,Navsari,44,Female,88,157,66,Diabetic,1,1,0,0,4,7.5
15594,W,Gujarat,Navsari,66,Male,116,168,88,Diabetic,0,1,0,0,3,11.1
15595,W,Gujarat,Navsari,63,Female,89,157,62,Diabetic,0,0,3,0,1,10.8
15596,W,Gujarat,Navsari,59,Male,92,166,70,Diabetic,0,1,6,0,1,6.8
15597,W,Gujarat,Navsari,59,Male,98,168,70,Diabetic,1,1,0,0,1,10.7
15598,W,Gujarat,Navsari,60,Male,93,162,70,Diabetic,0,0,0,0,3,5.9
15599,W,Gujarat,Navsari,66,Female,98,134,64,Diabetic,0,0,4,0,1,6.7
15600,W,Gujarat,Navsari,67,Female,90,147,54,Diabetic,0,0,0,1,1,6.3
15602,W,Gujarat,Navsari,40,Male,106,166,82,Diabetic,1,1,0,6,4,8.9
15604,W,Gujarat,Navsari,63,Male,95,163,60,Diabetic,0,0,0,0,2,8.5
15605,W,Gujarat,Navsari,44,Female,102,150,79,Diabetic,1,1,0,0,1,7.1
15606,W,Gujarat,Navsari,38,Male,115,165,90,Diabetic,0,0,2,6,1,6.6
15607,W,Maharashtra,Nagpur,54,Female,101,152,68,Diabetic,0,1,4,4,2,9.5
15608,W,Gujarat,Navsari,59,Female,98,150,63,Diabetic,1,1,0,0,4,7.5
15611,W,Gujarat,Navsari,54,Female,94,151,69,Diabetic,0,0,0,0,5,6.6
15612,W,Maharashtra,Nagpur,52,Male,99,170,78,Diabetic,1,1,4,4,1,9.6
15613,W,Gujarat,Navsari,64,Female,73,122,46,Diabetic,0,0,0,0,3,7.8
15614,W,Maharashtra,Nagpur,52,Female,85,167,65,Diabetic,0,0,6,5,2,8.9
15615,S,Andaman And Nicobar,Port Blair,62,Female,95,155,60,Diabetic,1,0,0,0,1,6.4
15620,W,Maharashtra,Nagpur,60,Female,101,158,68,Diabetic,1,0,4,4,1,6.8
15622,W,Maharashtra,Nagpur,40,Male,101,155,73,Diabetic,0,1,4,4,4,9.2
15624,W,Maharashtra,Nagpur,65,Male,99,152,65,Diabetic,1,0,4,4,1,7.5
15626,W,Maharashtra,Nagpur,52,Male,99,158,72,Diabetic,0,1,4,4,4,8.8
15627,S,Andaman And Nicobar,Port Blair,47,Female,102,152,58,Diabetic,0,0,3,2,1,7.4
15628,W,Gujarat,Navsari,51,Male,92,161,65,Diabetic,0,0,6,4,1,5.4
15630,W,Gujarat,Navsari,59,Male,97,157,66,Diabetic,0,0,2,1,1,10.4
15632,W,Gujarat,Navsari,66,Male,92,155,62,Diabetic,0,0,0,0,2,9.4
15633,W,Gujarat,Navsari,58,Female,107,167,77,Diabetic,0,1,0,0,1,12.3
15634,N,Delhi,North West Delhi,63,Female,102,149,57,Diabetic,1,0,3,3,2,5
15636,W,Maharashtra,Nagpur,60,Female,95,167,50,Diabetic,0,0,0,0,6,6.4
15640,W,Maharashtra,Nagpur,44,Female,100,158,60,Diabetic,0,0,0,0,1,5.8
15641,W,Gujarat,Navsari,67,Female,102,152,75,Diabetic,0,0,0,0,3,8.2
15642,W,Gujarat,Navsari,47,Female,91,154,64,Diabetic,0,1,0,0,1,9.3
15645,W,Gujarat,Navsari,70,Male,95,177,70,Diabetic,1,0,6,6,1,7.4
15646,W,Gujarat,Navsari,55,Female,102,152,68,Diabetic,1,1,0,0,3,6.5
15647,W,Gujarat,Navsari,52,Male,107,167,78,Diabetic,0,1,6,6,1,7.7
15650,W,Gujarat,Navsari,50,Male,80,157,52,Diabetic,0,1,0,0,1,5.7
15653,C,Chhattisgarh,Raipur,62,Female,95,151,50,Diabetic,0,0,0,0,3,9.5
15654,W,Gujarat,Navsari,61,Female,90,152,68,Diabetic,1,1,0,0,1,6
15658,W,Maharashtra,Nagpur,45,Male,90,175,85,Diabetic,0,0,0,0,4,7.1
15659,W,Maharashtra,Nagpur,45,Male,90,172,80,Diabetic,1,0,4,0,1,11
15660,W,Maharashtra,Nagpur,59,Male,90,170,70,Diabetic,1,0,0,0,1,8.3
15662,W,Maharashtra,Nagpur,44,Male,97,161,80,Diabetic,1,0,0,0,1,11.3
15663,W,Maharashtra,Nagpur,45,Male,82,175,80,Diabetic,1,0,4,0,4,7.1
15664,W,Maharashtra,Nagpur,60,Male,80,161,70,Diabetic,0,0,3,0,3,6.9
15665,W,Maharashtra,Nagpur,54,Male,90,170,70,Diabetic,0,0,1,1,4,7.6
15666,W,Maharashtra,Nagpur,54,Male,90,158,60,Diabetic,0,0,2,2,4,11.9
15667,W,Maharashtra,Nagpur,37,Male,90,164,65,Diabetic,0,0,0,0,2,9.1
15668,W,Maharashtra,Nagpur,38,Male,99,172,85,Diabetic,1,0,3,3,3,6.4
15669,W,Maharashtra,Nagpur,62,Male,90,164,65,Diabetic,0,0,2,2,4,9.2
15670,W,Maharashtra,Nagpur,60,Female,100,161,60,Diabetic,1,1,3,0,3,10
15671,W,Maharashtra,Nagpur,60,Female,100,161,70,Diabetic,1,1,3,0,3,7.6
15672,W,Maharashtra,Nagpur,59,Female,99,152,67,Diabetic,1,1,4,4,2,6.6
15673,W,Maharashtra,Nagpur,53,Male,90,164,75,Diabetic,1,1,0,0,2,11.8
15674,W,Maharashtra,Nagpur,59,Female,101,152,68,Diabetic,0,1,4,4,4,7.7
15675,W,Maharashtra,Nagpur,53,Male,90,173,60,Diabetic,0,0,1,1,4,9.3
15676,W,Maharashtra,Nagpur,43,Male,80,179,60,Diabetic,0,0,0,0,2,7.3
15677,W,Maharashtra,Nagpur,47,Female,80,158,65,Diabetic,0,0,2,3,4,7
15678,W,Maharashtra,Nagpur,60,Male,70,167,70,Diabetic,0,0,2,2,4,7
15679,W,Maharashtra,Nagpur,55,Female,70,158,60,Diabetic,1,1,2,2,4,11.6
15680,W,Maharashtra,Nagpur,43,Male,90,167,60,Diabetic,1,1,2,2,4,11.8
15681,W,Maharashtra,Nagpur,41,Male,90,176,90,Diabetic,0,0,4,0,2,11.8
15682,W,Gujarat,Navsari,37,Female,90,152,66,Diabetic,0,1,0,0,3,8.4
15683,W,Gujarat,Navsari,45,Female,91,152,64,Diabetic,0,1,0,0,4,6.6
15684,W,Gujarat,Navsari,45,Female,100,152,71,Diabetic,0,0,0,0,1,6.9
15685,W,Gujarat,Navsari,42,Male,93,162,70,Diabetic,1,0,0,0,3,6.1
15686,S,Andaman And Nicobar,Port Blair,65,Male,98,155,72,Diabetic,1,1,0,1,1,5.8
15687,W,Gujarat,Navsari,63,Female,107,153,65,Diabetic,0,0,0,0,4,8.3
15688,W,Gujarat,Navsari,52,Female,90,157,69,Diabetic,1,0,0,0,4,8.2
15689,S,Andaman And Nicobar,Port Blair,49,Female,86,148,65,Diabetic,0,0,0,0,4,7
15690,W,Gujarat,Navsari,54,Male,108,182,94,Diabetic,1,0,2,0,4,11.2
15691,W,Gujarat,Navsari,63,Female,94,148,65,Diabetic,0,0,1,1,2,8.5
15692,W,Gujarat,Navsari,68,Male,111,157,71,Diabetic,1,0,0,0,1,7
15693,W,Gujarat,Navsari,65,Male,103,157,78,Diabetic,1,0,6,1,1,7.1
15694,W,Gujarat,Navsari,60,Female,121,153,82,Diabetic,0,0,0,0,1,6.9
15695,W,Gujarat,Navsari,53,Female,102,155,75,Diabetic,0,0,1,0,1,13.8
15696,W,Gujarat,Navsari,64,Male,94,162,64,Diabetic,0,0,2,2,3,6.8
15697,S,Andaman And Nicobar,Port Blair,40,Female,76,155,59,Diabetic,1,1,0,0,1,6.7
15698,W,Gujarat,Navsari,55,Male,93,177,60,Diabetic,0,0,0,0,2,5.8
15700,W,Gujarat,Navsari,49,Male,95,167,73,Diabetic,0,0,2,3,1,7.2
15702,W,Gujarat,Navsari,57,Male,99,156,70,Diabetic,1,1,6,0,2,7.7
15703,C,Chhattisgarh,Raipur,42,Male,83,170,59,Diabetic,1,1,0,0,2,9.7
15704,W,Gujarat,Navsari,47,Male,106,165,80,Diabetic,1,0,6,6,1,7.5
15707,W,Gujarat,Navsari,62,Male,111,172,83,Diabetic,0,1,6,6,2,7
15708,W,Gujarat,Navsari,63,Male,96,185,162,Diabetic,0,0,0,0,1,10.4
15712,N,Haryana,Panchkula,58,Male,92,152,60,Diabetic,0,1,0,0,2,6.6
15713,N,Haryana,Panchkula,51,Male,104,157,85,Diabetic,0,0,0,0,3,7.4
15714,N,Haryana,Panchkula,42,Female,85,156,54,Diabetic,0,0,3,0,2,13.3
15715,N,Haryana,Panchkula,52,Female,102,151,64,Diabetic,0,0,0,0,2,6.2
15716,N,Haryana,Panchkula,57,Male,102,165,73,Diabetic,0,0,0,0,1,10.9
15717,S,Pondicherry,Pondicherry,54,Male,90,166,67,Diabetic,1,1,3,0,1,7.2
15718,N,Haryana,Panchkula,56,Female,118,158,76,Diabetic,0,1,0,0,3,6.1
15719,W,Maharashtra,Nagpur,48,Male,89,172,82,Diabetic,0,1,3,3,3,8.8
15721,N,Haryana,Panchkula,52,Male,89,160,69,Diabetic,0,0,0,0,1,7.9
15722,N,Haryana,Panchkula,59,Male,95,165,74,Diabetic,0,0,4,0,4,7.7
15723,S,Pondicherry,Pondicherry,65,Male,96,162,74,Diabetic,1,0,0,1,1,6.5
15724,N,Haryana,Panchkula,45,Female,96,154,70,Diabetic,0,1,0,0,4,6.4
15725,N,Haryana,Panchkula,60,Female,98,160,74,Diabetic,0,1,0,0,2,8.5
15727,N,Haryana,Panchkula,43,Female,100,153,72,Diabetic,1,0,1,0,4,6
15728,N,Haryana,Panchkula,45,Female,86,143,60,Diabetic,1,0,0,0,2,5.4
15731,N,Haryana,Panchkula,55,Male,92,160,95,Diabetic,1,0,0,0,2,4.2
15732,N,Haryana,Panchkula,65,Male,112,160,87,Diabetic,1,0,0,0,1,7.2
15733,N,Haryana,Panchkula,47,Male,92,165,75,Diabetic,0,0,0,0,3,7.7
15736,N,Haryana,Panchkula,59,Male,97,153,80,Diabetic,0,0,0,6,2,6.9
15737,N,Haryana,Panchkula,44,Male,86,160,60,Diabetic,0,1,0,0,2,15.6
15740,W,Maharashtra,Nagpur,60,Male,103,162,75,Diabetic,0,1,4,0,2,7.5
15741,W,Maharashtra,Nagpur,59,Female,99,162,68,Diabetic,0,1,4,0,2,10.7
15746,S,Pondicherry,Pondicherry,41,Male,93,170,72,Diabetic,0,0,3,0,3,6.8
15748,S,Pondicherry,Pondicherry,45,Male,97,164,64,Diabetic,0,0,2,0,2,5.1
15749,S,Pondicherry,Pondicherry,39,Male,105,167,89,Diabetic,0,0,0,6,4,12.9
15750,S,Pondicherry,Pondicherry,58,Male,100,169,77,Diabetic,0,0,0,0,2,12.4
15751,S,Pondicherry,Pondicherry,56,Female,107,157,70,Diabetic,1,0,6,6,1,7.3
15753,S,Pondicherry,Pondicherry,43,Male,110,169,92,Diabetic,0,0,3,0,1,11.7
15755,S,Pondicherry,Pondicherry,64,Male,100,176,76,Diabetic,0,0,0,0,1,6.6
15757,S,Pondicherry,Pondicherry,60,Male,97,170,79,Diabetic,0,0,0,0,1,11.2
15759,S,Pondicherry,Pondicherry,58,Female,96,150,56,Diabetic,0,0,6,6,1,7.2
15760,C,Chhattisgarh,Raipur,48,Male,82,171,55,Diabetic,0,0,0,0,1,10.6
15761,S,Pondicherry,Pondicherry,35,Female,95,147,60,Diabetic,0,0,0,0,5,9.6
15763,W,Maharashtra,Nagpur,60,Male,103,151,68,Diabetic,0,1,4,0,1,8.6
15764,S,Pondicherry,Pondicherry,46,Male,110,174,94,Diabetic,1,1,0,0,1,8
15767,S,Pondicherry,Pondicherry,44,Male,86,162,65,Diabetic,0,0,6,1,4,9
15770,C,Chhattisgarh,Raipur,62,Female,98,154,65,Diabetic,0,0,0,0,1,10.1
15771,S,Pondicherry,Pondicherry,55,Male,86,169,68,Diabetic,1,1,0,0,2,8
15772,S,Pondicherry,Pondicherry,51,Male,89,168,71,Diabetic,0,0,0,0,3,6.5
15774,S,Pondicherry,Pondicherry,57,Female,102,155,69,Diabetic,0,0,0,1,1,10.1
15775,S,Pondicherry,Pondicherry,54,Female,92,158,68,Diabetic,1,0,2,0,2,9.7
15777,S,Pondicherry,Pondicherry,40,Male,97,168,79,Diabetic,1,1,0,0,1,7.2
15778,S,Pondicherry,Pondicherry,46,Female,85,157,61,Diabetic,1,1,0,0,3,6.6
15780,W,Maharashtra,Nagpur,50,Male,85,169,72,Diabetic,0,0,3,3,3,9.3
15785,S,Pondicherry,Pondicherry,46,Male,100,170,86,Diabetic,0,0,0,0,3,7.7
15787,W,Maharashtra,Nagpur,34,Female,72,165,69,Diabetic,1,1,4,0,1,13.3
15791,N,Haryana,Panchkula,50,Female,87,152,57,Diabetic,0,0,0,0,4,6.1
15792,S,Pondicherry,Pondicherry,63,Female,98,155,155,Diabetic,0,0,0,0,1,6.2
15793,S,Pondicherry,Pondicherry,57,Female,92,151,53,Diabetic,1,1,6,6,5,8.6
15805,W,Maharashtra,Nagpur,54,Male,75,170,75,Diabetic,0,1,3,3,3,7.3
15806,S,Pondicherry,Pondicherry,53,Female,93,155,64,Diabetic,1,1,6,0,5,6.8
15809,N,Haryana,Panchkula,58,Female,102,156,61,Diabetic,0,0,2,0,1,7.1
15811,W,Maharashtra,Nagpur,57,Male,90,175,81,Diabetic,1,0,3,1,1,8.4
15813,N,Haryana,Panchkula,50,Male,108,159,83,Diabetic,1,1,0,0,5,5.2
15816,N,Haryana,Panchkula,62,Female,98,152,60,Diabetic,0,0,0,0,2,11.4
15822,NW,Jammu And Kashmir,Samba,53,Female,82,158,54,Diabetic,0,0,1,0,1,8
15825,S,Tamil Nadu,Salem,60,Male,94,157,73,Diabetic,0,1,0,0,2,6.2
15828,E,Jharkhand,Ranchi,45,Male,90,170,70,Diabetic,0,1,0,0,1,5.5
15829,E,Jharkhand,Ranchi,41,Male,99,170,75,Diabetic,1,1,0,0,1,5.6
15830,E,Jharkhand,Ranchi,49,Female,73,153,41,Diabetic,0,0,2,2,1,5.3
15834,S,Tamil Nadu,Salem,45,Female,83,153,56,Diabetic,0,0,0,0,1,5.9
15838,S,Tamil Nadu,Salem,47,Male,95,170,84,Diabetic,0,0,0,1,1,6.3
15840,S,Tamil Nadu,Salem,64,Male,110,171,91,Diabetic,0,0,1,0,2,5.5
15843,S,Tamil Nadu,Salem,50,Female,92,151,55,Diabetic,1,0,0,0,1,5.8
15844,S,Tamil Nadu,Salem,57,Female,82,153,60,Diabetic,0,0,0,0,1,6.1
15846,S,Tamil Nadu,Salem,49,Female,100,163,88,Diabetic,1,1,0,0,1,5.8
15847,NW,Jammu And Kashmir,Samba,55,Male,92,162,54,Diabetic,0,0,1,1,1,5.1
15848,C,Madhya Pradesh,Raisen,60,Male,93,163,57,Diabetic,0,0,0,0,1,5.3
15852,E,Jharkhand,Ranchi,40,Male,85,167,74,Diabetic,0,0,4,4,5,9.1
15853,E,Jharkhand,Ranchi,56,Male,85,166,60,Diabetic,0,0,0,3,1,6.8
15858,C,Madhya Pradesh,Raisen,60,Female,95,151,55,Diabetic,0,0,0,0,4,7.2
15864,E,Jharkhand,Ranchi,46,Male,93,162,67,Diabetic,0,0,2,2,1,5.1
15867,C,Madhya Pradesh,Raisen,57,Female,99,160,79,Diabetic,0,0,0,0,3,6
15868,C,Madhya Pradesh,Raisen,45,Female,87,162,60,Diabetic,0,0,0,0,1,5.8
15871,C,Madhya Pradesh,Raisen,40,Female,103,162,82,Diabetic,0,1,0,0,1,6.1
15873,E,Jharkhand,Ranchi,60,Male,104,180,70,Diabetic,0,0,1,1,1,8.9
15877,E,Jharkhand,Ranchi,35,Male,98,160,74,Diabetic,1,0,6,1,1,6.6
15884,E,Jharkhand,Ranchi,42,Male,89,162,60,Diabetic,0,0,6,6,5,7.5
15900,E,Jharkhand,Ranchi,44,Male,91,161,65,Diabetic,1,1,4,0,4,6.6
15904,E,Jharkhand,Ranchi,30,Male,73,156,51,Diabetic,0,0,0,0,4,12.8
15905,E,Jharkhand,Ranchi,59,Female,89,147,48,Diabetic,0,0,0,0,1,7.1
15908,E,Jharkhand,Ranchi,69,Male,95,162,62,Diabetic,1,1,0,0,5,9.7
15909,E,Jharkhand,Ranchi,37,Female,74,154,50,Diabetic,0,0,3,1,4,4
15910,E,Jharkhand,Ranchi,54,Male,100,166,78,Diabetic,0,0,1,1,1,6.2
15915,E,Jharkhand,Ranchi,50,Female,95,160,70,Diabetic,1,1,0,0,2,9.3
15916,NW,Jammu And Kashmir,Samba,55,Female,88,152,64,Diabetic,0,0,1,2,1,5.7
15920,NW,Jammu And Kashmir,Samba,50,Female,88,153,68,Diabetic,0,0,2,2,2,4.7
15921,NW,Jammu And Kashmir,Samba,58,Female,88,153,54,Diabetic,0,0,2,1,1,8.7
15923,W,Maharashtra,Thane,58,Male,104,169,84,Diabetic,0,0,3,4,2,7.4
15925,W,Gujarat,Surat,60,Female,87,145,50,Diabetic,0,1,0,0,1,7.9
15928,W,Gujarat,Surat,64,Male,96,167,66,Diabetic,0,0,0,0,5,8.2
15936,NW,Jammu And Kashmir,Samba,70,Female,88,145,57,Diabetic,0,0,1,3,2,7.3
15937,E,Orissa,Balasore,62,Female,87,156,56,Diabetic,1,0,2,2,1,5.7
15938,E,Orissa,Balasore,83,Male,82,150,56,Diabetic,0,1,1,1,2,6.7
15939,S,Karnataka,Bangalore,70,Male,112,167,83,Diabetic,0,0,0,0,3,7.6
15940,S,Karnataka,Bangalore,55,Male,100,164,75,Diabetic,0,0,3,0,2,6.2
15941,E,Orissa,Balasore,50,Female,80,149,54,Diabetic,1,0,2,3,3,5.4
15944,S,Karnataka,Bangalore,62,Male,105,157,75,Diabetic,1,1,0,0,3,8
15946,E,Orissa,Balasore,35,Female,86,154,51,Diabetic,1,1,3,2,2,4.9
15947,E,Orissa,Balasore,36,Female,87,140,60,Diabetic,0,1,1,1,2,5.7
15950,E,Orissa,Balasore,45,Female,76,142,52,Diabetic,1,0,2,1,1,5
15952,E,Orissa,Balasore,55,Male,91,160,59,Diabetic,0,1,2,1,4,5
15955,E,Orissa,Balasore,32,Male,84,153,55,Diabetic,1,0,0,3,2,5.4
15959,E,Orissa,Balasore,36,Male,87,157,82,Diabetic,1,0,2,2,2,5.3
15960,E,Orissa,Balasore,35,Female,87,156,50,Diabetic,1,0,2,2,2,7.4
15968,C,Madhya Pradesh,Bhopal,65,Female,70,146,48,Diabetic,0,0,3,0,2,7.2
15969,S,Karnataka,Bangalore,49,Male,109,170,87,Diabetic,1,0,6,0,1,6
15970,S,Karnataka,Bangalore,43,Male,102,167,70,Diabetic,0,0,5,3,2,6.5
15974,NW,Jammu And Kashmir,Kulgam,45,Male,95,155,60,Diabetic,0,0,0,0,3,10.5
15975,S,Tamil Nadu,Madurai,47,Male,89,164,57,Diabetic,0,0,1,0,3,10.9
15976,S,Tamil Nadu,Madurai,54,Female,100,153,72,Diabetic,0,0,0,4,3,6
15978,W,Maharashtra,Thane,57,Female,97,156,60,Diabetic,1,0,0,0,3,6.8
15979,S,Andhra Pradesh,Visakhapatnam,48,Male,85,140,80,Diabetic,0,0,2,3,4,7.1
15980,C,Madhya Pradesh,Ujjain,51,Male,102,161,76,Diabetic,0,0,0,0,2,10.5
15984,S,Andaman And Nicobar,Ujjain,61,Male,92,157,57,Diabetic,0,0,0,0,2,6.8
15985,W,Gujarat,Navsari,60,Female,93,157,69,Diabetic,0,0,6,6,1,12.5
15988,W,Gujarat,Navsari,57,Male,95,167,75,Diabetic,1,0,0,0,1,10
15989,S,Pondicherry,Pondicherry,47,Male,97,174,76,Diabetic,0,1,0,1,2,6.7
15990,W,Gujarat,Navsari,62,Male,106,163,78,Diabetic,0,0,0,0,1,6.3
15991,W,Gujarat,Navsari,52,Female,98,149,60,Diabetic,1,0,0,0,4,11.3
15992,W,Gujarat,Navsari,65,Female,104,148,61,Diabetic,0,1,1,1,3,10
15993,W,Gujarat,Navsari,60,Female,85,156,62,Diabetic,0,0,0,0,1,8.4
15994,W,Gujarat,Navsari,60,Female,94,148,70,Diabetic,1,1,0,0,1,6.1
15995,W,Gujarat,Navsari,40,Female,100,151,59,Diabetic,0,0,0,0,1,10.2
15996,W,Gujarat,Navsari,60,Male,97,169,66,Diabetic,0,0,1,1,1,5.9
15997,S,Pondicherry,Pondicherry,45,Male,88,177,67,Diabetic,1,1,1,3,1,8.3
15998,W,Gujarat,Navsari,60,Male,113,167,86,Diabetic,0,0,0,0,2,8
15999,W,Gujarat,Navsari,58,Male,98,167,70,Diabetic,0,0,1,1,1,6.7
16000,W,Gujarat,Navsari,53,Male,115,165,85,Diabetic,0,0,0,0,2,8.2
16001,C,Chhattisgarh,Raipur,52,Male,88,172,59,Diabetic,0,0,0,0,1,9.2
16002,W,Gujarat,Navsari,63,Male,96,179,79,Diabetic,1,1,0,0,5,11.1
16003,W,Gujarat,Navsari,54,Male,91,162,75,Diabetic,0,0,0,0,2,5.9
16004,W,Gujarat,Navsari,58,Male,81,173,65,Diabetic,0,1,0,0,1,10.9
16005,W,Maharashtra,Nagpur,49,Male,60,167,65,Diabetic,1,1,2,6,1,6.7
16007,W,Gujarat,Surat,45,Male,94,167,59,Diabetic,1,0,3,0,1,10.5
16010,W,Gujarat,Surat,48,Male,106,178,81,Diabetic,0,0,0,0,1,7.9
16015,S,Tamil Nadu,Salem,62,Female,101,149,66,Diabetic,0,1,0,0,1,5.8
16020,S,Tamil Nadu,Madurai,39,Female,111,153,91,Diabetic,0,1,3,2,2,6.8
16022,S,Tamil Nadu,Madurai,57,Female,80,144,49,Diabetic,0,0,5,3,2,7
16023,S,Tamil Nadu,Madurai,43,Female,85,148,54,Diabetic,0,1,4,3,3,10.7
16024,W,Rajasthan,Ajmer,62,Female,95,172,71,Diabetic,0,0,0,0,3,6
16025,S,Tamil Nadu,Madurai,45,Female,104,157,91,Diabetic,1,1,6,6,2,8.6
16026,S,Tamil Nadu,Madurai,66,Female,76,150,58,Diabetic,0,1,0,0,1,11.7
16028,W,Rajasthan,Ajmer,42,Male,93,169,60,Diabetic,1,1,0,0,1,12.4
16029,W,Rajasthan,Ajmer,65,Male,135,171,104,Diabetic,0,0,6,0,1,7.8
16030,E,Orissa,Balasore,20,Female,81,146,80,Diabetic,1,0,2,1,1,5.9
16036,E,Orissa,Balasore,50,Male,92,122,48,Diabetic,1,0,2,1,1,5.6
16038,E,Orissa,Balasore,34,Female,87,153,50,Diabetic,1,0,2,2,2,8.7
16039,E,Orissa,Balasore,27,Female,87,153,55,Diabetic,1,0,2,2,2,5.1
16040,E,Orissa,Balasore,60,Female,87,156,56,Diabetic,0,1,2,2,2,5.8
16042,S,Karnataka,Bangalore,64,Male,97,172,64,Diabetic,0,0,1,1,2,6.7
16044,S,Andhra Pradesh,Visakhapatnam,62,Male,105,165,80,Diabetic,1,0,5,5,3,8.9
16045,E,Orissa,Balasore,56,Male,96,162,80,Diabetic,1,0,1,1,1,6.8
16047,E,Orissa,Balasore,43,Male,87,160,65,Diabetic,0,1,2,4,2,7.6
16049,E,Orissa,Balasore,50,Female,81,135,45,Diabetic,1,0,2,1,1,5.8
16059,S,Andhra Pradesh,Anantapur,60,Male,85,155,75,Diabetic,0,0,2,1,1,6
16069,S,Andhra Pradesh,Anantapur,47,Male,102,153,67,Diabetic,1,1,1,1,2,11
16070,W,Maharashtra,Ahmednagar,70,Male,92,158,65,Diabetic,0,0,6,6,1,6.1
16072,S,Andhra Pradesh,Anantapur,53,Male,80,156,77,Diabetic,0,0,0,6,1,11.8
16073,S,Karnataka,Bangalore,46,Female,91,157,76,Diabetic,0,1,0,0,5,6.8
16074,S,Andhra Pradesh,Anantapur,48,Male,95,153,62,Diabetic,0,1,2,0,2,7
16077,S,Andhra Pradesh,Anantapur,49,Female,70,169,75,Diabetic,0,0,1,1,1,5.6
16078,S,Andhra Pradesh,Anantapur,45,Female,88,153,66,Diabetic,0,0,0,0,1,5.4
16079,S,Andhra Pradesh,Anantapur,60,Female,85,165,65,Diabetic,1,1,3,1,2,10.9
16080,S,Andhra Pradesh,Anantapur,60,Female,80,158,53,Diabetic,0,0,0,3,1,7.1
16082,S,Karnataka,Bangalore,54,Male,102,179,81,Diabetic,0,1,1,5,2,5.8
16084,S,Andhra Pradesh,Anantapur,57,Male,85,155,84,Diabetic,0,0,1,2,1,7.8
16085,S,Andhra Pradesh,Anantapur,54,Female,80,150,60,Diabetic,0,0,1,1,1,8.3
16086,E,Orissa,Balasore,35,Female,87,149,60,Diabetic,0,1,3,2,2,5.5
16087,E,Orissa,Balasore,30,Female,91,165,79,Diabetic,0,0,4,3,1,4.7
16088,E,Orissa,Balasore,25,Female,87,156,69,Diabetic,0,1,3,2,2,4.8
16089,E,Orissa,Balasore,31,Male,94,154,52,Diabetic,0,1,3,1,2,5.4
16091,E,Orissa,Balasore,38,Female,87,149,50,Diabetic,0,1,3,2,3,4.9
16095,W,Maharashtra,Ahmednagar,49,Male,88,152,54,Diabetic,0,0,4,1,2,9.9
16096,S,Karnataka,Bangalore,48,Male,97,171,69,Diabetic,0,1,6,0,1,7
16097,W,Maharashtra,Ahmednagar,59,Female,102,150,70,Diabetic,1,1,2,0,3,9.7
16098,E,Orissa,Balasore,30,Female,87,155,50,Diabetic,0,1,4,3,2,4.5
16099,E,Orissa,Balasore,25,Female,85,153,50,Diabetic,0,1,2,3,1,4.2
16101,W,Maharashtra,Ahmednagar,70,Male,91,140,54,Diabetic,0,0,2,2,1,5.4
16105,W,Maharashtra,Ahmednagar,51,Female,102,162,74,Diabetic,0,0,2,2,1,6.2
16106,W,Maharashtra,Ahmednagar,43,Female,90,160,60,Diabetic,0,0,6,6,2,5.3
16107,E,Orissa,Balasore,50,Female,87,154,70,Diabetic,0,0,1,1,2,7.9
16108,W,Maharashtra,Ahmednagar,53,Female,99,165,70,Diabetic,0,0,6,3,2,5.5
16109,NW,Jammu And Kashmir,Jammu,48,Male,99,182,68,Diabetic,0,0,2,1,1,11
16111,C,Madhya Pradesh,Gwalior,46,Male,97,166,78,Diabetic,0,1,1,0,1,8.4
16113,E,Jharkhand,Hazaribag,56,Male,102,160,70,Diabetic,0,0,6,2,2,9.8
16114,E,Jharkhand,Hazaribag,58,Male,107,170,80,Diabetic,1,0,0,0,1,7.2
16117,E,West Bengal,Bardhaman,59,Male,93,167,59,Diabetic,1,1,6,1,1,5.9
16119,S,Karnataka,Bangalore,48,Male,100,169,74,Diabetic,1,0,0,0,3,6.7
16120,NW,Jammu And Kashmir,Jammu,74,Male,104,158,69,Diabetic,0,0,0,0,2,7.4
16121,E,West Bengal,Bankura,53,Male,73,165,57,Diabetic,0,0,0,0,1,6.2
16130,E,West Bengal,Bankura,55,Female,92,130,41,Diabetic,0,0,1,0,1,10.8
16131,E,West Bengal,Bankura,47,Male,80,166,80,Diabetic,0,0,0,0,1,8.6
16133,E,West Bengal,Bankura,58,Male,81,158,56,Diabetic,0,0,2,0,1,6.8
16134,C,Madhya Pradesh,Bhopal,39,Male,94,175,73,Diabetic,0,0,3,3,2,8
16136,NW,Jammu And Kashmir,Jammu,65,Female,110,160,60,Diabetic,0,0,0,0,2,5.8
16137,C,Madhya Pradesh,Gwalior,51,Female,81,151,58,Diabetic,0,0,0,0,3,5.2
16138,S,Karnataka,Bangalore,61,Male,100,167,76,Diabetic,0,0,6,6,4,6.4
16141,E,Jharkhand,Hazaribag,54,Male,97,170,65,Diabetic,0,0,1,0,1,6.1
16142,C,Madhya Pradesh,Bhopal,48,Female,95,155,64,Diabetic,0,1,0,0,4,5.8
16144,S,Karnataka,Bangalore,50,Female,99,156,65,Diabetic,1,0,0,0,2,11.3
16147,NW,Jammu And Kashmir,Jammu,52,Male,101,153,83,Diabetic,0,0,0,0,1,12.9
16148,C,Madhya Pradesh,Bhopal,70,Male,86,156,64,Diabetic,1,0,0,0,1,6
16153,C,Madhya Pradesh,Bhopal,42,Male,109,165,76,Diabetic,0,0,6,6,1,12.4
16155,S,Karnataka,Bangalore,46,Male,77,172,67,Diabetic,1,0,6,0,1,7.9
16166,S,Tamil Nadu,Kanchipuram,63,Male,103,167,72,Diabetic,0,0,2,2,1,9
16168,NW,Jammu And Kashmir,Kathua,57,Male,104,162,72,Diabetic,0,0,0,0,2,9.1
16169,S,Tamil Nadu,Madurai,53,Male,97,164,65,Diabetic,1,0,0,0,4,9.9
16170,W,Maharashtra,Nagpur,57,Male,95,178,90,Diabetic,1,0,2,0,1,6.9
16171,W,Rajasthan,Nagaur,50,Female,98,158,60,Diabetic,0,0,0,0,4,13.4
16172,NW,Jammu And Kashmir,Kulgam,51,Female,88,156,65,Diabetic,0,0,0,0,4,5
16175,S,Tamil Nadu,Kanchipuram,65,Male,103,164,77,Diabetic,0,0,0,0,1,9.2
16176,S,Tamil Nadu,Kanchipuram,60,Female,96,149,63,Diabetic,0,0,0,1,2,6.2
16177,NW,Jammu And Kashmir,Kathua,63,Male,90,163,61,Diabetic,0,0,6,0,2,9.6
16179,W,Rajasthan,Nagaur,60,Female,104,145,64,Diabetic,0,0,0,0,4,5.8
16180,S,Tamil Nadu,Kanchipuram,47,Female,81,154,61,Diabetic,0,0,1,1,1,6.5
16182,S,Tamil Nadu,Kanchipuram,50,Male,85,170,59,Diabetic,0,0,5,0,1,5.4
16184,W,Maharashtra,Nagpur,60,Female,89,152,63,Diabetic,1,0,4,4,3,6.5
16185,W,Maharashtra,Nagpur,53,Male,85,170,70,Diabetic,0,1,3,3,3,10
16192,S,Tamil Nadu,Madurai,40,Female,106,156,80,Diabetic,0,1,3,1,3,9.5
16195,S,Andhra Pradesh,Visakhapatnam,39,Male,87,169,70,Diabetic,1,1,5,2,1,6
16197,C,Madhya Pradesh,Ujjain,57,Female,106,152,67,Diabetic,0,1,0,0,2,10.7
16200,W,Maharashtra,Thane,58,Male,90,167,80,Diabetic,0,0,0,0,1,7.3
16204,N,Delhi,West Delhi,52,Male,115,165,85,Diabetic,0,0,2,2,2,5.1
16205,S,Andhra Pradesh,Visakhapatnam,68,Male,86,158,57,Diabetic,1,0,3,1,2,8.1
16206,S,Andhra Pradesh,Visakhapatnam,45,Female,95,144,52,Diabetic,0,0,3,0,2,8.5
16207,S,Andhra Pradesh,Visakhapatnam,40,Female,80,152,58,Diabetic,0,0,3,2,3,8.8
16210,S,Andhra Pradesh,Visakhapatnam,48,Female,75,155,55,Diabetic,1,1,3,2,2,7
16211,S,Andhra Pradesh,Visakhapatnam,30,Female,70,150,90,Diabetic,1,1,3,2,2,5.8
16213,S,Andhra Pradesh,Visakhapatnam,48,Male,89,168,69,Diabetic,1,0,2,4,3,8
16214,S,Andhra Pradesh,Visakhapatnam,60,Female,93,170,80,Diabetic,0,1,0,0,3,6.8
16216,S,Andhra Pradesh,Visakhapatnam,40,Male,90,154,63,Diabetic,1,1,4,2,3,11
16219,S,Pondicherry,Pondicherry,71,Male,99,169,72,Diabetic,0,0,4,0,1,7.1
16220,S,Pondicherry,Pondicherry,60,Female,92,153,64,Diabetic,1,1,0,0,1,10.8
16222,S,Pondicherry,Pondicherry,41,Male,93,153,63,Diabetic,1,0,0,0,1,6.9
16224,W,Gujarat,Navsari,70,Male,107,167,75,Diabetic,0,1,0,0,4,6
16225,S,Pondicherry,Pondicherry,66,Female,88,141,48,Diabetic,0,0,1,1,1,5.7
16226,S,Pondicherry,Pondicherry,50,Male,99,161,80,Diabetic,0,0,6,0,3,5.9
16227,S,Pondicherry,Pondicherry,51,Male,102,170,78,Diabetic,0,0,0,0,6,6.4
16228,S,Pondicherry,Pondicherry,57,Male,118,168,94,Diabetic,0,0,6,0,1,7.7
16230,W,Gujarat,Navsari,70,Female,88,152,68,Diabetic,0,0,0,0,2,13.6
16231,W,Gujarat,Navsari,65,Female,104,153,93,Diabetic,0,0,0,0,1,12.3
16233,S,Pondicherry,Pondicherry,48,Female,76,153,59,Diabetic,0,1,6,1,2,9.4
16234,S,Tamil Nadu,Namakkal,60,Female,76,152,45,Diabetic,0,0,2,3,3,5.8
16236,W,Gujarat,Navsari,62,Male,109,175,80,Diabetic,0,0,1,0,1,7.5
16238,S,Pondicherry,Pondicherry,41,Female,105,156,65,Diabetic,1,1,0,0,1,6.1
16241,S,Pondicherry,Pondicherry,48,Male,100,170,73,Diabetic,0,0,0,0,1,6.5
16242,S,Pondicherry,Pondicherry,57,Male,90,165,73,Diabetic,1,0,6,0,2,6.1
16247,S,Pondicherry,Pondicherry,67,Male,84,169,59,Diabetic,0,1,6,3,1,7.2
16251,N,Haryana,Panchkula,41,Female,88,149,61,Diabetic,0,1,6,0,1,5.6
16253,S,Pondicherry,Pondicherry,52,Male,97,170,74,Diabetic,0,0,6,6,3,9.3
16257,S,Pondicherry,Pondicherry,52,Female,111,156,71,Diabetic,0,0,1,1,5,9.7
16258,W,Gujarat,Navsari,66,Male,86,158,57,Diabetic,0,0,0,0,1,9
16259,W,Gujarat,Navsari,53,Female,92,157,70,Diabetic,0,0,1,0,1,7.7
16260,W,Gujarat,Navsari,58,Male,116,167,94,Diabetic,1,1,0,0,2,5.9
16261,S,Pondicherry,Pondicherry,54,Female,102,144,68,Diabetic,1,1,6,6,1,6.9
16262,S,Pondicherry,Pondicherry,37,Female,97,158,81,Diabetic,1,0,0,6,1,5.4
16263,W,Gujarat,Navsari,50,Female,107,163,79,Diabetic,1,1,0,0,2,11.6
16266,S,Pondicherry,Pondicherry,55,Female,96,156,63,Diabetic,1,0,0,0,2,7.4
16267,W,Gujarat,Navsari,57,Male,90,167,68,Diabetic,0,0,0,0,1,7.6
16268,S,Pondicherry,Pondicherry,55,Male,91,167,60,Diabetic,0,0,2,2,6,9.3
16269,S,Pondicherry,Pondicherry,50,Male,93,150,60,Diabetic,0,0,0,0,3,6
16271,W,Gujarat,Navsari,44,Female,112,155,75,Diabetic,0,1,0,0,1,12.6
16273,S,Pondicherry,Pondicherry,42,Male,89,172,64,Diabetic,1,1,3,0,1,9.2
16274,S,Pondicherry,Pondicherry,43,Male,96,173,76,Diabetic,1,0,0,0,4,7
16275,W,Gujarat,Navsari,50,Male,110,177,87,Diabetic,0,0,0,0,1,11.5
16276,S,Pondicherry,Pondicherry,65,Female,85,152,52,Diabetic,0,0,0,3,3,7.9
16277,S,Pondicherry,Pondicherry,69,Male,108,158,81,Diabetic,0,0,3,2,1,7.4
16278,W,Gujarat,Navsari,63,Female,91,149,59,Diabetic,0,1,0,0,1,7
16279,W,Gujarat,Navsari,75,Male,101,170,75,Diabetic,0,1,0,0,3,10.6
16281,E,Bihar,Patna,35,Male,88,160,52,Diabetic,0,0,1,1,1,4.9
16284,W,Gujarat,Navsari,63,Male,100,172,79,Diabetic,1,0,1,3,1,8.4
16285,W,Gujarat,Navsari,52,Female,93,157,67,Diabetic,1,0,0,0,3,7.4
16286,S,Pondicherry,Pondicherry,64,Female,88,153,52,Diabetic,0,0,0,0,1,6.5
16287,S,Pondicherry,Pondicherry,53,Female,99,152,59,Diabetic,1,0,3,0,1,10.4
16291,S,Pondicherry,Pondicherry,69,Male,90,161,65,Diabetic,1,1,2,4,1,7.4
16292,S,Pondicherry,Pondicherry,51,Male,100,167,85,Diabetic,0,0,6,5,4,9.9
16294,S,Pondicherry,Pondicherry,56,Female,64,176,64,Diabetic,0,1,0,3,1,7
16295,S,Pondicherry,Pondicherry,50,Male,80,160,46,Diabetic,0,0,6,6,2,11.3
16297,N,Haryana,Panchkula,46,Male,97,194,80,Diabetic,0,0,0,0,1,5.2
16298,S,Andaman And Nicobar,Port Blair,60,Female,104,143,41,Diabetic,0,0,0,0,1,6.2
16299,S,Pondicherry,Pondicherry,59,Female,97,153,76,Diabetic,0,0,6,1,3,7.9
16300,S,Pondicherry,Pondicherry,38,Male,80,169,57,Diabetic,0,1,2,2,4,11.7
16302,W,Gujarat,Navsari,65,Female,85,145,59,Diabetic,0,0,0,0,4,12.6
16303,S,Pondicherry,Pondicherry,62,Male,97,164,75,Diabetic,0,0,6,1,5,6.3
16305,W,Maharashtra,Nagpur,60,Male,100,170,70,Diabetic,0,0,2,2,4,7
16307,S,Pondicherry,Pondicherry,58,Male,98,166,65,Diabetic,0,0,0,0,1,8
16308,S,Pondicherry,Pondicherry,57,Male,89,173,61,Diabetic,0,1,0,0,1,10.4
16310,S,Pondicherry,Pondicherry,67,Male,84,162,54,Diabetic,1,0,4,0,1,8
16311,W,Gujarat,Navsari,51,Male,95,176,73,Diabetic,0,0,0,0,3,10.6
16314,S,Pondicherry,Pondicherry,50,Female,64,158,55,Diabetic,1,1,1,0,3,5.9
16315,W,Gujarat,Navsari,44,Female,107,150,86,Diabetic,1,0,0,0,1,8.5
16317,S,Pondicherry,Pondicherry,52,Male,81,160,56,Diabetic,0,1,0,0,1,6.8
16319,S,Pondicherry,Pondicherry,40,Male,111,178,102,Diabetic,1,0,0,6,3,8.8
16320,S,Pondicherry,Pondicherry,53,Male,78,163,65,Diabetic,0,0,0,0,1,6.4
16321,S,Pondicherry,Pondicherry,65,Female,133,163,92,Diabetic,0,0,6,6,1,6.5
16322,S,Pondicherry,Pondicherry,40,Male,105,172,84,Diabetic,0,0,1,0,3,9.4
16323,S,Pondicherry,Pondicherry,39,Male,83,166,58,Diabetic,1,1,6,3,4,13.7
16325,S,Pondicherry,Pondicherry,46,Female,94,167,60,Diabetic,1,0,1,1,1,5.4
16327,S,Pondicherry,Pondicherry,57,Female,72,158,60,Diabetic,0,0,0,0,1,5.3
16329,N,Haryana,Panchkula,33,Male,89,157,65,Diabetic,0,0,0,0,1,13
16331,S,Pondicherry,Pondicherry,62,Female,106,153,65,Diabetic,0,0,0,0,3,12.3
16334,W,Gujarat,Surat,53,Female,95,149,65,Diabetic,0,0,0,0,6,6.4
16335,W,Gujarat,Surat,52,Male,60,165,66,Diabetic,0,1,1,0,2,10.6
16336,E,Jharkhand,Ranchi,69,Male,107,162,73,Diabetic,1,1,4,0,1,8.4
16338,W,Gujarat,Surat,62,Male,118,168,105,Diabetic,0,0,0,0,1,10
16339,W,Gujarat,Surat,47,Male,105,156,80,Diabetic,1,0,0,0,1,5.8
16340,S,Tamil Nadu,Salem,54,Female,110,153,62,Diabetic,0,0,2,0,1,6
16343,NW,Jammu And Kashmir,Samba,45,Female,88,150,58,Diabetic,0,0,1,2,2,6
16346,C,Madhya Pradesh,Raisen,49,Male,96,166,65,Diabetic,1,1,0,0,1,6.4
16348,S,Tamil Nadu,Salem,55,Female,87,144,44,Diabetic,0,1,6,0,1,5.7
16349,S,Tamil Nadu,Salem,39,Female,124,164,88,Diabetic,1,1,0,0,4,5.5
16350,S,Tamil Nadu,Salem,59,Male,102,164,69,Diabetic,0,1,0,0,1,6.1
16352,C,Madhya Pradesh,Raisen,40,Female,79,152,45,Diabetic,0,0,0,0,3,5.2
16353,S,Tamil Nadu,Salem,55,Female,87,155,52,Diabetic,0,0,0,0,1,11.2
16356,S,Andhra Pradesh,Visakhapatnam,45,Female,101,149,72,Diabetic,1,0,5,5,3,5.8
16359,S,Andhra Pradesh,Visakhapatnam,60,Female,96,145,50,Diabetic,0,0,5,5,3,6.5
16361,S,Andhra Pradesh,Visakhapatnam,58,Female,97,142,62,Diabetic,0,0,2,2,1,6.8
16362,S,Andhra Pradesh,Visakhapatnam,59,Male,95,157,72,Diabetic,1,0,5,5,3,6.6
16363,S,Andhra Pradesh,Visakhapatnam,50,Male,88,162,60,Diabetic,1,1,0,0,4,9.8
16367,S,Karnataka,Bangalore,59,Male,90,157,76,Diabetic,0,0,1,3,3,10
16371,S,Pondicherry,Pondicherry,29,Female,76,159,53,Diabetic,0,0,6,5,1,12.3
16373,E,Orissa,Balasore,35,Female,87,155,55,Diabetic,1,0,1,4,2,4.2
16374,E,Orissa,Balasore,54,Female,87,156,60,Diabetic,1,0,2,2,2,10.8
16376,E,Orissa,Balasore,53,Male,81,168,60,Diabetic,1,0,2,1,1,5.3
16377,S,Karnataka,Bangalore,49,Female,70,156,56,Diabetic,0,1,3,1,1,12.8
16378,E,Orissa,Balasore,40,Male,82,160,60,Diabetic,1,0,1,2,1,5.8
16379,E,Orissa,Balasore,46,Male,82,150,60,Diabetic,1,0,3,2,1,5
16381,S,Andhra Pradesh,Anantapur,44,Female,85,155,65,Diabetic,0,0,2,2,1,5.2
16382,E,Orissa,Balasore,52,Female,79,149,52,Diabetic,1,0,2,3,3,5.9
16386,S,Andhra Pradesh,Anantapur,50,Female,80,150,60,Diabetic,0,0,1,1,1,5.2
16387,S,Andhra Pradesh,Anantapur,40,Male,85,155,75,Diabetic,0,0,2,1,1,5.7
16392,S,Andhra Pradesh,Anantapur,60,Female,84,158,78,Diabetic,0,0,2,0,1,12.7
16395,S,Karnataka,Bangalore,71,Female,121,151,85,Diabetic,1,1,0,0,1,5.7
16398,S,Karnataka,Bangalore,60,Male,91,158,59,Diabetic,1,1,6,0,1,6.9
16399,S,Karnataka,Bangalore,52,Male,107,168,77,Diabetic,0,0,6,4,3,7.3
16400,S,Karnataka,Bangalore,52,Male,94,175,73,Diabetic,1,0,6,0,1,11.1
16403,S,Andhra Pradesh,Anantapur,50,Female,75,159,70,Diabetic,1,1,3,2,3,5.6
16406,S,Andhra Pradesh,Anantapur,61,Female,80,160,60,Diabetic,1,1,1,1,3,8
16412,S,Andhra Pradesh,Anantapur,44,Female,80,152,93,Diabetic,0,0,4,0,3,7.2
16413,S,Andhra Pradesh,Anantapur,45,Male,83,155,75,Diabetic,0,1,2,2,2,6.2
16415,NE,Manipur,Imphal West,66,Female,92,150,54,Diabetic,0,0,5,4,3,9.2
16416,S,Karnataka,Bangalore,64,Male,106,169,85,Diabetic,0,0,6,0,1,9.6
16419,E,West Bengal,Bankura,63,Male,97,169,60,Diabetic,0,0,6,4,4,11.3
16420,E,West Bengal,Bankura,65,Male,80,164,57,Diabetic,0,0,4,2,1,8.7
16421,E,Orissa,Bargarh,51,Male,85,155,56,Diabetic,0,0,1,1,1,12.4
16422,E,West Bengal,Bankura,39,Male,91,164,70,Diabetic,0,0,2,5,3,6.7
16423,C,Madhya Pradesh,Bhopal,40,Male,91,170,58,Diabetic,1,1,0,0,1,12.1
16425,NE,Manipur,Imphal West,61,Female,91,165,57,Diabetic,0,0,6,0,3,9.5
16426,C,Madhya Pradesh,Bhopal,46,Male,94,165,65,Diabetic,0,0,0,0,1,6.3
16427,C,Madhya Pradesh,Bhopal,45,Female,110,156,71,Diabetic,0,0,0,0,1,11.1
16428,C,Madhya Pradesh,Bhopal,52,Male,84,158,68,Diabetic,0,0,0,0,2,9.7
16429,E,West Bengal,Bankura,50,Female,77,155,43,Diabetic,0,0,6,2,6,7.5
16431,NE,Manipur,Imphal West,53,Female,107,151,69,Diabetic,0,0,4,4,1,7.5
16433,C,Madhya Pradesh,Gwalior,56,Male,99,161,67,Diabetic,0,0,6,6,6,7.8
16434,NE,Assam,Jorhat,38,Female,78,150,62,Diabetic,0,1,4,0,2,6
16436,NW,Jammu And Kashmir,Jammu,38,Male,85,172,79,Diabetic,0,1,2,1,4,14.2
16437,C,Madhya Pradesh,Bhopal,45,Female,92,145,50,Diabetic,0,1,6,6,6,5.3
16439,C,Madhya Pradesh,Gwalior,56,Male,87,164,65,Diabetic,0,1,0,0,2,6.6
16440,E,West Bengal,Bankura,57,Male,85,176,67,Diabetic,0,0,5,5,1,6.9
16444,S,Karnataka,Bangalore,51,Male,99,168,75,Diabetic,1,1,6,0,1,5.6
16445,S,Karnataka,Bangalore,50,Male,86,173,65,Diabetic,0,0,6,0,1,5.4
16446,E,Jharkhand,Hazaribag,58,Male,102,165,80,Diabetic,0,0,1,1,6,5.4
16452,S,Karnataka,Bangalore,52,Male,91,172,66,Diabetic,1,1,2,2,2,9.4
16453,E,Jharkhand,Hazaribag,59,Male,111,165,83,Diabetic,0,0,0,0,2,5.8
16456,E,West Bengal,Bankura,50,Male,69,166,50,Diabetic,0,0,6,5,2,8.4
16458,NW,Jammu And Kashmir,Kulgam,49,Male,60,169,74,Diabetic,0,0,0,0,4,9.6
16459,W,Rajasthan,Nagaur,50,Female,106,167,74,Diabetic,0,0,0,0,3,5.4
16460,S,Tamil Nadu,Kanchipuram,72,Female,72,145,45,Diabetic,0,0,0,0,1,7.7
16461,S,Tamil Nadu,Kanchipuram,40,Male,91,163,70,Diabetic,0,0,6,0,2,10.5
16464,S,Tamil Nadu,Kanchipuram,65,Female,82,157,55,Diabetic,0,0,0,0,1,5.8
16465,S,Tamil Nadu,Kanchipuram,47,Male,91,167,91,Diabetic,0,0,6,6,2,10.6
16466,S,Tamil Nadu,Kanchipuram,60,Female,90,157,66,Diabetic,0,0,1,2,1,6.5
16467,S,Tamil Nadu,Kanchipuram,48,Female,96,153,75,Diabetic,0,0,0,0,1,4.6
16468,NW,Jammu And Kashmir,Kathua,59,Male,120,158,80,Diabetic,0,0,3,2,1,5.7
16469,S,Tamil Nadu,Madurai,51,Female,83,139,50,Diabetic,0,0,0,1,3,5.9
16470,W,Maharashtra,Nagpur,46,Male,70,158,55,Diabetic,1,1,4,4,2,10.7
16472,W,Maharashtra,Thane,59,Male,106,150,85,Diabetic,0,0,6,0,1,7.4
16474,S,Andhra Pradesh,Visakhapatnam,62,Female,80,159,48,Diabetic,0,0,3,3,5,6.7
16477,N,Delhi,West Delhi,52,Male,94,171,76,Diabetic,0,0,3,3,2,5.9
16479,W,Maharashtra,Thane,39,Male,100,176,80,Diabetic,1,1,0,0,4,6.8
16480,N,Delhi,West Delhi,45,Male,85,173,55,Diabetic,0,0,3,1,1,5.4
16482,S,Andhra Pradesh,Visakhapatnam,51,Male,80,140,80,Diabetic,0,0,2,3,4,6.3
16483,S,Andhra Pradesh,Visakhapatnam,60,Male,85,140,80,Diabetic,1,1,2,3,4,6.8
16486,W,Maharashtra,Nagpur,60,Male,97,164,85,Diabetic,0,1,0,0,1,7
16488,S,Pondicherry,Pondicherry,57,Female,99,150,58,Diabetic,0,0,0,0,1,9.4
16490,S,Pondicherry,Pondicherry,47,Male,101,169,80,Diabetic,0,0,6,0,3,5.8
16491,S,Pondicherry,Pondicherry,57,Male,108,181,89,Diabetic,0,0,6,1,3,5.7
16492,W,Maharashtra,Nagpur,60,Male,85,175,70,Diabetic,0,0,0,0,1,6
16494,S,Pondicherry,Pondicherry,44,Female,82,159,62,Diabetic,0,1,1,2,1,5.9
16495,S,Pondicherry,Pondicherry,29,Female,99,157,70,Diabetic,0,1,0,0,1,8.6
16497,W,Gujarat,Navsari,60,Female,98,148,63,Diabetic,0,0,0,0,2,7.9
16498,W,Gujarat,Navsari,71,Male,102,167,75,Diabetic,0,0,1,0,1,9.1
16500,S,Pondicherry,Pondicherry,52,Female,104,156,73,Diabetic,1,1,6,6,3,5.5
16501,S,Pondicherry,Pondicherry,50,Female,99,152,76,Diabetic,0,0,2,0,2,7
16503,S,Andaman And Nicobar,Port Blair,23,Male,90,177,75,Diabetic,1,0,0,0,3,5.8
16505,S,Pondicherry,Pondicherry,39,Female,121,161,82,Diabetic,0,1,0,0,3,6.3
16508,S,Pondicherry,Pondicherry,37,Male,95,162,68,Diabetic,0,1,6,1,3,10.3
16510,W,Gujarat,Navsari,60,Male,101,155,69,Diabetic,0,0,0,0,1,6.4
16511,S,Pondicherry,Pondicherry,48,Female,116,150,86,Diabetic,0,0,1,6,3,7.7
16514,W,Maharashtra,Nagpur,56,Male,103,161,69,Diabetic,1,0,4,0,2,10.7
16516,S,Pondicherry,Pondicherry,65,Female,110,148,70,Diabetic,0,0,6,0,2,10.8
16517,S,Pondicherry,Pondicherry,37,Female,90,160,55,Diabetic,1,0,2,0,3,4.9
16520,W,Gujarat,Navsari,70,Female,97,137,62,Diabetic,0,0,0,0,2,7.9
16521,S,Pondicherry,Pondicherry,64,Male,103,165,88,Diabetic,0,0,0,0,1,8.3
16522,S,Pondicherry,Pondicherry,45,Male,99,165,70,Diabetic,0,0,2,1,1,7
16524,S,Andaman And Nicobar,Port Blair,42,Female,110,165,59,Diabetic,0,0,0,3,1,5.2
16526,S,Pondicherry,Pondicherry,55,Male,83,161,50,Diabetic,0,0,1,0,4,9.3
16527,W,Gujarat,Navsari,40,Male,110,157,81,Diabetic,0,0,3,0,1,6.8
16529,S,Pondicherry,Pondicherry,29,Female,98,166,58,Diabetic,0,0,6,0,1,9.2
16530,W,Maharashtra,Nagpur,60,Female,110,161,70,Diabetic,0,0,2,2,2,6
16531,W,Gujarat,Navsari,66,Female,88,147,60,Diabetic,0,1,0,0,1,6
16534,E,Jharkhand,Ranchi,50,Male,100,155,64,Diabetic,0,1,1,2,2,10.1
16535,S,Tamil Nadu,Salem,59,Male,102,174,89,Diabetic,0,0,0,0,4,5.3
16536,S,Tamil Nadu,Salem,57,Male,107,165,95,Diabetic,1,0,0,0,1,9.7
16537,S,Tamil Nadu,Salem,62,Male,98,165,89,Diabetic,0,0,6,0,1,7.3
16538,S,Tamil Nadu,Salem,48,Female,98,143,60,Diabetic,0,0,1,0,1,5.3
16539,W,Gujarat,Surat,44,Male,95,176,69,Diabetic,0,1,3,0,2,11.1
16542,E,Jharkhand,Ranchi,40,Female,99,145,49,Diabetic,0,0,4,4,5,5.1
16544,C,Madhya Pradesh,Raisen,60,Male,97,158,53,Diabetic,1,1,0,0,1,8.2
16546,C,Chhattisgarh,Raipur,42,Male,76,169,51,Diabetic,0,0,0,0,4,4.3
16551,S,Andhra Pradesh,Anantapur,59,Female,85,152,53,Diabetic,0,0,1,1,1,6.8
16555,W,Rajasthan,Ajmer,32,Male,86,168,68,Diabetic,0,1,0,0,1,8.7
16557,W,Rajasthan,Ajmer,62,Male,86,151,54,Diabetic,0,0,1,0,1,5.6
16558,W,Maharashtra,Ahmednagar,52,Male,87,168,62,Diabetic,1,0,2,3,1,10.7
16559,S,Andhra Pradesh,Visakhapatnam,38,Male,108,165,89,Diabetic,0,0,1,1,4,5.6
16560,W,Rajasthan,Ajmer,70,Male,110,176,91,Diabetic,1,0,0,0,2,8.3
16567,S,Karnataka,Bangalore,44,Male,99,170,76,Diabetic,0,0,0,0,6,11.9
16580,E,Orissa,Balasore,30,Male,78,150,52,Diabetic,1,0,3,2,4,5.9
16583,E,Orissa,Balasore,30,Female,85,153,50,Diabetic,0,1,3,2,1,4.4
16585,E,Orissa,Balasore,54,Male,82,162,65,Diabetic,0,1,3,1,2,5.7
16586,E,Orissa,Balasore,45,Male,87,160,60,Diabetic,0,1,3,2,2,7.1
16590,E,Orissa,Balasore,41,Female,87,149,60,Diabetic,1,0,4,1,3,5
16591,S,Karnataka,Bangalore,57,Male,93,146,72,Diabetic,0,0,3,0,1,5.6
16592,E,Orissa,Balasore,46,Female,75,161,60,Diabetic,1,1,0,3,2,5
16593,W,Rajasthan,Ajmer,69,Male,116,164,95,Diabetic,1,1,0,0,5,5.4
16596,S,Andhra Pradesh,Anantapur,59,Male,89,155,71,Diabetic,0,0,0,0,1,10.8
16600,S,Karnataka,Dakshina Kannada,64,Male,107,175,87,Diabetic,0,0,5,5,2,8.1
16602,S,Andhra Pradesh,Anantapur,45,Male,85,155,75,Diabetic,0,0,1,2,1,5.4
16605,S,Andhra Pradesh,Anantapur,40,Male,84,159,72,Diabetic,0,0,2,1,1,5.1
16611,NE,Manipur,Imphal West,60,Female,107,151,73,Diabetic,0,0,2,2,1,5.7
16612,C,Madhya Pradesh,Gwalior,63,Male,97,170,70,Diabetic,0,0,2,4,4,10.4
16613,N,Chandigarh,Chandigarh,61,Female,103,147,62,Diabetic,0,1,0,1,3,6.6
16618,N,Chandigarh,Chandigarh,48,Female,110,156,81,Diabetic,0,1,2,0,1,6.2
16619,C,Madhya Pradesh,Gwalior,64,Male,88,158,59,Diabetic,0,0,0,0,4,8.4
16623,C,Madhya Pradesh,Bhopal,69,Male,93,154,80,Diabetic,1,0,0,0,1,6.2
16625,N,Chandigarh,Chandigarh,56,Female,85,158,65,Diabetic,0,0,0,0,1,6.8
16627,E,West Bengal,Bardhaman,58,Male,74,161,55,Diabetic,0,0,0,0,1,5.6
16628,C,Madhya Pradesh,Gwalior,61,Female,101,146,67,Diabetic,0,0,0,0,3,9.1
16630,NE,Assam,Dibrugarh,50,Male,100,156,71,Diabetic,0,0,5,1,2,7.3
16631,S,Karnataka,Dakshina Kannada,38,Male,116,171,109,Diabetic,0,1,5,0,1,12.3
16634,S,Karnataka,Bangalore,66,Male,88,174,73,Diabetic,0,0,0,0,1,8.9
16635,N,Chandigarh,Chandigarh,43,Female,110,162,75,Diabetic,0,0,1,6,6,4.9
16638,N,Uttarakhand,Dehradun,48,Male,85,163,66,Diabetic,0,0,2,0,3,7.6
16640,C,Madhya Pradesh,Bhopal,20,Male,79,164,47,Diabetic,0,0,0,0,5,12.7
16641,NW,Jammu And Kashmir,Jammu,65,Female,96,158,73,Diabetic,0,0,0,0,1,9.5
16643,S,Karnataka,Bangalore,36,Male,97,174,79,Diabetic,0,0,0,0,1,7
16645,E,West Bengal,Bankura,64,Male,89,160,68,Diabetic,0,0,6,6,4,8.7
16647,N,Chandigarh,Chandigarh,38,Male,102,174,74,Diabetic,0,1,5,4,4,11.7
16650,NW,Jammu And Kashmir,Kathua,62,Male,97,160,62,Diabetic,0,0,0,0,2,5.6
16654,S,Tamil Nadu,Kanchipuram,58,Male,82,162,49,Diabetic,0,0,0,0,1,6.4
16657,S,Tamil Nadu,Kanchipuram,59,Female,90,141,56,Diabetic,0,1,0,2,1,6
16658,S,Tamil Nadu,Kanchipuram,63,Female,98,148,66,Diabetic,0,0,0,2,1,7.9
16659,S,Tamil Nadu,Kanchipuram,54,Female,91,152,64,Diabetic,1,0,2,1,1,10.4
16660,S,Tamil Nadu,Madurai,34,Male,92,161,70,Diabetic,1,0,1,0,1,9.7
16661,S,Tamil Nadu,Madurai,61,Female,106,154,80,Diabetic,0,0,0,0,1,9.4
16663,NE,Assam,Kamrup,45,Male,84,155,58,Diabetic,0,0,0,0,1,4.7
16664,S,Tamil Nadu,Kanchipuram,45,Male,90,155,55,Diabetic,0,1,0,1,4,7
16665,S,Tamil Nadu,Kanchipuram,38,Female,75,146,45,Diabetic,0,0,0,0,6,9.4
16667,S,Tamil Nadu,Kanchipuram,43,Female,82,158,58,Diabetic,0,1,1,0,1,9.5
16669,NW,Jammu And Kashmir,Kathua,57,Male,88,175,70,Diabetic,1,1,1,1,3,7.8
16671,W,Maharashtra,Thane,58,Male,110,157,85,Diabetic,0,0,0,0,1,7.1
16675,S,Andhra Pradesh,Visakhapatnam,21,Female,80,160,59,Diabetic,0,0,1,3,2,10.6
16676,S,Andhra Pradesh,Visakhapatnam,65,Male,88,165,62,Diabetic,0,0,1,1,1,5.5
16677,W,Gujarat,Navsari,53,Male,81,167,56,Diabetic,0,0,0,0,1,10.8
16681,S,Pondicherry,Pondicherry,57,Female,104,158,76,Diabetic,1,1,3,0,2,5.8
16683,W,Gujarat,Navsari,37,Male,95,170,71,Diabetic,0,0,0,0,1,10.3
16684,N,Haryana,Panchkula,53,Male,89,156,60,Diabetic,0,0,6,6,5,7.8
16685,S,Pondicherry,Pondicherry,46,Male,99,164,72,Diabetic,0,0,6,0,3,5.6
16686,W,Gujarat,Navsari,65,Male,108,166,80,Diabetic,0,0,1,1,2,8.2
16687,W,Gujarat,Navsari,63,Male,91,162,67,Diabetic,0,0,1,1,2,7.8
16688,S,Pondicherry,Pondicherry,55,Male,89,168,89,Diabetic,1,0,1,1,1,6.7
16690,S,Pondicherry,Pondicherry,58,Male,80,159,59,Diabetic,1,0,0,0,2,8.4
16691,S,Pondicherry,Pondicherry,63,Male,90,162,62,Diabetic,1,1,3,2,2,8.1
16692,S,Andaman And Nicobar,Port Blair,52,Male,70,162,62,Diabetic,0,0,0,0,2,14.9
16693,S,Pondicherry,Pondicherry,42,Female,94,155,64,Diabetic,1,0,6,0,1,9
16694,N,Haryana,Panchkula,70,Male,105,155,70,Diabetic,0,0,0,0,1,6.1
16695,S,Pondicherry,Pondicherry,44,Male,82,171,62,Diabetic,0,1,0,0,3,6.4
16698,W,Gujarat,Navsari,60,Male,93,175,67,Diabetic,0,0,0,0,1,9.4
16699,W,Gujarat,Navsari,56,Male,106,171,83,Diabetic,0,1,6,6,5,9.2
16700,W,Gujarat,Navsari,65,Female,96,157,69,Diabetic,0,0,1,1,2,8.7
16701,S,Pondicherry,Pondicherry,54,Male,85,167,65,Diabetic,0,0,0,0,1,6.2
16702,W,Gujarat,Navsari,52,Male,94,167,71,Diabetic,0,0,6,6,1,7.5
16703,N,Haryana,Panchkula,47,Male,141,171,120,Diabetic,1,0,0,0,4,4.5
16704,W,Gujarat,Navsari,50,Female,100,148,69,Diabetic,1,1,6,6,2,8.1
16705,W,Gujarat,Navsari,53,Male,101,162,66,Diabetic,0,0,0,0,2,9.4
16706,S,Pondicherry,Pondicherry,57,Male,70,165,50,Diabetic,0,0,2,0,1,7.6
16707,W,Maharashtra,Nagpur,56,Male,100,170,70,Diabetic,0,0,4,5,1,8.4
16709,N,Haryana,Panchkula,64,Male,100,170,71,Diabetic,0,0,0,0,1,6
16710,S,Pondicherry,Pondicherry,50,Male,91,173,69,Diabetic,0,0,0,0,1,5.9
16712,N,Haryana,Panchkula,48,Male,110,174,100,Diabetic,1,1,0,0,3,5.4
16714,N,Haryana,Panchkula,38,Male,94,155,60,Diabetic,0,0,0,0,3,5.8
16715,S,Pondicherry,Pondicherry,50,Female,101,150,67,Diabetic,0,1,0,0,5,6.5
16717,S,Pondicherry,Pondicherry,39,Male,101,163,78,Diabetic,1,0,6,0,2,10.9
16720,S,Pondicherry,Pondicherry,53,Male,97,146,52,Diabetic,0,1,1,5,1,5.6
16721,W,Gujarat,Navsari,50,Female,98,162,84,Diabetic,1,1,0,0,4,11.2
16724,S,Pondicherry,Pondicherry,52,Male,104,176,85,Diabetic,1,0,0,0,2,7.1
16725,S,Pondicherry,Pondicherry,58,Male,105,177,66,Diabetic,0,0,6,0,3,8.8
16726,S,Pondicherry,Pondicherry,37,Male,105,181,84,Diabetic,0,0,0,0,1,5.4
16728,S,Andaman And Nicobar,Port Blair,52,Female,90,162,59,Diabetic,0,0,0,0,1,7.4
16729,C,Madhya Pradesh,Raisen,47,Male,98,163,50,Diabetic,1,0,0,0,4,8.2
16734,W,Gujarat,Surat,49,Male,114,175,96,Diabetic,1,0,0,0,2,7.4
16735,W,Gujarat,Surat,70,Female,74,150,50,Diabetic,0,0,5,2,1,6.3
16736,E,Jharkhand,Ranchi,55,Male,94,158,66,Diabetic,0,0,6,6,2,6.3
16738,S,Tamil Nadu,Salem,65,Female,85,144,42,Diabetic,0,0,0,0,1,6.4
16739,S,Tamil Nadu,Salem,58,Male,90,165,71,Diabetic,1,0,0,0,3,6.4
16741,S,Tamil Nadu,Salem,72,Female,105,160,68,Diabetic,1,0,0,0,1,7.5
16742,S,Tamil Nadu,Salem,65,Female,113,158,71,Diabetic,0,0,0,6,1,7.9
16743,S,Tamil Nadu,Salem,55,Male,98,168,68,Diabetic,0,0,6,6,3,5.9
16744,S,Tamil Nadu,Salem,62,Female,82,150,48,Diabetic,0,0,0,0,1,7.9
16745,S,Andhra Pradesh,Anantapur,65,Male,85,155,65,Diabetic,0,0,2,2,1,5.4
16746,S,Pondicherry,Pondicherry,53,Male,94,161,65,Diabetic,0,0,0,0,4,6.2
16750,E,Orissa,Balasore,30,Female,83,132,60,Diabetic,1,0,2,1,1,5.4
16753,S,Tamil Nadu,Madurai,60,Female,77,136,42,Diabetic,0,1,0,0,1,6.5
16758,W,Maharashtra,Ahmednagar,55,Male,93,170,67,Diabetic,0,1,6,6,1,13.1
16761,W,Rajasthan,Ajmer,66,Male,91,161,65,Diabetic,0,0,0,0,1,5.7
16766,S,Andhra Pradesh,Anantapur,61,Female,85,155,65,Diabetic,0,0,1,2,1,5.4
16767,S,Andhra Pradesh,Visakhapatnam,37,Female,89,152,65,Diabetic,1,0,5,5,3,6.6
16768,E,Orissa,Balasore,60,Female,86,153,51,Diabetic,0,1,2,1,2,4.8
16769,S,Karnataka,Bangalore,46,Male,90,163,64,Diabetic,0,1,1,3,5,11.1
16770,E,Orissa,Balasore,47,Male,71,149,52,Diabetic,0,1,1,1,1,6
16771,E,Orissa,Balasore,69,Male,91,164,85,Diabetic,1,1,2,3,1,6.6
16772,S,Karnataka,Bangalore,69,Female,80,152,60,Diabetic,0,1,0,0,1,7.7
16773,S,Andhra Pradesh,Anantapur,56,Male,80,162,58,Diabetic,0,1,6,0,1,7.4
16774,E,Orissa,Balasore,42,Male,82,160,69,Diabetic,0,1,3,1,4,5.4
16775,E,Orissa,Balasore,65,Male,82,160,69,Diabetic,1,0,2,3,1,5.8
16777,W,Maharashtra,Ahmednagar,75,Male,72,153,41,Diabetic,0,0,2,0,1,14.9
16778,W,Rajasthan,Ajmer,59,Male,109,165,79,Diabetic,0,0,2,6,2,5.4
16779,S,Andhra Pradesh,Anantapur,43,Male,85,154,65,Diabetic,1,1,3,3,2,5.1
16780,N,Punjab,Ajitgarh,70,Male,60,172,65,Diabetic,0,0,0,0,1,7.6
16783,W,Maharashtra,Ahmednagar,52,Male,96,155,70,Diabetic,0,0,6,1,1,8.1
16785,W,Maharashtra,Ahmednagar,60,Female,99,160,62,Diabetic,0,0,3,4,2,6.3
16786,E,Orissa,Balasore,40,Male,82,152,60,Diabetic,1,0,1,1,2,6.2
16789,S,Karnataka,Bangalore,55,Male,60,178,70,Diabetic,0,0,6,6,1,4.9
16791,N,Chandigarh,Chandigarh,60,Male,90,179,65,Diabetic,0,0,0,0,4,6.7
16793,NW,Jammu And Kashmir,Jammu,60,Female,98,160,75,Diabetic,0,0,0,0,1,8.9
16796,C,Madhya Pradesh,Bhopal,68,Male,91,165,57,Diabetic,1,0,0,0,1,8.3
16798,NE,Manipur,Imphal West,55,Female,79,154,46,Diabetic,1,0,0,0,5,8.9
16799,C,Madhya Pradesh,Bhopal,60,Female,87,138,47,Diabetic,0,0,1,5,1,6.5
16802,NE,Manipur,Imphal West,65,Female,93,144,49,Diabetic,0,0,1,3,2,8
16803,C,Madhya Pradesh,Bhopal,30,Male,95,154,65,Diabetic,1,1,0,6,2,8.7
16804,S,Karnataka,Bangalore,59,Female,88,157,57,Diabetic,0,0,1,2,1,6.7
16805,C,Madhya Pradesh,Bhopal,40,Male,99,155,70,Diabetic,0,0,6,4,3,5.7
16807,N,Chandigarh,Chandigarh,62,Female,92,149,59,Diabetic,1,0,0,0,4,7.9
16808,E,West Bengal,Bardhaman,58,Male,88,156,55,Diabetic,0,0,3,1,4,7.9
16809,N,Chandigarh,Chandigarh,55,Male,115,170,90,Diabetic,0,0,0,0,6,8.7
16810,N,Chandigarh,Chandigarh,67,Male,92,177,76,Diabetic,0,0,0,0,3,7.8
16811,N,Chandigarh,Chandigarh,62,Male,93,162,65,Diabetic,0,1,6,0,1,6.7
16814,N,Chandigarh,Chandigarh,70,Male,60,172,65,Diabetic,0,0,0,0,1,7.6
16819,N,Chandigarh,Chandigarh,60,Female,100,156,76,Diabetic,1,1,0,0,4,7.1
16820,N,Chandigarh,Chandigarh,70,Female,113,145,65,Diabetic,1,0,0,0,2,8.5
16821,E,West Bengal,Bankura,62,Male,68,164,45,Diabetic,0,0,4,4,1,5.4
16822,N,Chandigarh,Chandigarh,48,Male,106,172,86,Diabetic,0,0,0,0,2,6.3
16823,N,Chandigarh,Chandigarh,60,Female,83,155,60,Diabetic,0,0,5,6,5,6
16824,S,Tamil Nadu,Madurai,46,Female,96,150,61,Diabetic,1,0,2,1,3,8.2
16825,W,Rajasthan,Nagaur,62,Male,104,174,82,Diabetic,1,0,1,0,2,6.7
16827,S,Tamil Nadu,Kanchipuram,54,Male,67,167,49,Diabetic,0,0,6,0,1,5.8
16831,S,Tamil Nadu,Madurai,58,Female,95,141,64,Diabetic,0,0,0,0,2,6.4
16832,S,Tamil Nadu,Kanchipuram,58,Male,104,176,82,Diabetic,0,0,0,0,1,11.5
16834,W,Maharashtra,Nagpur,56,Male,99,153,72,Diabetic,1,0,4,4,2,6.3
16837,W,Rajasthan,Nagaur,70,Female,98,150,67,Diabetic,0,0,0,0,4,8.4
16839,NE,Assam,Kamrup,61,Male,83,152,59,Diabetic,0,0,1,0,1,7
16843,S,Andhra Pradesh,Visakhapatnam,55,Female,98,159,55,Diabetic,0,0,3,2,1,7.4
16845,S,Andhra Pradesh,Visakhapatnam,58,Male,85,140,80,Diabetic,0,0,2,3,4,5.5
16851,S,Andhra Pradesh,Visakhapatnam,65,Female,80,152,50,Diabetic,0,0,3,3,3,7.1
16852,W,Gujarat,Navsari,58,Male,97,171,75,Diabetic,0,0,0,0,1,5.7
16854,W,Gujarat,Navsari,64,Male,98,166,71,Diabetic,0,0,0,0,1,7.5
16855,S,Andaman And Nicobar,Port Blair,83,Male,105,165,45,Diabetic,0,0,0,0,1,6
16856,N,Haryana,Panchkula,47,Male,89,168,58,Diabetic,1,0,0,0,2,10.5
16857,S,Pondicherry,Pondicherry,51,Female,82,157,66,Diabetic,1,1,1,0,1,4.7
16858,S,Pondicherry,Pondicherry,57,Female,102,158,75,Diabetic,0,1,0,0,1,9.6
16859,N,Haryana,Panchkula,43,Male,93,165,59,Diabetic,0,0,0,1,1,6.2
16860,N,Haryana,Panchkula,61,Female,96,151,54,Diabetic,0,0,0,0,1,9.9
16861,S,Pondicherry,Pondicherry,41,Male,95,164,73,Diabetic,1,1,0,0,1,10
16865,S,Pondicherry,Pondicherry,47,Male,83,161,60,Diabetic,0,0,0,0,1,8.2
16867,S,Pondicherry,Pondicherry,39,Female,90,145,76,Diabetic,0,0,6,1,3,6.3
16868,S,Pondicherry,Pondicherry,40,Male,112,167,94,Diabetic,1,0,0,6,3,13.1
16869,S,Pondicherry,Pondicherry,59,Male,98,167,74,Diabetic,0,0,6,6,2,6
16870,S,Pondicherry,Pondicherry,50,Female,80,147,51,Diabetic,1,0,0,0,3,5.6
16871,S,Pondicherry,Pondicherry,54,Female,100,158,75,Diabetic,0,1,0,1,1,5.2
16872,S,Pondicherry,Pondicherry,43,Female,80,151,70,Diabetic,1,0,0,0,1,5.6
16875,N,Haryana,Panchkula,58,Female,100,157,62,Diabetic,0,1,6,1,2,8.5
16879,N,Haryana,Panchkula,51,Male,94,156,68,Diabetic,0,0,0,0,4,7.6
16881,S,Andaman And Nicobar,Port Blair,59,Male,101,173,72,Diabetic,0,0,0,1,4,10
16883,S,Pondicherry,Pondicherry,57,Male,97,161,70,Diabetic,1,1,0,0,1,6.4
16884,S,Tamil Nadu,Salem,50,Male,118,173,88,Diabetic,0,0,0,0,3,4.4
16887,S,Tamil Nadu,Salem,59,Male,87,158,54,Diabetic,0,0,0,0,1,6.3
16888,S,Tamil Nadu,Salem,60,Female,98,147,66,Diabetic,0,0,6,0,1,7.2
16890,W,Gujarat,Surat,51,Male,104,176,80,Diabetic,0,0,0,0,2,5.3
16893,S,Tamil Nadu,Salem,58,Male,95,159,59,Diabetic,0,0,0,0,3,6.3
16898,S,Tamil Nadu,Salem,73,Male,99,155,60,Diabetic,0,0,1,2,1,5.8
16900,S,Karnataka,Bangalore,59,Male,98,180,75,Diabetic,0,0,6,0,4,6.9
16901,S,Andhra Pradesh,Anantapur,40,Female,85,155,75,Diabetic,0,0,1,1,1,5.2
16902,W,Rajasthan,Ajmer,43,Female,94,158,65,Diabetic,0,1,1,1,1,6.2
16905,W,Maharashtra,Ahmednagar,39,Male,96,157,74,Diabetic,0,0,2,2,2,6.6
16906,S,Karnataka,Bangalore,59,Male,121,172,100,Diabetic,0,0,0,0,1,7.4
16907,E,Orissa,Balasore,35,Female,86,153,50,Diabetic,0,1,2,3,1,4.5
16908,S,Tamil Nadu,Madurai,55,Male,98,168,83,Diabetic,0,0,4,6,1,6
16909,S,Andhra Pradesh,Anantapur,45,Male,85,155,75,Diabetic,0,0,1,2,1,4.9
16912,W,Rajasthan,Ajmer,66,Male,108,164,69,Diabetic,0,1,0,0,1,6.4
16919,S,Andhra Pradesh,Anantapur,42,Female,84,158,77,Diabetic,0,0,1,1,1,4.9
16920,S,Andhra Pradesh,Anantapur,54,Female,83,155,65,Diabetic,0,0,1,2,1,6.8
16922,E,Orissa,Balasore,30,Male,91,160,60,Diabetic,0,0,0,0,1,5.8
16923,S,Tamil Nadu,Madurai,34,Male,88,163,83,Diabetic,1,1,3,0,2,5.3
16924,W,Maharashtra,Ahmednagar,74,Male,94,160,61,Diabetic,0,0,6,2,5,6.9
16925,S,Andhra Pradesh,Anantapur,47,Male,90,157,68,Diabetic,1,1,2,1,1,7
16926,W,Maharashtra,Ahmednagar,39,Male,88,164,56,Diabetic,1,0,6,0,4,9.3
16930,W,Maharashtra,Ahmednagar,50,Female,91,145,91,Diabetic,0,0,0,1,2,8.3
16931,W,Maharashtra,Ahmednagar,50,Female,102,143,63,Diabetic,0,1,0,0,2,7.1
16932,W,Maharashtra,Ahmednagar,62,Male,82,161,51,Diabetic,0,1,1,2,3,6.9
16933,E,Orissa,Balasore,55,Female,82,155,60,Diabetic,0,1,2,4,3,7.2
16934,S,Andhra Pradesh,Anantapur,70,Male,85,155,75,Diabetic,0,0,1,1,1,6.5
16935,E,Orissa,Balasore,74,Male,84,152,53,Diabetic,1,0,2,1,1,10.8
16936,C,Madhya Pradesh,Gwalior,59,Female,123,150,80,Diabetic,1,1,0,0,3,12.9
16937,E,Jharkhand,Hazaribag,35,Female,85,150,90,Diabetic,0,1,1,2,2,7.8
16939,N,Chandigarh,Chandigarh,52,Female,98,160,69,Diabetic,0,1,0,0,1,5.3
16940,NW,Jammu And Kashmir,Jammu,65,Male,103,148,65,Diabetic,0,0,2,1,1,10
16941,N,Uttarakhand,Dehradun,63,Male,99,172,66,Diabetic,0,0,3,0,2,6.5
16943,N,Chandigarh,Chandigarh,53,Male,97,174,69,Diabetic,0,1,1,0,1,8.1
16948,N,Chandigarh,Chandigarh,49,Female,104,157,67,Diabetic,0,0,2,2,4,8
16949,E,Orissa,Bargarh,35,Female,98,150,65,Diabetic,0,0,2,2,3,5.3
16953,N,Chandigarh,Chandigarh,62,Male,95,165,76,Diabetic,0,0,0,0,1,7.6
16957,N,Chandigarh,Chandigarh,61,Male,90,160,57,Diabetic,0,0,4,4,4,6.8
16958,C,Madhya Pradesh,Bhopal,69,Male,91,173,84,Diabetic,0,0,0,0,1,11.1
16959,C,Madhya Pradesh,Gwalior,45,Female,103,159,84,Diabetic,0,0,0,4,3,6.4
16963,S,Tamil Nadu,Madurai,39,Male,93,170,78,Diabetic,1,1,1,3,1,6
16964,S,Tamil Nadu,Kanchipuram,48,Female,90,157,66,Diabetic,0,0,1,2,1,5.3
16965,NW,Jammu And Kashmir,Kathua,53,Male,88,162,77,Diabetic,1,0,0,0,2,11.6
16966,S,Tamil Nadu,Kanchipuram,48,Female,86,155,60,Diabetic,0,0,0,1,1,9.7
16967,S,Tamil Nadu,Madurai,49,Male,92,162,70,Diabetic,1,0,0,1,3,9.4
16968,S,Tamil Nadu,Kanchipuram,60,Female,85,149,50,Diabetic,0,0,2,2,1,9.8
16969,S,Tamil Nadu,Madurai,61,Female,68,136,43,Diabetic,0,0,1,2,1,5.8
16970,S,Tamil Nadu,Kanchipuram,54,Female,103,147,67,Diabetic,0,0,0,0,1,9.3
16971,S,Tamil Nadu,Kanchipuram,70,Female,90,149,55,Diabetic,1,1,1,0,1,8.2
16973,N,Delhi,West Delhi,63,Male,99,172,66,Diabetic,0,0,3,0,2,6.5
16974,W,Gujarat,Navsari,53,Male,88,163,63,Diabetic,0,0,0,0,3,8.2
16975,S,Pondicherry,Pondicherry,63,Male,105,164,77,Diabetic,0,0,0,1,1,7.3
16976,W,Gujarat,Navsari,40,Female,97,148,63,Diabetic,0,1,0,0,1,10.1
16977,S,Andaman And Nicobar,Port Blair,60,Female,109,150,54,Diabetic,0,0,4,0,4,9
16978,S,Pondicherry,Pondicherry,49,Female,86,157,60,Diabetic,1,1,6,0,1,7
16979,S,Andaman And Nicobar,Port Blair,66,Male,103,151,48,Diabetic,0,0,0,1,1,6.5
16980,S,Pondicherry,Pondicherry,80,Male,76,160,48,Diabetic,0,0,0,0,1,14.1
16984,S,Andaman And Nicobar,Port Blair,72,Male,98,164,57,Diabetic,0,0,5,2,1,8.2
16985,W,Gujarat,Navsari,49,Male,90,170,64,Diabetic,0,0,0,0,1,7.1
16986,S,Pondicherry,Pondicherry,61,Male,96,166,73,Diabetic,0,0,6,6,2,6.4
16987,S,Pondicherry,Pondicherry,44,Male,84,159,64,Diabetic,0,1,6,0,2,7
16988,W,Maharashtra,Nagpur,45,Male,103,162,75,Diabetic,0,0,4,4,1,6.8
16989,S,Pondicherry,Pondicherry,52,Female,105,158,77,Diabetic,0,0,3,1,2,5.3
16990,NE,Arunachal Pradesh,Papum Pare,52,Male,100,156,67,Diabetic,0,0,5,6,1,6.2
16996,S,Pondicherry,Pondicherry,54,Male,110,159,80,Diabetic,1,0,6,0,1,7.5
16998,S,Pondicherry,Pondicherry,43,Male,93,166,74,Diabetic,0,1,0,4,6,8.5
17000,S,Pondicherry,Pondicherry,43,Male,93,164,69,Diabetic,0,0,6,0,1,6.7
17004,S,Tamil Nadu,Salem,48,Female,104,158,72,Diabetic,1,0,3,2,1,6.4
17005,S,Tamil Nadu,Salem,52,Male,92,175,68,Diabetic,1,1,2,1,2,6.3
17011,S,Tamil Nadu,Salem,54,Male,96,160,87,Diabetic,0,0,0,0,1,9.1
17013,S,Tamil Nadu,Salem,57,Male,85,175,84,Diabetic,0,0,1,0,2,8.4
17018,S,Tamil Nadu,Salem,67,Female,96,142,57,Diabetic,0,1,1,1,1,5.8
17019,S,Tamil Nadu,Salem,50,Male,77,172,63,Diabetic,0,0,0,0,1,8.6
17020,S,Tamil Nadu,Salem,56,Female,88,142,56,Diabetic,0,1,0,0,1,7.7
17021,S,Tamil Nadu,Salem,42,Female,94,157,88,Diabetic,0,0,0,0,3,5.8
17023,S,Tamil Nadu,Salem,55,Male,104,169,75,Diabetic,1,1,0,0,1,6.4
17026,W,Maharashtra,Ahmednagar,56,Male,94,164,72,Diabetic,0,0,1,1,1,6.1
17027,W,Maharashtra,Ahmednagar,55,Female,98,151,78,Diabetic,0,0,0,0,2,6.3
17028,W,Maharashtra,Ahmednagar,52,Male,88,160,58,Diabetic,0,0,0,0,2,8.3
17029,W,Maharashtra,Ahmednagar,65,Male,99,165,70,Diabetic,0,0,6,6,2,10
17030,S,Karnataka,Bangalore,65,Male,106,163,69,Diabetic,0,0,2,2,2,6.7
17034,W,Maharashtra,Ahmednagar,68,Male,95,158,68,Diabetic,0,0,3,0,2,8
17035,W,Maharashtra,Ahmednagar,52,Female,94,146,63,Diabetic,1,1,1,2,2,8.2
17038,E,Orissa,Balasore,38,Female,87,135,50,Diabetic,1,0,2,2,2,5.6
17039,E,Orissa,Balasore,61,Male,85,175,69,Diabetic,0,0,1,1,1,5.1
17041,E,Orissa,Balasore,51,Male,82,162,65,Diabetic,1,0,1,1,2,6.7
17042,S,Pondicherry,Pondicherry,58,Male,93,172,72,Diabetic,1,1,6,0,2,8
17043,E,Orissa,Balasore,59,Female,87,146,69,Diabetic,0,1,2,2,1,5.5
17044,S,Andhra Pradesh,Anantapur,63,Male,83,153,52,Diabetic,0,0,0,0,1,8.6
17046,S,Tamil Nadu,Madurai,52,Male,97,167,79,Diabetic,1,0,6,6,2,8.2
17051,C,Madhya Pradesh,Gwalior,64,Female,106,152,70,Diabetic,0,0,2,4,4,6.7
17052,C,Madhya Pradesh,Bhopal,50,Female,92,141,53,Diabetic,0,0,0,0,1,5.4
17054,C,Madhya Pradesh,Gwalior,58,Male,70,165,80,Diabetic,0,0,6,0,2,4.9
17057,NE,Meghalaya,East Khasi Hills,40,Female,81,158,65,Diabetic,0,1,6,0,1,9.9
17058,N,Chandigarh,Chandigarh,48,Female,103,166,70,Diabetic,0,0,0,0,4,6
17059,C,Madhya Pradesh,Bhopal,64,Male,83,160,60,Diabetic,1,0,6,0,2,9.3
17060,C,Madhya Pradesh,Gwalior,40,Male,81,171,57,Diabetic,0,0,1,0,3,5.5
17062,C,Madhya Pradesh,Bhopal,34,Female,91,152,55,Diabetic,1,0,0,0,1,13.5
17063,C,Madhya Pradesh,Bhopal,74,Male,94,162,58,Diabetic,0,0,1,1,1,9.1
17064,C,Madhya Pradesh,Bhopal,55,Female,95,151,54,Diabetic,0,0,6,6,1,7.3
17066,E,West Bengal,Bankura,60,Male,90,170,60,Diabetic,0,0,6,0,1,13.1
17067,E,West Bengal,Bankura,52,Male,90,162,61,Diabetic,0,0,0,1,4,8.3
17069,E,West Bengal,Bankura,62,Male,97,151,65,Diabetic,0,0,6,4,3,5.7
17074,W,Maharashtra,Nagpur,60,Female,99,153,55,Diabetic,0,1,0,3,2,6.1
17077,NW,Jammu And Kashmir,Kulgam,55,Female,96,149,72,Diabetic,0,0,0,0,4,11.3
17078,NW,Jammu And Kashmir,Kulgam,51,Male,89,172,61,Diabetic,0,1,0,0,6,6.9
17079,S,Tamil Nadu,Madurai,52,Male,93,158,73,Diabetic,0,0,4,4,2,9.6
17080,S,Tamil Nadu,Kanchipuram,59,Male,96,163,64,Diabetic,0,0,1,0,1,12
17081,S,Tamil Nadu,Kanchipuram,65,Male,77,164,49,Diabetic,0,0,0,1,1,5.4
17082,S,Tamil Nadu,Kanchipuram,46,Male,80,168,55,Diabetic,0,1,0,0,3,6.1
17084,S,Tamil Nadu,Kanchipuram,60,Male,86,163,60,Diabetic,0,0,6,3,3,8.2
17085,S,Tamil Nadu,Kanchipuram,61,Male,92,157,61,Diabetic,0,0,2,0,1,7.2
17086,S,Tamil Nadu,Kanchipuram,32,Female,110,154,95,Diabetic,1,1,0,1,1,11
17087,S,Tamil Nadu,Kanchipuram,60,Female,86,151,60,Diabetic,1,0,6,0,3,6.4
17090,S,Tamil Nadu,Kanchipuram,45,Female,96,158,73,Diabetic,0,0,0,0,1,9.2
17093,S,Tamil Nadu,Kanchipuram,68,Male,88,160,60,Diabetic,0,0,0,0,1,6.6
17096,W,Maharashtra,Thane,54,Male,140,168,125,Diabetic,1,1,6,6,1,10.6
17100,N,Delhi,West Delhi,53,Female,95,157,60,Diabetic,0,0,3,3,2,6.6
17101,N,Delhi,West Delhi,45,Female,75,149,75,Diabetic,1,0,3,3,2,7.9
17102,N,Delhi,West Delhi,65,Male,97,165,60,Diabetic,0,0,5,3,1,9.3
17108,S,Andaman And Nicobar,Port Blair,62,Male,102,173,67,Diabetic,1,1,0,0,3,7.7
17109,S,Andaman And Nicobar,Port Blair,40,Female,108,154,62,Diabetic,0,0,0,0,1,5.3
17111,S,Pondicherry,Pondicherry,48,Female,105,148,69,Diabetic,1,1,0,0,3,8.6
17112,S,Pondicherry,Pondicherry,44,Male,92,162,79,Diabetic,0,0,0,1,1,7
17113,S,Pondicherry,Pondicherry,35,Female,79,154,60,Diabetic,1,0,0,4,4,7.7
17115,S,Pondicherry,Pondicherry,42,Male,110,170,86,Diabetic,0,0,5,0,2,7
17116,W,Maharashtra,Nagpur,51,Female,101,154,56,Diabetic,0,1,4,0,2,6.9
17117,S,Andaman And Nicobar,Port Blair,62,Male,100,160,60,Diabetic,1,1,1,0,1,12.3
17118,S,Pondicherry,Pondicherry,50,Female,104,157,74,Diabetic,1,1,1,0,1,8.7
17119,W,Gujarat,Navsari,57,Male,87,177,60,Diabetic,0,0,0,6,1,12.3
17121,N,Haryana,Panchkula,43,Male,114,170,90,Diabetic,1,0,4,0,2,8.4
17122,S,Pondicherry,Pondicherry,48,Male,103,171,75,Diabetic,0,0,0,0,5,11.1
17123,S,Pondicherry,Pondicherry,53,Male,103,168,80,Diabetic,0,1,6,6,1,7.6
17124,W,Gujarat,Navsari,56,Female,87,152,60,Diabetic,1,0,0,6,2,6.3
17125,S,Pondicherry,Pondicherry,60,Female,100,156,75,Diabetic,1,0,0,0,1,12.5
17129,S,Tamil Nadu,Salem,66,Male,68,157,68,Diabetic,0,0,0,0,3,7.1
17130,W,Gujarat,Surat,63,Male,93,167,65,Diabetic,1,1,0,0,1,7.5
17134,S,Tamil Nadu,Salem,50,Female,101,158,74,Diabetic,1,0,0,0,1,5.7
17135,S,Tamil Nadu,Salem,63,Male,85,158,47,Diabetic,0,1,0,0,1,9.4
17136,S,Tamil Nadu,Salem,59,Male,85,164,69,Diabetic,0,0,0,0,1,8.4
17138,S,Tamil Nadu,Salem,54,Male,103,174,73,Diabetic,1,1,0,0,1,10.9
17140,S,Tamil Nadu,Salem,49,Female,65,143,46,Diabetic,1,0,5,5,3,9.6
17141,S,Tamil Nadu,Salem,47,Female,86,157,76,Diabetic,0,1,0,0,2,5.7
17142,S,Karnataka,Bangalore,51,Male,103,160,81,Diabetic,0,1,1,0,1,11.2
17145,W,Maharashtra,Ahmednagar,60,Female,95,143,60,Diabetic,0,0,0,0,1,7.7
17147,W,Maharashtra,Ahmednagar,60,Female,102,150,61,Diabetic,0,0,1,1,2,13.8
17150,S,Tamil Nadu,Madurai,50,Female,84,152,52,Diabetic,1,0,3,3,3,7.4
17152,S,Karnataka,Bangalore,44,Female,93,157,74,Diabetic,0,1,0,2,1,5.6
17155,S,Karnataka,Bangalore,48,Female,99,159,77,Diabetic,0,1,6,0,4,8.4
17156,S,Karnataka,Bangalore,44,Male,87,170,70,Diabetic,0,0,3,3,1,7.1
17160,S,Andhra Pradesh,Visakhapatnam,50,Male,124,170,100,Diabetic,0,0,5,5,3,6.7
17161,S,Andhra Pradesh,Visakhapatnam,65,Male,111,160,89,Diabetic,1,0,5,5,3,6.6
17163,S,Andhra Pradesh,Visakhapatnam,50,Male,121,163,91,Diabetic,0,1,5,5,3,13.4
17165,S,Andhra Pradesh,Visakhapatnam,62,Female,97,155,60,Diabetic,1,1,0,0,1,6.9
17168,C,Madhya Pradesh,Bhopal,62,Female,104,158,65,Diabetic,0,0,1,0,1,10.8
17169,E,Orissa,Bargarh,61,Male,94,165,71,Diabetic,0,0,2,0,3,5.1
17172,C,Madhya Pradesh,Bhopal,62,Male,82,160,50,Diabetic,0,0,3,6,2,15
17173,NE,Manipur,Imphal West,54,Male,89,172,69,Diabetic,0,0,6,6,3,8.5
17175,C,Madhya Pradesh,Bhopal,55,Female,87,154,57,Diabetic,0,0,0,0,4,7.3
17176,N,Chandigarh,Chandigarh,44,Female,116,154,87,Diabetic,1,0,0,0,4,5.9
17177,E,West Bengal,Bankura,58,Male,88,162,61,Diabetic,0,0,6,6,1,6.7
17180,C,Madhya Pradesh,Bhopal,35,Male,95,161,70,Diabetic,0,0,6,2,1,8.3
17183,C,Madhya Pradesh,Bhopal,49,Female,81,157,42,Diabetic,0,0,0,0,4,5.1
17184,NE,Manipur,Imphal West,45,Male,90,159,69,Diabetic,0,0,1,2,3,6.4
17185,C,Madhya Pradesh,Bhopal,60,Female,110,148,70,Diabetic,0,0,0,0,1,10.3
17186,NE,Manipur,Imphal West,35,Male,116,164,107,Diabetic,0,0,2,1,2,8.5
17187,NW,Jammu And Kashmir,Kulgam,68,Male,93,159,66,Diabetic,0,0,1,1,1,6.1
17188,S,Tamil Nadu,Kanchipuram,40,Female,74,153,58,Diabetic,0,0,2,3,1,12.7
17193,S,Tamil Nadu,Kanchipuram,55,Male,94,170,73,Diabetic,0,0,6,0,1,9.7
17194,S,Tamil Nadu,Kanchipuram,50,Male,97,158,65,Diabetic,0,0,4,3,5,5.4
17195,NW,Jammu And Kashmir,Kulgam,52,Male,88,166,66,Diabetic,0,0,3,2,6,9.8
17198,S,Tamil Nadu,Kanchipuram,67,Male,110,161,75,Diabetic,0,0,0,0,1,6.5
17199,S,Tamil Nadu,Kanchipuram,52,Female,91,145,60,Diabetic,0,0,0,0,1,5.9
17203,S,Tamil Nadu,Kanchipuram,51,Female,94,145,60,Diabetic,0,0,6,6,1,5.6
17206,W,Maharashtra,Nagpur,40,Male,100,154,68,Diabetic,1,0,4,4,4,9.6
17207,S,Andaman And Nicobar,Port Blair,60,Female,109,159,69,Diabetic,0,0,2,1,1,5.7
17208,W,Gujarat,Navsari,58,Male,96,167,74,Diabetic,1,1,1,0,2,8.6
17209,W,Gujarat,Navsari,67,Male,108,172,81,Diabetic,0,1,1,0,1,7.4
17210,N,Haryana,Panchkula,59,Male,100,169,76,Diabetic,1,0,0,5,5,12.6
17211,N,Haryana,Panchkula,51,Male,105,170,83,Diabetic,0,0,0,0,3,4.8
17212,NE,Arunachal Pradesh,Papum Pare,43,Male,92,163,54,Diabetic,0,0,1,1,1,12.6
17213,S,Andaman And Nicobar,Port Blair,80,Female,110,148,65,Diabetic,0,0,0,0,1,11
17214,S,Andaman And Nicobar,Port Blair,70,Female,102,150,56,Diabetic,1,1,0,0,1,12.3
17215,NE,Assam,Nalbari,54,Female,88,146,58,Diabetic,0,0,0,0,1,5.4
17217,S,Andaman And Nicobar,Port Blair,50,Female,107,160,77,Diabetic,0,0,0,0,4,5.6
17218,S,Pondicherry,Pondicherry,52,Female,90,164,62,Diabetic,1,0,0,0,3,6
17219,W,Gujarat,Navsari,65,Female,93,149,55,Diabetic,0,1,0,0,1,9.1
17220,S,Andaman And Nicobar,Port Blair,60,Male,97,170,75,Diabetic,0,0,2,1,4,9.6
17221,W,Gujarat,Navsari,52,Male,92,164,66,Diabetic,1,0,0,0,4,7.9
17222,W,Gujarat,Navsari,64,Male,80,170,62,Diabetic,1,0,0,0,3,12.4
17226,W,Gujarat,Navsari,52,Female,99,157,62,Diabetic,0,0,0,0,1,7.9
17228,S,Andaman And Nicobar,Port Blair,50,Female,102,141,61,Diabetic,0,0,1,1,1,7.8
17231,S,Pondicherry,Pondicherry,71,Male,139,169,70,Diabetic,0,0,0,0,1,6
17232,W,Gujarat,Navsari,63,Male,94,170,69,Diabetic,1,1,0,0,1,6.4
17236,E,Jharkhand,Ranchi,64,Female,100,161,70,Diabetic,0,1,0,0,2,4.9
17237,S,Tamil Nadu,Salem,57,Female,80,156,53,Diabetic,0,0,0,0,1,6.1
17238,S,Tamil Nadu,Salem,47,Female,92,154,59,Diabetic,0,1,4,0,3,8.1
17242,E,Jharkhand,Ranchi,35,Male,86,163,60,Diabetic,0,0,1,2,1,4
17249,S,Tamil Nadu,Salem,46,Female,82,135,47,Diabetic,0,0,0,0,1,5.9
17251,S,Tamil Nadu,Salem,53,Female,91,141,50,Diabetic,1,0,2,2,2,7.5
17252,S,Tamil Nadu,Salem,47,Female,85,165,58,Diabetic,1,0,6,0,1,12.7
17253,NW,Jammu And Kashmir,Samba,65,Male,83,163,55,Diabetic,1,0,0,0,2,5.4
17254,S,Tamil Nadu,Salem,59,Male,96,160,72,Diabetic,0,0,0,2,1,7.9
17257,S,Andhra Pradesh,Anantapur,44,Male,85,155,60,Diabetic,0,0,2,1,1,5.7
17260,E,Orissa,Balasore,41,Female,82,160,65,Diabetic,0,1,3,1,3,4.5
17262,W,Maharashtra,Ahmednagar,69,Male,90,164,64,Diabetic,0,0,0,0,4,9.1
17263,S,Andhra Pradesh,Anantapur,50,Female,80,169,75,Diabetic,1,1,3,3,2,6
17265,W,Maharashtra,Ahmednagar,45,Female,82,150,48,Diabetic,0,0,6,6,5,5.5
17269,S,Andhra Pradesh,Anantapur,45,Male,85,155,75,Diabetic,0,0,1,1,1,5.1
17270,W,Rajasthan,Ajmer,70,Female,105,149,61,Diabetic,0,0,4,2,4,5.6
17272,S,Tamil Nadu,Madurai,50,Male,88,160,65,Diabetic,0,1,6,6,4,5.3
17279,W,Rajasthan,Ajmer,47,Female,119,149,73,Diabetic,0,1,0,0,1,4.1
17280,E,Orissa,Balasore,66,Male,80,156,57,Diabetic,1,0,2,2,2,6.4
17283,S,Karnataka,Bangalore,70,Male,104,172,82,Diabetic,0,0,5,5,2,7.3
17284,W,Maharashtra,Ahmednagar,57,Female,103,155,74,Diabetic,0,1,2,0,3,8.2
17286,S,Andhra Pradesh,Visakhapatnam,62,Female,96,146,68,Diabetic,1,0,5,5,3,6.5
17287,W,Rajasthan,Ajmer,60,Female,110,159,76,Diabetic,0,0,0,6,1,5.6
17291,S,Andhra Pradesh,Visakhapatnam,58,Male,113,162,118,Diabetic,0,0,5,5,3,5.6
17292,W,Maharashtra,Ahmednagar,60,Female,91,140,54,Diabetic,0,0,3,1,2,5.9
17294,W,Maharashtra,Ahmednagar,45,Male,95,173,70,Diabetic,0,0,3,2,2,7.2
17296,W,Maharashtra,Ahmednagar,60,Female,89,161,63,Diabetic,0,0,6,6,1,5.5
17297,S,Karnataka,Bangalore,39,Female,61,157,61,Diabetic,0,0,0,0,1,5.3
17298,E,Orissa,Balasore,41,Female,82,150,69,Diabetic,1,0,4,2,3,7.9
17301,W,Maharashtra,Ahmednagar,49,Female,100,161,77,Diabetic,0,0,0,0,2,6.5
17303,W,Maharashtra,Ahmednagar,50,Male,90,155,62,Diabetic,0,0,6,0,2,12.3
17308,E,Orissa,Balasore,33,Male,78,149,54,Diabetic,0,0,0,0,1,5.7
17317,C,Madhya Pradesh,Bhopal,51,Female,84,154,56,Diabetic,1,0,6,0,4,10.3
17318,E,Jharkhand,Hazaribag,63,Male,103,162,80,Diabetic,0,0,6,0,1,6.8
17319,E,Jharkhand,Hazaribag,50,Male,92,172,80,Diabetic,1,1,0,0,1,10.9
17320,NW,Jammu And Kashmir,Jammu,68,Female,108,159,70,Diabetic,0,0,3,0,2,7.2
17322,NW,Jammu And Kashmir,Jammu,70,Male,103,149,65,Diabetic,0,0,2,1,1,5.8
17324,S,Karnataka,Bangalore,65,Female,99,162,65,Diabetic,0,0,2,2,3,5.5
17328,E,West Bengal,Bankura,42,Male,100,156,72,Diabetic,0,1,2,0,1,5.7
17333,E,West Bengal,Bardhaman,44,Female,98,124,48,Diabetic,0,0,3,3,3,6.8
17335,C,Madhya Pradesh,Gwalior,64,Female,107,155,71,Diabetic,0,0,0,0,3,6.4
17336,C,Madhya Pradesh,Bhopal,60,Female,93,159,55,Diabetic,0,0,0,0,4,6.6
17337,C,Madhya Pradesh,Gwalior,54,Female,112,160,95,Diabetic,1,1,0,0,3,8.7
17340,C,Madhya Pradesh,Bhopal,62,Female,105,148,71,Diabetic,0,0,0,0,1,6.3
17341,C,Madhya Pradesh,Bhopal,40,Male,89,164,75,Diabetic,1,0,0,0,2,5
17342,E,West Bengal,Bardhaman,65,Male,80,155,48,Diabetic,0,0,4,4,1,9.5
17343,C,Madhya Pradesh,Bhopal,50,Female,84,150,60,Diabetic,0,1,6,6,1,10.4
17344,C,Madhya Pradesh,Bhopal,45,Female,81,150,50,Diabetic,0,0,0,0,2,6.7
17345,S,Karnataka,Hassan,65,Male,77,165,55,Diabetic,0,0,6,4,1,5.1
17346,C,Madhya Pradesh,Gwalior,60,Female,98,148,60,Diabetic,0,0,0,0,2,13.2
17348,C,Madhya Pradesh,Gwalior,56,Male,77,160,54,Diabetic,0,0,5,0,1,10.4
17350,C,Madhya Pradesh,Gwalior,50,Male,89,162,70,Diabetic,0,0,2,0,1,5.6
17351,C,Madhya Pradesh,Bhopal,40,Female,101,154,73,Diabetic,0,0,5,6,3,5.5
17352,E,Orissa,Bargarh,57,Male,88,172,60,Diabetic,0,0,1,1,1,4.3
17353,NW,Jammu And Kashmir,Jammu,61,Male,98,160,54,Diabetic,0,0,0,0,2,5.2
17355,C,Madhya Pradesh,Bhopal,43,Male,96,164,67,Diabetic,0,0,3,0,1,8.2
17357,NW,Jammu And Kashmir,Kathua,54,Male,84,168,60,Diabetic,0,0,2,1,1,10.6
17359,W,Rajasthan,Nagaur,41,Male,94,179,73,Diabetic,0,0,0,0,1,4.6
17360,W,Rajasthan,Nagaur,52,Male,96,167,69,Diabetic,0,0,0,0,1,9.7
17361,NW,Jammu And Kashmir,Kulgam,50,Male,104,172,90,Diabetic,1,1,1,0,3,9.7
17363,NW,Jammu And Kashmir,Kulgam,37,Female,101,149,70,Diabetic,0,0,0,0,2,6.9
17364,S,Tamil Nadu,Kanchipuram,56,Female,65,149,60,Diabetic,0,0,0,0,2,5.9
17367,S,Tamil Nadu,Kanchipuram,48,Male,89,167,65,Diabetic,0,0,1,0,6,12.5
17368,S,Tamil Nadu,Madurai,55,Male,100,166,83,Diabetic,0,0,1,1,3,9.7
17369,S,Tamil Nadu,Madurai,72,Male,80,156,48,Diabetic,0,0,1,2,1,5.9
17370,S,Tamil Nadu,Kanchipuram,40,Male,96,155,67,Diabetic,0,0,0,0,1,4.9
17372,NW,Jammu And Kashmir,Kulgam,38,Female,78,160,50,Diabetic,0,0,1,1,1,13
17373,NW,Jammu And Kashmir,Kathua,58,Male,95,176,75,Diabetic,0,0,0,0,1,5.4
17375,S,Tamil Nadu,Kanchipuram,58,Female,92,160,67,Diabetic,0,0,0,0,1,5.1
17378,NE,Assam,Kamrup,52,Male,100,160,57,Diabetic,0,0,3,3,1,5.6
17379,NE,Assam,Kamrup,43,Male,112,160,95,Diabetic,0,1,6,3,1,6.1
17380,NE,Assam,Kamrup,46,Female,80,152,50,Diabetic,0,0,6,0,4,5.8
17385,NE,Assam,Kamrup,42,Male,112,155,81,Diabetic,0,0,4,0,1,5.4
17386,NE,Assam,Kamrup,52,Female,105,152,60,Diabetic,0,0,6,0,1,6.4
17388,NE,Assam,Kamrup,45,Female,97,150,60,Diabetic,0,0,6,0,1,4.8
17389,S,Tamil Nadu,Kanchipuram,54,Female,70,159,45,Diabetic,0,0,0,0,1,10.3
17390,NE,Assam,Kamrup,61,Male,108,172,85,Diabetic,0,0,6,3,1,5.9
17391,S,Tamil Nadu,Kanchipuram,52,Female,92,159,60,Diabetic,0,1,0,0,1,6
17392,NE,Assam,Kamrup,35,Male,89,162,64,Diabetic,0,1,6,0,1,5.5
17394,S,Andhra Pradesh,Visakhapatnam,45,Female,80,155,60,Diabetic,0,0,2,3,3,5.3
17395,W,Maharashtra,Thane,56,Female,100,156,59,Diabetic,0,0,6,0,4,8.8
17397,W,Maharashtra,Thane,54,Female,86,157,68,Diabetic,1,1,0,0,2,6
17398,NE,Tripura,West Tripura,40,Male,97,172,95,Diabetic,0,0,6,0,1,7.4
17399,W,Maharashtra,Thane,53,Male,84,170,58,Diabetic,0,0,2,2,4,8.1
17400,W,Maharashtra,Thane,50,Male,90,162,75,Diabetic,0,0,6,1,3,6.8
17402,S,Andaman And Nicobar,Port Blair,61,Female,106,152,70,Diabetic,0,0,2,2,1,10.5
17408,N,Delhi,North West Delhi,40,Female,106,158,78,Diabetic,1,0,1,0,1,10.2
17411,W,Gujarat,Navsari,60,Male,102,157,63,Diabetic,0,1,0,0,1,9.6
17412,W,Gujarat,Navsari,59,Male,90,173,62,Diabetic,0,0,2,0,2,6.2
17415,W,Gujarat,Navsari,62,Male,91,167,65,Diabetic,0,0,5,0,1,8.1
17416,W,Gujarat,Navsari,57,Male,120,178,90,Diabetic,0,1,0,0,1,9.1
17420,W,Gujarat,Navsari,66,Female,103,157,75,Diabetic,0,0,0,0,1,10.4
17423,W,Gujarat,Navsari,65,Male,98,167,79,Diabetic,0,0,6,0,2,10.5
17424,W,Gujarat,Navsari,41,Male,95,167,74,Diabetic,0,0,0,0,2,9.5
17425,S,Pondicherry,Pondicherry,53,Male,92,158,74,Diabetic,1,1,0,0,2,11.1
17427,S,Pondicherry,Pondicherry,44,Female,103,150,69,Diabetic,1,0,0,3,1,9
17428,W,Gujarat,Navsari,55,Female,82,148,54,Diabetic,0,1,0,0,4,5.8
17429,S,Andaman And Nicobar,Port Blair,80,Female,98,142,59,Diabetic,0,0,0,0,4,6.4
17431,W,Gujarat,Navsari,62,Male,118,167,96,Diabetic,1,1,0,0,1,7.1
17432,W,Gujarat,Navsari,58,Male,98,164,64,Diabetic,0,0,5,0,4,6.7
17433,NE,Arunachal Pradesh,Papum Pare,59,Male,99,152,61,Diabetic,1,1,6,0,1,7.4
17434,W,Gujarat,Navsari,44,Female,85,150,60,Diabetic,0,0,0,0,5,7.1
17435,S,Andaman And Nicobar,Port Blair,40,Male,86,151,55,Diabetic,1,0,1,2,1,5.7
17436,NE,Arunachal Pradesh,Papum Pare,51,Male,103,189,70,Diabetic,0,0,6,0,2,5.6
17438,S,Pondicherry,Pondicherry,46,Male,96,162,62,Diabetic,0,0,2,0,1,5.4
17439,W,Gujarat,Navsari,60,Male,111,152,72,Diabetic,0,0,0,0,1,6.6
17445,S,Tamil Nadu,Salem,61,Male,98,168,66,Diabetic,1,0,6,2,1,5.7
17448,S,Tamil Nadu,Salem,37,Male,101,172,75,Diabetic,1,0,1,0,5,5.1
17451,S,Tamil Nadu,Salem,49,Male,105,173,85,Diabetic,0,0,0,0,3,5.9
17452,S,Tamil Nadu,Salem,35,Female,102,167,79,Diabetic,1,1,0,0,5,6.1
17453,S,Tamil Nadu,Salem,60,Female,105,147,60,Diabetic,0,0,0,1,1,13.6
17458,S,Tamil Nadu,Salem,66,Female,98,155,54,Diabetic,0,0,1,0,2,8.7
17463,S,Tamil Nadu,Salem,67,Female,96,154,55,Diabetic,0,0,0,0,2,6.6
17465,E,Jharkhand,Ranchi,35,Female,86,157,60,Diabetic,0,0,1,1,1,4.6
17466,E,Jharkhand,Ranchi,57,Male,100,174,79,Diabetic,1,0,4,6,4,10.7
17468,W,Maharashtra,Ahmednagar,58,Female,95,145,66,Diabetic,1,0,2,2,1,7.8
17469,S,Karnataka,Bangalore,57,Male,108,160,74,Diabetic,1,0,5,0,1,6.6
17470,W,Rajasthan,Ajmer,57,Female,99,144,58,Diabetic,0,1,0,0,2,5.1
17471,W,Maharashtra,Ahmednagar,49,Male,95,158,95,Diabetic,1,0,6,0,1,10.7
17472,S,Karnataka,Bangalore,56,Male,84,131,84,Diabetic,0,1,2,1,2,4.4
17475,S,Andhra Pradesh,Visakhapatnam,60,Female,112,151,76,Diabetic,0,0,5,5,3,9.6
17476,E,Orissa,Balasore,42,Female,89,153,50,Diabetic,1,0,2,4,3,6.1
17477,E,Orissa,Balasore,57,Male,80,156,56,Diabetic,1,0,2,2,2,5.3
17478,S,Andhra Pradesh,Anantapur,30,Female,85,155,75,Diabetic,0,0,1,1,1,5.4
17480,E,Orissa,Balasore,43,Male,89,165,70,Diabetic,0,0,2,2,1,6.1
17483,W,Rajasthan,Ajmer,49,Male,98,159,72,Diabetic,1,1,1,0,1,11.5
17484,W,Rajasthan,Ajmer,44,Female,110,161,74,Diabetic,1,0,0,0,3,5.1
17485,W,Maharashtra,Ahmednagar,53,Female,92,150,61,Diabetic,0,0,1,1,3,5.8
17488,S,Andhra Pradesh,Visakhapatnam,68,Male,82,166,57,Diabetic,1,0,5,5,3,4.8
17489,E,Orissa,Balasore,56,Male,82,162,69,Diabetic,0,1,3,2,2,5.4
17492,S,Tamil Nadu,Madurai,43,Male,84,169,66,Diabetic,0,1,0,0,2,10.8
17493,E,Orissa,Balasore,45,Female,82,152,60,Diabetic,0,1,3,1,2,11
17494,E,Orissa,Balasore,60,Female,82,146,69,Diabetic,0,1,3,2,1,9.8
17497,C,Madhya Pradesh,Gwalior,60,Female,96,153,75,Diabetic,0,0,6,0,1,5.1
17499,W,Rajasthan,Chittorgarh,62,Male,111,164,80,Diabetic,0,0,0,0,2,8.7
17502,C,Madhya Pradesh,Gwalior,53,Male,104,175,85,Diabetic,0,0,0,6,1,8.4
17506,E,Jharkhand,Hazaribag,48,Male,115,165,86,Diabetic,1,0,6,6,2,4.4
17510,N,Uttarakhand,Dehradun,54,Male,91,178,73,Diabetic,0,0,0,0,3,5.4
17512,C,Madhya Pradesh,Bhopal,56,Female,92,152,65,Diabetic,0,0,6,6,2,5.4
17516,C,Madhya Pradesh,Bhopal,68,Male,89,167,64,Diabetic,0,0,6,0,1,6
17517,C,Madhya Pradesh,Bhopal,62,Male,95,172,75,Diabetic,0,1,6,0,1,10.1
17518,C,Madhya Pradesh,Bhopal,55,Male,92,169,63,Diabetic,0,0,6,0,2,12.9
17519,C,Madhya Pradesh,Bhopal,73,Male,90,165,70,Diabetic,0,1,6,6,1,5.9
17520,C,Madhya Pradesh,Bhopal,69,Male,98,164,63,Diabetic,0,0,0,6,1,8.5
17521,C,Madhya Pradesh,Bhopal,48,Male,98,162,62,Diabetic,0,0,1,3,1,5.5
17524,C,Madhya Pradesh,Bhopal,68,Male,95,170,74,Diabetic,0,0,0,0,1,6
17525,NW,Jammu And Kashmir,Jammu,69,Male,98,165,78,Diabetic,0,1,0,0,2,4.6
17528,NE,Manipur,Imphal West,46,Female,100,160,75,Diabetic,0,1,0,0,1,5.5
17529,NE,Manipur,Imphal West,62,Male,90,163,66,Diabetic,0,0,4,1,3,6.6
17530,N,Chandigarh,Chandigarh,61,Female,89,146,56,Diabetic,1,1,0,0,3,7.2
17531,N,Chandigarh,Chandigarh,52,Female,111,152,66,Diabetic,0,1,0,0,2,8.2
17532,S,Tamil Nadu,Madurai,46,Male,90,162,70,Diabetic,0,0,0,1,2,7.3
17533,W,Rajasthan,Nagaur,63,Male,102,172,77,Diabetic,0,0,0,0,3,6.6
17534,NE,Assam,Kamrup,48,Male,98,162,73,Diabetic,0,0,1,0,1,7.9
17535,NE,Assam,Kamrup,55,Male,82,156,65,Diabetic,0,0,1,0,1,6.2
17536,S,Tamil Nadu,Madurai,60,Female,83,142,53,Diabetic,0,0,4,4,3,6
17537,S,Tamil Nadu,Madurai,62,Male,83,163,51,Diabetic,0,0,0,0,1,5.1
17538,S,Tamil Nadu,Kanchipuram,55,Male,74,170,73,Diabetic,0,0,0,0,3,11
17539,NW,Jammu And Kashmir,Kulgam,60,Female,85,140,70,Diabetic,0,0,0,0,1,8.7
17542,NW,Jammu And Kashmir,Kathua,46,Female,117,155,76,Diabetic,0,0,1,3,4,5.7
17544,W,Maharashtra,Nagpur,60,Male,98,150,70,Diabetic,1,0,0,0,1,5.9
17545,NW,Jammu And Kashmir,Kulgam,46,Male,105,155,62,Diabetic,0,0,2,2,3,8.6
17546,NW,Jammu And Kashmir,Kulgam,58,Female,86,150,61,Diabetic,0,0,1,1,1,9
17547,NW,Jammu And Kashmir,Kathua,51,Male,96,170,75,Diabetic,0,0,2,2,1,6.1
17549,N,Delhi,West Delhi,40,Female,96,163,79,Diabetic,0,0,3,3,2,6
17551,C,Madhya Pradesh,Ujjain,62,Female,104,153,72,Diabetic,0,1,0,0,2,5.6
17552,W,Maharashtra,Thane,70,Male,100,160,75,Diabetic,1,0,0,0,1,5.9
17556,W,Gujarat,Navsari,46,Male,108,156,84,Diabetic,0,0,6,1,2,8.5
17557,W,Gujarat,Navsari,56,Male,120,157,90,Diabetic,1,1,2,1,5,9.4
17558,S,Pondicherry,Pondicherry,55,Female,95,153,62,Diabetic,0,0,6,3,1,6
17559,S,Pondicherry,Pondicherry,47,Male,107,167,84,Diabetic,1,1,0,0,3,9.1
17560,W,Gujarat,Navsari,46,Female,86,152,60,Diabetic,0,1,6,0,2,12
17562,S,Andaman And Nicobar,Port Blair,56,Male,90,161,56,Diabetic,0,0,1,1,1,11.5
17564,W,Gujarat,Navsari,58,Male,87,162,59,Diabetic,0,0,6,6,6,7.8
17566,W,Gujarat,Navsari,50,Female,91,166,67,Diabetic,0,0,6,0,2,5.6
17567,W,Gujarat,Navsari,61,Male,96,163,65,Diabetic,0,0,1,1,2,8.3
17568,W,Gujarat,Navsari,64,Female,89,151,56,Diabetic,0,0,0,0,1,10.4
17569,W,Gujarat,Navsari,70,Male,99,159,67,Diabetic,1,0,0,0,2,11.8
17570,W,Maharashtra,Nagpur,60,Male,90,175,80,Diabetic,0,0,3,3,1,6.1
17571,W,Gujarat,Navsari,39,Male,88,164,62,Diabetic,0,1,0,0,2,6.2
17572,S,Andaman And Nicobar,Port Blair,40,Female,86,158,53,Diabetic,0,0,0,1,4,5.3
17574,W,Gujarat,Navsari,60,Male,94,172,66,Diabetic,0,0,0,0,1,9.4
17575,W,Gujarat,Navsari,67,Male,99,153,64,Diabetic,0,0,0,0,1,6.8
17576,NE,Arunachal Pradesh,Papum Pare,50,Male,95,166,69,Diabetic,1,0,6,0,2,6
17577,S,Andaman And Nicobar,Port Blair,50,Female,105,149,55,Diabetic,0,0,1,2,1,5.2
17578,NE,Arunachal Pradesh,Papum Pare,30,Female,90,148,55,Diabetic,0,0,4,3,3,4.3
17579,S,Andaman And Nicobar,Port Blair,55,Female,98,148,68,Diabetic,1,1,0,0,2,9
17580,S,Andaman And Nicobar,Port Blair,58,Female,100,144,70,Diabetic,1,1,0,0,1,7.9
17582,S,Pondicherry,Pondicherry,56,Male,107,165,85,Diabetic,0,1,6,6,2,5.8
17583,S,Andaman And Nicobar,Pondicherry,50,Male,92,171,74,Diabetic,1,1,0,0,1,8.1
17584,S,Pondicherry,Pondicherry,62,Female,95,153,62,Diabetic,0,0,6,3,1,11.1
17585,NE,Arunachal Pradesh,Papum Pare,53,Male,100,154,64,Diabetic,0,0,1,0,1,6.5
17586,S,Andaman And Nicobar,Port Blair,54,Female,104,148,67,Diabetic,0,1,0,0,1,5.9
17590,E,Jharkhand,Ranchi,59,Male,92,161,68,Diabetic,0,0,0,0,3,11.8
17592,S,Tamil Nadu,Salem,52,Male,108,168,85,Diabetic,1,0,1,1,1,7.6
17593,S,Tamil Nadu,Salem,69,Male,105,153,74,Diabetic,0,0,0,0,1,5.6
17594,S,Tamil Nadu,Salem,51,Male,91,159,62,Diabetic,0,1,0,0,1,5.2
17596,S,Tamil Nadu,Salem,65,Female,90,148,74,Diabetic,0,0,1,0,1,5.8
17597,S,Tamil Nadu,Salem,42,Female,100,150,59,Diabetic,1,0,1,5,1,5.2
17601,S,Tamil Nadu,Salem,66,Male,109,165,78,Diabetic,0,0,0,0,1,5.6
17603,S,Tamil Nadu,Salem,65,Female,83,162,48,Diabetic,0,0,0,0,2,4.7
17604,S,Tamil Nadu,Salem,58,Female,96,158,75,Diabetic,0,0,6,6,6,5.7
17605,S,Tamil Nadu,Salem,43,Female,84,150,53,Diabetic,0,0,0,0,4,5.7
17607,S,Tamil Nadu,Salem,52,Male,105,168,74,Diabetic,1,0,0,2,2,6.6
17609,S,Tamil Nadu,Salem,47,Male,94,169,71,Diabetic,0,0,1,0,4,5.1
17610,S,Tamil Nadu,Salem,68,Male,95,162,74,Diabetic,0,0,0,4,6,6.6
17611,C,Madhya Pradesh,Raisen,49,Male,85,168,64,Diabetic,0,0,5,5,5,5.1
17613,C,Chhattisgarh,Raipur,56,Male,98,160,63,Diabetic,0,0,0,0,4,5.1
17616,C,Madhya Pradesh,Raisen,52,Female,94,158,62,Diabetic,0,0,0,0,1,10.4
17619,E,Jharkhand,Ranchi,40,Male,92,152,56,Diabetic,0,1,5,4,3,5.8
17620,E,Orissa,Balasore,44,Female,75,161,69,Diabetic,1,0,1,2,1,8.2
17622,E,Orissa,Balasore,48,Male,87,152,60,Diabetic,0,1,2,2,1,6.5
17625,S,Tamil Nadu,Madurai,63,Female,83,144,46,Diabetic,1,1,5,5,2,9.1
17627,W,Maharashtra,Ahmednagar,69,Female,84,141,49,Diabetic,1,1,1,0,3,6.2
17629,W,Maharashtra,Ahmednagar,66,Female,102,151,58,Diabetic,1,0,0,0,2,8.3
17630,S,Andhra Pradesh,Anantapur,45,Male,85,155,75,Diabetic,0,0,2,1,1,5.4
17631,E,Orissa,Balasore,70,Male,85,156,53,Diabetic,1,0,1,1,2,5.2
17632,W,Rajasthan,Ajmer,69,Male,100,174,76,Diabetic,0,0,0,0,4,7.1
17634,C,Madhya Pradesh,Bhopal,40,Male,98,168,77,Diabetic,0,0,6,4,2,7.4
17635,C,Madhya Pradesh,Bhopal,66,Male,107,161,87,Diabetic,0,0,0,0,1,7
17636,C,Madhya Pradesh,Bhopal,52,Male,105,155,69,Diabetic,0,0,3,6,1,10
17638,C,Madhya Pradesh,Gwalior,55,Male,100,181,90,Diabetic,0,1,0,0,4,5.8
17641,S,Tamil Nadu,Madurai,49,Female,97,155,65,Diabetic,1,1,1,1,1,7.1
17643,NE,Assam,Kamrup,40,Female,104,148,88,Diabetic,0,0,0,0,2,5.5
17646,NW,Jammu And Kashmir,Kulgam,65,Female,105,160,72,Diabetic,0,0,0,0,1,6.8
17647,S,Tamil Nadu,Kanchipuram,49,Female,94,145,69,Diabetic,0,1,0,0,1,8.8
17649,S,Tamil Nadu,Kanchipuram,52,Male,101,159,75,Diabetic,0,1,0,0,2,8.8
17651,NW,Jammu And Kashmir,Kathua,62,Female,88,168,78,Diabetic,1,0,0,0,2,5.7
17654,S,Andhra Pradesh,Visakhapatnam,37,Male,82,153,78,Diabetic,1,1,0,0,4,4.8
17658,S,Pondicherry,Pondicherry,36,Female,97,163,85,Diabetic,0,1,1,0,2,7.6
17659,W,Gujarat,Navsari,63,Female,99,152,66,Diabetic,0,0,2,0,4,7.2
17661,S,Andaman And Nicobar,Port Blair,60,Female,120,151,71,Diabetic,0,0,1,1,1,8
17665,S,Tamil Nadu,Salem,49,Female,82,150,55,Diabetic,1,1,0,0,1,12.7
17666,S,Tamil Nadu,Salem,58,Female,92,165,73,Diabetic,0,0,0,0,1,9
17669,E,Jharkhand,Ranchi,38,Female,91,154,60,Diabetic,1,0,1,1,2,6.8
17672,S,Karnataka,Bangalore,56,Male,77,167,54,Diabetic,0,0,4,6,5,13.7
17674,E,Orissa,Balasore,72,Male,80,161,60,Diabetic,1,0,1,2,1,6.9
17680,W,Maharashtra,Ahmednagar,68,Male,96,170,71,Diabetic,0,1,1,6,2,8.1
17682,W,Maharashtra,Ahmednagar,33,Male,82,161,61,Diabetic,1,1,1,1,1,12.7
17684,C,Madhya Pradesh,Gwalior,36,Female,79,156,56,Diabetic,0,1,0,0,1,8.4
17686,NW,Jammu And Kashmir,Jammu,60,Female,90,168,50,Diabetic,1,1,1,1,1,7.1
17687,E,West Bengal,Bardhaman,36,Male,95,168,77,Diabetic,0,1,4,4,2,10.2
17688,E,West Bengal,Bankura,41,Male,79,159,52,Diabetic,1,1,1,0,2,9.4
17690,S,Tamil Nadu,Madurai,49,Male,83,166,63,Diabetic,1,0,5,1,3,7.3
17691,S,Tamil Nadu,Madurai,57,Male,92,165,64,Diabetic,1,1,6,6,2,7.2
17693,W,Gujarat,Navsari,67,Female,101,148,79,Diabetic,0,1,0,0,1,9.3
17694,S,Andaman And Nicobar,Port Blair,45,Male,80,157,55,Diabetic,0,0,0,0,1,6.6
17697,S,Tamil Nadu,Salem,52,Male,105,176,86,Diabetic,0,1,6,0,1,9.4
17698,S,Tamil Nadu,Salem,58,Female,83,139,45,Diabetic,0,0,0,0,4,6.1
17702,C,Madhya Pradesh,Raisen,47,Female,82,153,45,Diabetic,0,0,0,0,3,5.5
17703,S,Andhra Pradesh,Visakhapatnam,65,Male,85,160,66,Diabetic,1,0,5,5,2,6.8
17705,W,Maharashtra,Ahmednagar,66,Male,104,154,77,Diabetic,0,0,6,6,1,7.7
17707,S,Andhra Pradesh,Anantapur,40,Male,85,155,75,Diabetic,0,0,1,1,1,4.1
17713,E,Orissa,Balasore,54,Male,82,162,60,Diabetic,1,0,3,2,2,5.4
17714,NE,Manipur,Imphal West,63,Female,99,158,71,Diabetic,0,1,2,3,2,5.6
17715,C,Madhya Pradesh,Bhopal,60,Female,113,158,75,Diabetic,0,0,0,0,4,6.3
17716,S,Karnataka,Bangalore,39,Male,104,185,85,Diabetic,0,0,6,0,5,9.4
17718,S,Tamil Nadu,Madurai,64,Male,89,158,55,Diabetic,0,0,0,4,1,6.8
17719,NW,Jammu And Kashmir,Kathua,60,Female,66,159,41,Diabetic,0,0,1,0,2,5.6
17720,S,Tamil Nadu,Madurai,51,Female,83,154,57,Diabetic,1,0,0,0,3,5.5
17722,S,Andaman And Nicobar,Port Blair,50,Female,111,161,82,Diabetic,0,0,0,0,1,5.7
17723,W,Gujarat,Navsari,46,Female,95,145,63,Diabetic,0,1,5,0,3,9.6
17724,W,Gujarat,Navsari,42,Male,101,163,77,Diabetic,0,1,2,1,2,8.3
17725,S,Andaman And Nicobar,Port Blair,50,Female,95,141,55,Diabetic,0,0,1,1,4,5.9
17726,S,Andaman And Nicobar,Port Blair,33,Female,126,156,95,Diabetic,1,1,0,0,1,7.3
17727,S,Tamil Nadu,Salem,40,Female,102,153,71,Diabetic,1,0,0,0,3,5.5
17729,S,Tamil Nadu,Salem,49,Male,117,168,94,Diabetic,1,1,0,6,1,8.4
17730,S,Tamil Nadu,Salem,57,Male,76,165,54,Diabetic,1,0,0,0,1,5.7
17731,S,Tamil Nadu,Salem,60,Male,114,161,85,Diabetic,0,0,1,1,2,11.1
17734,S,Karnataka,Bangalore,58,Male,82,162,60,Diabetic,0,0,0,0,3,8.3
17735,E,Orissa,Balasore,34,Male,90,170,65,Diabetic,0,0,2,1,3,12.5
17736,S,Andhra Pradesh,Visakhapatnam,45,Female,104,151,70,Diabetic,1,1,0,0,4,6.6
17740,S,Tamil Nadu,Madurai,61,Male,79,155,52,Diabetic,0,0,0,1,2,6.8
17741,NE,Manipur,Imphal West,57,Male,81,161,57,Diabetic,0,0,2,1,1,8
17742,NE,Manipur,Imphal West,65,Female,80,153,51,Diabetic,0,0,1,2,1,7.7
17743,C,Madhya Pradesh,Bhopal,50,Female,96,144,55,Diabetic,0,0,0,0,4,6.6
17744,E,Orissa,Bargarh,54,Male,93,168,74,Diabetic,0,0,0,2,5,8
17746,C,Madhya Pradesh,Bhopal,36,Female,84,160,52,Diabetic,0,0,0,0,2,5.4
17747,S,Karnataka,Bangalore,43,Female,99,154,67,Diabetic,0,1,5,0,4,5.4
17748,E,Jharkhand,Hazaribag,40,Female,92,175,65,Diabetic,0,0,0,0,1,5.1
17750,S,Tamil Nadu,Kanchipuram,68,Male,100,161,63,Diabetic,0,0,0,0,1,5.7
17751,S,Pondicherry,Pondicherry,52,Male,104,170,82,Diabetic,0,0,6,6,6,8.3
17752,S,Pondicherry,Pondicherry,59,Female,107,149,63,Diabetic,0,0,6,5,2,7.5
17753,S,Andaman And Nicobar,Port Blair,48,Female,115,162,74,Diabetic,0,0,0,0,1,5.4
17755,S,Pondicherry,Pondicherry,50,Male,68,165,50,Diabetic,0,0,0,0,3,7.2
17756,S,Pondicherry,Pondicherry,49,Male,105,162,74,Diabetic,0,0,6,0,3,5.3
17757,S,Tamil Nadu,Salem,79,Male,60,168,60,Diabetic,0,0,0,0,1,5.2
17759,C,Madhya Pradesh,Raisen,55,Female,93,157,52,Diabetic,0,1,2,0,4,5.8
17760,S,Tamil Nadu,Salem,48,Female,88,150,65,Diabetic,1,0,0,0,1,8.9
17766,W,Maharashtra,Ahmednagar,44,Male,100,167,82,Diabetic,0,1,4,6,3,5.7
17769,S,Karnataka,Bangalore,60,Male,92,157,60,Diabetic,0,1,6,0,1,7.4
17770,E,Orissa,Balasore,63,Female,81,160,65,Diabetic,1,0,2,3,1,8
17771,S,Karnataka,Bangalore,45,Male,73,176,51,Diabetic,0,0,4,4,4,5.7
17772,C,Madhya Pradesh,Bhopal,54,Male,107,156,89,Diabetic,0,1,0,0,1,8.3
17778,S,Tamil Nadu,Madurai,34,Female,81,159,81,Diabetic,0,1,1,0,3,8.3
17780,S,Andhra Pradesh,Visakhapatnam,58,Male,82,170,75,Diabetic,0,0,4,2,1,7.2
17781,S,Andaman And Nicobar,Port Blair,32,Female,102,144,53,Diabetic,0,0,0,0,1,6.8
17783,S,Andaman And Nicobar,Port Blair,60,Female,103,177,70,Diabetic,0,0,2,0,4,8.9
17784,S,Andaman And Nicobar,Port Blair,37,Male,100,152,70,Diabetic,1,0,1,1,1,7.1
17788,S,Tamil Nadu,Salem,56,Male,93,178,75,Diabetic,1,0,0,0,6,10
17790,E,Orissa,Balasore,54,Female,81,160,65,Diabetic,1,0,3,0,1,5.9
17792,E,Orissa,Balasore,43,Male,87,160,62,Diabetic,0,0,4,3,1,6
17801,NE,Manipur,Imphal West,53,Female,82,155,51,Diabetic,0,0,5,1,1,5.4
17804,NE,Manipur,Imphal West,66,Male,86,171,70,Diabetic,0,0,0,1,4,7.8
17805,S,Tamil Nadu,Madurai,49,Male,102,158,78,Diabetic,0,0,6,6,6,8.2
17806,S,Pondicherry,Pondicherry,60,Male,100,159,75,Diabetic,0,0,0,0,3,9.6
17807,S,Pondicherry,Pondicherry,49,Male,95,177,83,Diabetic,1,0,6,3,1,12.1
17808,W,Gujarat,Navsari,54,Male,99,167,70,Diabetic,0,0,0,0,2,7.7
17809,S,Tamil Nadu,Salem,69,Male,98,167,72,Diabetic,0,0,0,0,1,6.6
17810,S,Tamil Nadu,Salem,60,Male,92,168,63,Diabetic,0,0,0,0,1,6.2
17811,S,Tamil Nadu,Salem,45,Female,66,149,55,Diabetic,0,0,0,0,5,10.9
17812,S,Tamil Nadu,Salem,66,Male,92,163,68,Diabetic,0,0,0,0,2,7.6
17816,S,Tamil Nadu,Salem,36,Male,94,166,70,Diabetic,1,0,0,0,4,8.6
17817,E,Orissa,Balasore,33,Male,92,145,50,Diabetic,0,1,3,2,4,4.9
17821,NE,Manipur,Imphal West,55,Female,89,149,56,Diabetic,1,0,6,0,4,13.3
17822,NE,Manipur,Imphal West,43,Male,82,167,61,Diabetic,1,1,4,2,4,13.6
17824,S,Tamil Nadu,Salem,42,Male,77,161,55,Diabetic,0,1,3,3,3,6.4
17826,NE,Manipur,Imphal West,58,Female,95,149,54,Diabetic,0,0,6,6,5,9.3
17827,NE,Manipur,Imphal West,55,Female,96,155,67,Diabetic,0,0,5,1,1,7.4
17831,NE,Manipur,Imphal West,43,Male,100,168,68,Diabetic,0,0,2,2,3,7.9
17833,NW,Jammu And Kashmir,Jammu,62,Male,107,168,71,Diabetic,1,0,1,1,1,8.2
17834,NE,Manipur,Imphal West,64,Male,80,165,61,Diabetic,0,0,6,0,3,8.5
17837,N,Chandigarh,Chandigarh,52,Female,82,159,54,Diabetic,0,1,0,0,4,6.6
17840,S,Tamil Nadu,Salem,54,Male,86,162,56,Diabetic,0,0,1,1,1,10.1
17841,C,Madhya Pradesh,Bhopal,58,Male,88,158,59,Diabetic,0,0,0,0,1,4.6
17843,S,Tamil Nadu,Madurai,57,Female,95,148,65,Diabetic,0,1,3,0,2,6.1
17844,S,Tamil Nadu,Salem,40,Female,96,165,86,Diabetic,0,0,0,0,1,5.7
17845,NE,Manipur,Imphal West,54,Female,97,160,74,Diabetic,0,1,6,6,1,7.6
17847,S,Tamil Nadu,Madurai,58,Female,93,155,65,Diabetic,0,0,0,0,3,6.1
17848,NE,Manipur,Imphal West,40,Female,89,150,60,Diabetic,1,1,0,0,1,7.1
17849,NE,Manipur,Imphal West,53,Female,94,150,61,Diabetic,0,1,0,2,1,6.5
17850,NE,Manipur,Imphal West,56,Male,84,166,58,Diabetic,0,0,2,4,4,6.7
17851,NE,Manipur,Imphal West,56,Male,94,166,67,Diabetic,0,0,0,0,1,8
17853,NE,Manipur,Imphal West,47,Female,90,160,61,Diabetic,0,1,0,1,3,10.1
17854,NE,Manipur,Imphal West,57,Female,94,150,57,Diabetic,0,0,2,0,1,5.6
17855,NE,Manipur,Imphal West,47,Female,97,144,67,Diabetic,1,1,0,3,2,7.3
17857,NE,Manipur,Imphal West,60,Female,88,146,49,Diabetic,0,0,6,0,2,8.9
17859,NE,Manipur,Imphal West,56,Female,115,144,71,Diabetic,0,0,0,0,1,7.9
17860,NE,Manipur,Imphal West,48,Female,79,145,53,Diabetic,0,0,3,0,2,5.4
17861,NE,Manipur,Imphal West,70,Female,105,152,63,Diabetic,0,0,0,0,1,8.4
17862,NE,Manipur,Imphal West,45,Male,98,164,65,Diabetic,0,0,0,1,1,7.5
17863,NE,Manipur,Imphal West,52,Male,96,168,73,Diabetic,0,1,6,5,6,8.6
17864,NE,Manipur,Imphal West,64,Male,93,159,70,Diabetic,0,0,5,0,2,5.5
17865,NE,Manipur,Imphal West,66,Female,97,153,60,Diabetic,0,0,6,0,2,8.2
17866,NE,Manipur,Imphal West,55,Female,102,160,68,Diabetic,1,1,3,1,2,7.2
17867,NE,Manipur,Imphal West,42,Female,94,149,58,Diabetic,0,1,0,0,1,14.8
17868,NE,Manipur,Imphal West,42,Male,89,167,67,Diabetic,1,0,0,2,6,13.6
17869,NE,Manipur,Imphal West,54,Male,92,156,66,Diabetic,1,1,3,1,2,7
17871,S,Andhra Pradesh,Visakhapatnam,39,Male,82,150,79,Diabetic,1,1,0,0,4,7.2
17872,NE,Manipur,Imphal West,48,Female,91,147,57,Diabetic,0,0,2,1,2,6.9
